player,team,team_conf,fip_num,rating_adjustment,conf_diff,adj_fip_num,IP,FIP,adj_FIP
"Canady, NiJaree",Stanford,Stanford,-356,40.64084665063093,-0.3246877894348227,-396.96553444006577,208.1,0.9506086249298171,0.7537535819693857
"Curd, Cassidy",Duke,Duke,-107,24.95114817850088,-0.5725915467684243,-132.5237397252693,123.89999999999999,1.7977249496929706,1.591722207761822
"Pickens, Karlyn",Tennessee,Tennessee,-169,24.309874647292247,-1.3197044161091127,-194.62957906340137,185.3,1.7492900882658935,1.6109761159863394
"Shroyer, Brooklyn",FDU,FDU,-205,-25.42670953149733,0.4090263651964135,-179.16426410330627,190.5,1.5852091412876654,1.7208298021626982
"Berzon, Sydney",LSU,LSU,-125,52.67290038412506,-1.3193367120047346,-178.9922370961298,199.1,2.0334994133913975,1.762317911150665
"Johnson, Maya",Belmont,Belmont,-145,-17.18534030987671,0.4379530026047067,-127.37670668751859,145,1.66132462685197,1.782864580731152
"Wright, Jala",Duke,Duke,-104,31.23087289500996,-0.3768237579423781,-135.60769665295234,155.9,1.9942303356396542,1.7914869318362396
"Courtney, Autumn",Queens (NC),Queens (NC),-206,-21.79379628487128,-0.7412114153019826,-184.9474151304307,217.3,1.7133264676250946,1.8102090487091687
"Groff, Maddia",Southern Ill.,Southern Ill.,-201,-21.829475735896533,0.5356414007313305,-178.63488286337216,216,1.7307690712964143,1.834311280262284
"Kilfoyl, Lexi",Oklahoma St.,Oklahoma St.,-87,53.43526851927462,0.11652297421497448,-140.31874554505964,178.6,2.1742025663816453,1.875665357282767
"Ricard, Kasey",Boston U.,Boston U.,-193,-20.85815545475539,-0.04207161216859699,-172.18391615741322,224.7,1.8024016183962512,1.8950410658487957
"Hall, Jensin",Dartmouth,Dartmouth,-83,-3.8424317453433137,0.8172680537544941,-78.34030020090219,103.2,1.857061060960497,1.9022131907967161
"Bajusz, Rissa",Western Mich.,Western Mich.,-137,-4.716826509720184,0.8748353902032489,-131.40833810007655,177.6,1.8899282304555736,1.921412813225413
"Rainey, Haley",Cal St. Fullerton,Cal St. Fullerton,-130,0.8804422812623974,0.47923263868333993,-130.40120964257906,181.7,1.9458595745679852,1.943651486276411
"Gottshall, Payton",Tennessee,Tennessee,-80,17.24743886625617,-1.4500548619708646,-98.69749372822704,147.7,2.1196861705215704,1.9930951500190175
"Mullins, Jessica",Texas St.,Texas St.,-116,43.68707887122691,0.40820562311126035,-159.27887324811564,241.3,2.1805952443405734,2.001238123544404
"Benefiel, Jordan",Austin Peay,Austin Peay,-95,-4.674432456994756,-0.22797447971685075,-90.5535420227221,140.9,1.987087579300515,2.0186451234969516
"Weyh, Amanda",Lindenwood,Lindenwood,-104,-2.5230005875565458,-0.8320291627402732,-102.30902857518372,163.3,2.02445996059355,2.0348149601331476
"Vesco, Grace",Saint Francis (PA),Saint Francis (PA),-142,-24.821165873995646,0.7602131289469987,-116.41862099705735,186,1.8978837666369162,2.0354180623516616
"Apsel, Julia",Hofstra,Hofstra,-127,-9.331538657918829,0.23473993652627145,-117.4337214055549,199.8,2.0256889912163345,2.073568263460804
"Chambers, Staci",Cal St. Fullerton,Cal St. Fullerton,-83,3.312035937991292,0.41218760749842903,-85.89984833049287,146.4,2.0943847361415875,2.0745770289660896
"Price, Emily",Western Ill.,Western Ill.,-105,-27.65492578614779,-0.8980363220159672,-78.24311053586818,148.7,1.9552049227497506,2.1351436548555465
"Leinstock, Morgan",Arkansas,Arkansas,-49,19.300553553750397,-1.6398731368744832,-69.94042669062489,135.3,2.299166459815754,2.144396122117122
"Benning, Allison",North Florida,North Florida,-95,-7.968769713733224,-0.3818144474983878,-87.41304473376516,170.4,2.103812889762768,2.148337275127996
"Caviness, Erin",Northern Colo.,Northern Colo.,-91,-13.635645659574989,0.1595710488520367,-77.20478329157298,164.4,2.1077966463166904,2.191709156708582
"Oslanzi, McKenzie",Eastern Ill.,Eastern Ill.,-111,-32.15548379520138,-0.768696998351665,-79.6132132031503,172.1,2.016350774440581,2.1987260608836356
"Francia, Loreley",St. John's (NY),St. John's (NY),-82,-19.475746591808353,-0.27593400455079686,-62.800187412742446,140.8,2.0789382632156066,2.2153005685228333
"Meyer, Kamryn",Omaha,Omaha,-96,-7.151298945826843,0.17461545904122006,-88.67408559513194,210,2.2041817697091126,2.239067076398961
"Nemeth, Bridget",Penn St.,Penn St.,-65,24.298960456881886,-0.12791521419856092,-89.42687567108045,212.8,2.355873499032421,2.241085549450276
"Winstead, Emily",UNCW,UNCW,-73,-14.924892942921682,0.4925710884440539,-57.58253596863427,138.8,2.1353880274283386,2.246464857625498
"Penta, Maddie",Auburn,Auburn,-18,57.83821868285218,-1.3053623030292822,-77.14358098588147,200,2.57132462685197,2.2756067219225624
"Marsden, Rachel",Saint Francis (PA),Saint Francis (PA),-87,-26.28595209196535,0.7174016749717661,-59.99664623306288,162.5,2.1259400114673546,2.2921144961869677
"Howell, Sophie",Youngstown St.,Youngstown St.,-103,-32.12173973275101,0.4938065585659893,-70.384453708683,191.6,2.123746338751761,2.2939736158463173
"Herron, Robyn",Arkansas,Arkansas,-30,11.85889475887104,-1.5927673096554653,-43.4516620685265,120.2,2.411740600229674,2.2998299341021653
"White, Ryley",UMass Lowell,UMass Lowell,-62,-5.20531233391948,0.4699274725798881,-56.32476019350063,157.1,2.266671539646368,2.3027965543280957
"Pettit, Anslie",Ga. Southern,Ga. Southern,-32,8.814240993343514,-0.16282741046027396,-40.97706840380379,120.2,2.395101665121521,2.3204172358053494
"Cellura, Cece",San Diego St.,San Diego St.,-8,25.679231380461605,0.1576185669977944,-33.521612813463804,108.2,2.5873874734323765,2.35151304816931
"Kemp, Izzy",Dayton,Dayton,-34,1.812477313176952,0.34926216336215865,-35.46321514981479,116.6,2.3697294295963953,2.3571804145894073
"Holzopfel, Melissa",Cleveland St.,Cleveland St.,-48,-13.004630135820467,0.2830988270187289,-34.71227103716081,115.2,2.2446579601853034,2.3600028296543933
"Spencer, Regan",Clemson,Clemson,-2,30.77580111849472,-0.4268514430706049,-33.20265256156532,113.2,2.6436567823290016,2.3680149752480357
"Wapp, Avery",Lindenwood,Lindenwood,-42,-6.23083859656836,-0.8452053911114945,-36.61436679454313,130.9,2.340469011878708,2.3816121226919766
"Lackie, Olivia",South Alabama,South Alabama,-45,25.052839792621374,0.28419980412123813,-69.76863998850013,250.2,2.481468511744056,2.382473148080986
"Bigham, Eden",Virginia,Virginia,4,42.17343724997936,-0.32003117145303384,-38.49346842143239,146.7,2.688591157185985,2.398928795758361
"Newman, Josie",Southern Ind.,Southern Ind.,-66,-12.984299007864125,-0.625361387711807,-53.64106237984768,229.3,2.3734920930534527,2.4273906435120325
"Beaver, Kayla",Alabama,Alabama,-2,39.11802570375048,-1.27124177844653,-42.38926748219701,186.5,2.6506007662621576,2.434036329360297
"Mitchell, Karyana",Lamar University,Lamar University,-29,-5.137468177448996,-1.062580374087641,-24.925112196638647,112.5,2.4035468490741922,2.4397680739929597
"Bertuccio, Marissa",Sacramento St.,Sacramento St.,-23,8.699811458073352,0.32040842944873155,-31.37940302862462,142.1,2.499466780265059,2.440498426791276
"Kniesche, Tori",South Dakota St.,South Dakota St.,-34,-3.370528802164602,0.17553714407668722,-30.453934053758708,153.5,2.439826255516465,2.462927662332369
"Wilken, Alivia",North Ala.,North Ala.,-53,-16.659532717757738,-0.3123794230372871,-36.65284670527954,185.6,2.3757642820243836,2.463841616586455
"Rutan, Maddi",Eastern Ky.,Eastern Ky.,-52,-16.556718997334468,-0.4671525614948959,-35.91043356416043,186.1,2.381904960006188,2.4683615233368683
"Tinsley, Taylor",UCLA,UCLA,26,49.95026106479816,-0.18033811194401467,-24.130599176742177,138.4,2.8491858985282703,2.48697058655759
"Blanchard, Cera",Southeastern La.,Southeastern La.,-29,-4.266928157594502,-0.5840610446360347,-25.31713288704153,148.5,2.4660384315657744,2.490838883504889
"Lemley, Emma",Virginia Tech,Virginia Tech,-9,6.487704975468936,-0.32571866406084526,-15.813423639529782,125,2.58932462685197,2.534817237735732
"Aholelei, Primrose",A&M-Corpus Christi,A&M-Corpus Christi,-42,-21.404457262038633,-1.0142703570286424,-21.60981309499001,172.8,2.4182690712964146,2.5362678381078148
"Wardlaw, Emma",Lamar University,Lamar University,-20,-4.869572349764254,-1.1904979222117482,-16.320925572447493,135.6,2.5138320014832383,2.5409638187955723
"Gilmore, Taylor",Fresno St.,Fresno St.,-8,8.93207421699383,-0.04219920476213486,-16.974273421755964,161.1,2.6116660297073393,2.555959801142746
"Lamb, Nealy",Charleston So.,Charleston So.,-22,-9.665512910192692,0.27983436391237126,-12.054652725894936,134.4,2.4976341506614936,2.5716322702604897
"Meylan, Ruby",Washington,Washington,20,24.647876517717236,-0.3266728682287663,-4.974549385946003,129.5,2.8157647812921245,2.6229111180801863
"Hughes, Zoryana",Florida A&M,Florida A&M,-13,-8.314606748725039,0.1754169465526211,-4.50997630472234,144,2.5710468490741922,2.6300053469580646
"Axelson, Margaret",Wofford,Wofford,-12,-9.580622724263645,0.023125539193370057,-2.396251736542985,120.5,2.561739564611306,2.641438720324642
"Edwards, Clara",South Dakota,South Dakota,-14,-14.228208874636028,-0.005487176424960136,0.22272169821106788,153.6,2.5701787935186364,2.6627746379080315
"Bailitz, Sarah",Dayton,Dayton,-7,-7.766236601708601,0.35880564238922985,1.1250422440978312,114.9,2.600402085511674,2.6711161172270597
"McNeill, Audrey",Nicholls,Nicholls,0,-3.2092683852166446,-0.7204087424914849,2.48885964272516,156.9,2.66132462685197,2.6771873396800463
"Winburn, Emily",Delaware,Delaware,-3,-10.641330729180481,0.1820085316741609,7.823339260854643,203,2.6465463017288173,2.699863243900515
"Jacquez, Larissa",UIW,UIW,-11,-17.705977914775445,-1.1462005563343263,5.559777358441119,120,2.569657960185303,2.7076561048389793
"Lucyshyn, Alexis",Buffalo,Buffalo,-10,-16.493003183101578,0.49917261307461613,6.992175796176195,142.2,2.5910011388069627,2.7104960459530685
"Golden, Meghan",Grand Canyon,Grand Canyon,11,5.943600996647373,0.4480923760923963,5.504491379445024,107.6,2.7635551101233453,2.712481609932314
"Grey, Olivia",Michigan St.,Michigan St.,17,5.628677077271209,-0.08379990741924803,11.287523015309542,137.4,2.78505097328574,2.743475449379696
"Rosenberry, Ivy",Oklahoma St.,Oklahoma St.,45,35.70011871400148,-0.09704911078966587,9.2028321752088509,105.3,3.0886750542023975,2.7487209438055205
"Myers, Kiley",Marist,Marist,-6,-20.616405805799783,0.9814637063480949,15.597869512147877,177.9,2.627597814035781,2.7490023644132284
"Charest, Mollie",Manhattan,Manhattan,-7,-16.975340500182433,0.9419630453333184,10.917303545515752,110.3,2.5978613448936745,2.7603029001567365
"Maness, Sierra",USC Upstate,USC Upstate,5,-14.864556299226951,0.3805292505249316,20.245085549751884,163.1,2.6919806660917,2.7854514542569477
"Miller, Ashley",Northwestern,Northwestern,48,29.158104209771434,0.43275050197246656,19.274646292201034,151.5,2.9781563100202866,2.7885500149193034
"Greenwood, Abby",Wofford,Wofford,6,-14.286751387324285,0.014453732421533068,20.30120511974582,135,2.705769071296414,2.8117039240352724
"Kennedy, Emiley",Texas A&M,Texas A&M,82,47.59177349032936,-1.4383941562948852,32.96983235337576,209.4,3.052919660280814,2.818773682980794
"Dixon, Payton",South Fla.,South Fla.,27,-3.0630109322101644,0.2036996501488871,30.266710582359053,187.8,2.805094594903088,2.8224892199422738
"Sanders, Shaelyn",McNeese,McNeese,55,22.69309013406531,-0.45883172651405846,31.848078139420625,194.2,2.944537809138273,2.825320909753209
"Pepkowski, Peyton",Loyola Chicago,Loyola Chicago,25,-9.369362916803599,0.4167353160477227,34.786098232851316,188.9,2.7936697830192543,2.845475490975058
"Ramuno, Sophia",Cal Poly,Cal Poly,13,-17.324072012041515,0.08613810918997956,30.410210121231493,155.9,2.7447114132535093,2.856386911144667
"Jones, Alanah",Purdue Fort Wayne,Purdue Fort Wayne,7,-22.48121504552516,0.4760196941079655,29.957234739633126,140.6,2.711111255585967,2.8743917302633006
"Vawter, Alana",South Carolina,South Carolina,94,52.73236683654632,-1.3364468541346253,39.93118630931905,184.7,3.1702580323744387,2.877519463394033
"Swanson, Lyndie",Houston Christian,Houston Christian,22,-3.157802431062501,-1.010835045768294,24.146967385294207,107.9,2.8652171199010894,2.8851148713866706
"Maxwell, Kelly",Oklahoma,Oklahoma,73,42.48103051718993,0.09099451938234784,30.60996400219242,128.5,3.2294180120659775,2.899534463444907
"Lopez, Mariah",Utah,Utah,73,18.054908658727992,-0.4050727331035562,54.540018608168445,227.7,2.9819219039709863,2.9008504002738777
"Wyche, Courtney",Maryland,Maryland,56,10.76551066782581,0.2984378705106949,45.53292720268489,188.5,2.958406854968681,2.9028786173171417
"Krings, Laurin",Missouri,Missouri,95,44.658458911472145,-1.3600983418341948,48.98144274669366,196.2,3.1455244229783714,2.9109752015038235
"Heyer, Samantha",UNI,UNI,28,-9.054750049096189,0.4707632295182945,37.52551327861448,149.9,2.8481158209813895,2.9116616066959624
"Kerwood, Billie",Monmouth,Monmouth,25,-17.141396345794128,0.23853455076253857,42.379930896556665,167.1,2.8109356382224067,2.9149447997816926
"DuBois, Ellie",Southeastern La.,Southeastern La.,26,-3.05466198882411,-0.4651711836813982,28.58949080514271,111.1,2.895348029192204,2.9186557772132904
"Willis, Sarah",UCF,UCF,76,39.943426806844116,0.27006022647431077,36.3266334196302,141,3.2003317190505514,2.9189603248635314
"Wischnowski, Anna",UNI,UNI,25,-6.078818069830592,0.3341406923903304,31.412958762220924,117.1,2.8748173680987676,2.9295821739247363
"Smith, Cece",George Washington,George Washington,26,-6.9020829891775355,0.05785156263646995,32.95993455181401,118.4,2.8809192214465646,2.939702452458507
"Bennett, Melanie",Kennesaw St.,Kennesaw St.,39,8.210271779540204,0.007922541549314726,30.797650762009113,109.2,3.018467483994827,2.943354395734837
"Binford, Aliyah",Baylor,Baylor,101,58.456595752305134,0.17688679654817732,42.72029104424304,151.1,3.3297561291683166,2.944053224100435
"Gonzalez, Halyne",Bethune-Cookman,Bethune-Cookman,35,-26.878790549488762,0.40742855176096254,62.28621910124973,206.8,2.830570274821022,2.9625152414614946
"Landry, Sam",Louisiana,Louisiana,87,30.032771733827825,0.32688021205674833,57.29410847822892,186.3,3.128313354710263,2.9688614410131557
"Serafinko, Ana",St. John's (NY),St. John's (NY),31,-14.477512924097566,-0.12968641041438855,45.34782651368318,146.5,2.87292872241511,2.97086610476107
"Lyon, Andrea",Gardner-Webb,Gardner-Webb,25,-18.50248308211606,0.30725168008197035,43.809734762198026,139.4,2.8406646555463744,2.9755981904258437
"Irelan, Macy",Kent St.,Kent St.,23,-12.188329094002832,0.5874619518298391,35.77579104583267,110.1,2.870225625943705,2.986263691755082
"Hilleary, Kenley",Kennesaw St.,Kennesaw St.,37,1.6275962800579449,-0.26578145372053136,35.10662226622153,106.8,3.007766574417513,2.9900383184832577
"Summers, Emma",Belmont,Belmont,27,-7.324214719512914,0.47645862246425885,34.80067334197717,104.5,2.919697832593597,2.994345424382852
"Kavan, Teagan",Texas,Texas,64,23.640425888982794,0.2144225913912694,40.57399670240848,118.3,3.2023220909263572,3.0043000850295565
"Boaz, Allison",Boston U.,Boston U.,40,-10.08334273443134,0.085866961637203,50.16920969606854,145.9,2.935485010676507,3.0051848715131664
"Rose, Courtney",San Diego,San Diego,57,14.406707130366446,0.32400023717745025,42.91729310681101,121.2,3.13162165655494,3.0154277052910046
"Sparkman, Allison",FGCU,FGCU,21,-15.894584591497653,-0.12496023730817392,36.76962435418948,101.4,2.868425218567946,3.0239441964199134
"Brown, Carley",Nevada,Nevada,54,5.440752200938745,0.015260576379876555,48.57450837544113,119.8,3.1120758789387812,3.0667879688840327
"Reed, Anna",Harvard,Harvard,37,-8.199808086658715,0.5243401058055538,45.72414819246427,108.5,3.0023384517367626,3.082745347519843
"Craft, Blake",Nevada,Nevada,63,6.464876970722148,-0.27202479413620834,56.26309823514165,131.2,3.1415075536812385,3.0901592170588423
"Bonilla, Angelina",FGCU,FGCU,49,-19.15567692672742,0.017033604347705903,68.17271053107513,157,2.9734265376799955,3.0955457130371618
"Hammock, Kara",UNCW,UNCW,64,-10.078194323513474,0.5724218214444652,74.65061614495794,168.8,3.0404715462832494,3.103567613492716
"Roukey, Madison",Bucknell,Bucknell,41,-21.57107759283651,-0.719638375162787,61.85143921767372,139.2,2.9558648567370276,3.1056596787030744
"Derkowski, Lauren",Michigan,Michigan,100,8.202493723167787,0.2195749972651861,92.0170812740974,206,3.146761520055853,3.1080094874058406
"Young, Katelyn",Lehigh,Lehigh,77,-9.447193445840677,-0.28118145312360465,86.16601199271707,185,3.0775408430681863,3.12708685383963
"Roberts , Brianna",Binghamton,Binghamton,52,0.9083452600699097,0.6493374579338231,51.74099219786392,110.6,3.1314873754957313,3.1291455328001065
"Hoekstra, Molly",Drake,Drake,42,-16.43762627265938,0.19654928932855098,58.63417556198793,123.7,3.000855750538308,3.1353276629230122
"Darr, Maggie",Northwestern St.,Northwestern St.,46,-10.700416828040613,-0.8411657942747925,55.85925103376582,117.7,3.052148755993856,3.135914695108264
"Junge, Annah",Charleston So.,Charleston So.,54,-3.8686080466027466,0.4037072216212986,58.27231526822404,122,3.103947577671642,3.1389665552800357
"Brown, Kenedi",UC Davis,UC Davis,49,-17.487510190609242,0.15806177810429062,66.64557196871354,137.2,3.018467483994827,3.147079524583118
"Misken, Bailey",Colgate,Colgate,70,-16.10132642474922,-0.40340196663306094,85.69792445811616,175.3,3.060640086064748,3.1501889991173218
"Stickel, Camryn",Kansas City,Kansas City,99,-2.5137053602863775,-0.11186542877911194,101.40183993150727,207.3,3.1388933678071074,3.1504796675249427
"Wesley, Aspen",Mississippi St.,Mississippi St.,109,45.39501362116299,-1.3431600018783048,62.26182637695871,126.2,3.5250330262180554,3.1546829975093287
"Royle, Isabel",Saint Louis,Saint Louis,54,-21.068172120668937,0.29168515464005,75.35985727530898,150.3,3.020606063977718,3.1627208828420494
"Barefoot, Georgeanna",Charlotte,Charlotte,103,29.039475534263676,0.41762845931725096,74.37815292505358,147,3.3620048989608136,3.167298456274103
"Lieving, Mikie",Ohio,Ohio,68,6.546105063291297,0.8070731193411314,62.26096805604983,119.9,3.2284639095875827,3.1805987557598083
"L'Amoreaux, Allison",Binghamton,Binghamton,63,0.6622482084746181,0.5913981566360201,62.9291499481614,119.7,3.187640416325654,3.187048519484897
"Mardjetko, Sage",South Carolina,South Carolina,98,35.80367148737052,-1.46021237338083,60.73611613924865,114.5,3.51721982335852,3.1917710560157135
"Bennett, Laura",Le Moyne,Le Moyne,77,-35.643859442269886,0.4347270022093132,113.0785864444792,207,3.033305303180472,3.2075979913180532
"Perez, Jenna",LMU (CA),LMU (CA),91,5.367335653187736,0.49344466210221805,86.12610900891448,152.8,3.256874365071865,3.224977172721829
"Delgado, Emily",Southern Utah,Southern Utah,90,0.7565338003190498,0.1709602006793192,89.41442640036027,152.6,3.2511018221337524,3.2472645115201235
"Neas, Sejal",App State,App State,91,8.957224811420268,-0.11992624973297293,81.92284893884676,137.3,3.3241068555482554,3.2579950488392004
"Brown, Aydenne",SFA,SFA,93,1.1621670434901135,-0.16230434871867708,91.67552860779121,151.4,3.275591469652498,3.26684330986248
"Giese, Megan",Canisius,Canisius,104,-14.951056412700233,0.931546965454691,119.88260337815493,195.8,3.1924788658713776,3.2735953284768673
"Hammond, Wendi",UAlbany,UAlbany,104,-18.676130587464513,0.5511148993284242,123.22724548679294,198.7,3.1847267405912754,3.2814919418333135
"Sidlowski, Anna",Marist,Marist,61,-9.247187346014154,0.847176772313855,71.09436411832802,112.3,3.2045125164334483,3.294399997451507
"Caldwell, India",UC San Diego,UC San Diego,95,-19.79002467411012,-0.05288092545234915,114.73714374865779,178.3,3.194134497855896,3.3048307611686147
"Shaw, Cassidy",Princeton,Princeton,72,0.12622470829866866,0.7915578224801787,72.66533311418151,112.5,3.30132462685197,3.307238698978028
"Kennedy, Sydney",Bradley,Bradley,117,-17.06244395966396,0.1682002168877569,134.23064417655172,202.7,3.2385323229545846,3.3235379676341688
"Kenney, Kylie",Bryant,Bryant,73,-10.055423165954174,0.5553736627347031,83.61079682868889,126,3.2406897062170494,3.324902379460612
"Nuismer, Sydney",Omaha,Omaha,94,-6.707716369358714,0.05888340437179271,100.7665997737305,150.4,3.28632462685197,3.3313153168368803
"Walters, Shelby",Georgia,Georgia,131,60.16916053402759,-1.2269550606030117,69.6038844053694,103.2,3.9307044718132103,3.3357808710900456
"Ray, Kelsey",SIUE,SIUE,70,-17.941608774431927,-0.7117994004043353,87.2298093740276,129.2,3.203120292486645,3.336477950180357
"Dunning, Abby",Boston College,Boston College,137,10.541924683850196,-0.5605954374825185,125.89747987866728,186.4,3.3963031676245024,3.3367402914370947
"Gress, Sam",Charlotte,Charlotte,109,28.611426329012566,0.4908638017506309,80.87943747273806,119.3,3.5749876612191116,3.3392746475790283
"Escobar, Elena",Liberty,Liberty,119,24.7418707753677,0.8643920967248256,95.12252132135713,140.2,3.5101120733569626,3.3398019543937467
"Marron, Josey",Mississippi St.,Mississippi St.,107,29.1593370759045,-1.4180838085383618,76.42257911555714,112.6,3.611591056692112,3.3400331447521223
"Kleiman, Sophie",Indiana,Indiana,121,34.69464111956302,0.1589014402499026,86.46426032068689,126.7,3.6163364658417096,3.3437576207011164
"York, Emily",Tennessee Tech,Tennessee Tech,53,-25.180494587894373,-0.7374629806518684,77.4430316072425,112.60000000000001,3.1320173444363393,3.3490957778932
"Tarantino, Julia",Buffalo,Buffalo,82,1.6333725554817002,0.6634879440996778,81.03011538861797,117.6,3.3586035384165958,3.350356220292599
"Telford, Alexis",SFA,SFA,82,3.4819546845698213,0.1574277435953454,78.67547305902553,113.1,3.3863467311844193,3.3569521516886236
"Holman, Paytience",Southeast Mo. St.,Southeast Mo. St.,106,3.2281314489766664,-0.3289296125578025,102.44293893846553,146.9,3.3829039325020718,3.3586897659837978
"Picone, Nicolette",Coastal Carolina,Coastal Carolina,77,4.065200315660877,-0.05837825315085568,72.87642143118828,104.1,3.400998017822191,3.361386312069917
"Lehmkuhler, Claire",Bellarmine,Bellarmine,76,-21.126009896969585,-0.72299554437044,96.40301435259914,137.2,3.215260486910279,3.363970504057503
"Boyd, Mattison",Rutgers,Rutgers,147,16.047031013386803,0.11323359044438648,131.0662025770576,185.1,3.455489942897351,3.36940783904569
"Gainous, Brooke",SFA,SFA,87,2.6944890436906466,-0.12180494681751496,84.18370600949183,118.6,3.3948828056040776,3.3711366505407714
"Hosick, Presley",California Baptist,California Baptist,80,-15.674071725656,-0.0956850681204752,95.57838665753553,133.9,3.258785418487519,3.375128858797717
"Laudenslager, Alexis",Notre Dame,Notre Dame,112,22.50426605238291,-0.287536228870274,89.2081977187468,124.9,3.5580420007510893,3.375561598179006
"Duskin, Cassidy",North Ala.,North Ala.,75,-13.48975522595821,-0.3331816648032602,88.15657356115494,121.6,3.2781009426414434,3.3862964489009415
"Hibbard, Ashley",Rhode Island,Rhode Island,63,-14.402696335362338,0.194220723903472,77.5969170592658,106.6,3.2523189983341463,3.389250678064595
"Yoo, Molly",Nicholls,Nicholls,102,14.240511216679712,-0.25403541101119315,87.5054533723091,118.5,3.522084120522856,3.3997672713440297
"Hess, Morgan",Delaware,Delaware,78,-15.730275942707605,0.26337536210845025,93.99365130481605,126.8,3.2764665826879322,3.4025994794136105
"Edwards, Hannah",Santa Clara,Santa Clara,89,-5.820122213562015,-0.08129380279078122,94.73882841077123,126.6,3.364326206630801,3.409656604820147
"Lavdis, Alyssa",Chattanooga,Chattanooga,65,-13.839837068525297,0.4324879212798173,79.27232498980511,102.7,3.294236019257033,3.4332070512901893
"Melnychuk, Brook",Louisiana Tech,Louisiana Tech,100,8.021645483327125,0.5812579464800278,92.5596124631529,119.8,3.4960491677534726,3.433942427045233
"Haynes, Mia",Stony Brook,Stony Brook,101,-23.655532516070217,0.22254703182056088,124.87807954789078,161.6,3.28632462685197,3.4340850200938684
"Light, Allie",San Diego St.,San Diego St.,142,38.79898052827291,0.31556542035580504,103.5165848920829,132.9,3.7297971625931288,3.4402304574921723
"Caudill, Taylor",Boise St.,Boise St.,181,34.93900761884363,0.07328438927713267,146.1342767704335,187.4,3.627173079359974,3.441123328935393
"Krause, Regan",Stanford,Stanford,132,23.076129278698716,-0.5259442348198541,108.39792648648142,138.7,3.613018931105755,3.4428525755648858
"Twomey, Alyssa",Providence,Providence,101,0.6298614435295962,-0.26311519106858056,100.10702336540183,125.1,3.4686787435586046,3.461540640963895
"Terry, Kaitlyn",UCLA,UCLA,161,20.07878915474042,-0.34306990259167386,140.5781409426679,171,3.6028450946882273,3.4834190183295597
"Carter, Kat",Jacksonville St.,Jacksonville St.,111,6.059088704439135,0.6224823689633511,105.56339366452421,127.6,3.5312305829648225,3.4886239502416583
"Horan, Sydney",Quinnipiac,Quinnipiac,106,-16.93315241311879,1.0172205114342205,123.95037292455301,148.2,3.376574289470054,3.4976969137922738
"Hochman, Taylor",Saint Louis,Saint Louis,125,-22.97818826271844,0.116875302151611,148.09506356487006,176.5,3.3695399243023947,3.500390142800242
"Neiss, Serayah",Fresno St.,Fresno St.,137,7.95877112415579,-0.05964451057211416,128.98158436527208,153,3.556749463453277,3.504341518128258
"Price, Olivia",Eastern Ill.,Eastern Ill.,79,-23.967362186800937,-0.5881010349270601,102.37926115187388,121.3,3.3126024504298757,3.505341619035596
"Beeman, Holly",Fordham,Fordham,96,-16.395532456597262,0.6440518586770769,113.03958431527434,133.3,3.3815046718632225,3.509333511437674
"Thiede, Alanna",UNLV,UNLV,93,-4.570146465369219,-0.3446236629923352,97.22552280237689,114.6,3.4728429514592998,3.509714878181611
"Puchino, Natalia",Creighton,Creighton,155,-22.71137611478412,-0.07472727398551508,177.6366488407986,205.2,3.4166852506336465,3.527000303464049
"Izzo, Breanna",Army West Point,Army West Point,85,-2.747137779130835,-0.23582687857394724,87.5113109005569,101,3.5029087852678114,3.527773249629761
"Nishikawa, Mia",Saint Mary's (CA),Saint Mary's (CA),101,-2.0469576149377984,0.07260229523378145,103.11955991017157,118.4,3.5143651673925103,3.5322668558230137
"Brabham, Raelee",Coastal Carolina,Coastal Carolina,167,8.870064647519298,-0.09020339719555637,158.03973195528516,180.6,3.5860200864311507,3.5364061991403704
"Hudson, Hailey",Grand Canyon,Grand Canyon,126,6.512980734472964,0.554615742729303,120.04163500825634,136.4,3.5850782925411195,3.541395264742412
"Abke, Amy",Sam Houston,Sam Houston,101,2.3592696977681724,0.3890661415924862,99.02979644382431,111.8,3.5647235535067106,3.547100981447894
"Scott, Morgan",Oregon,Oregon,135,39.13714163837015,-0.31728263223542735,95.54557572939441,106.4,3.930121619333173,3.5593093611507896
"Wagoner, McKenzie",North Texas,North Texas,136,15.270681297425247,0.43720764761979386,121.16652635019456,131.5,3.6955451591713615,3.582743078184248
"Rothrock, Keagan",Florida,Florida,257,35.35739178974181,-1.534333275809051,220.10827493444913,238.1,3.740703039283721,3.5857608928513365
"Runner, Bailie",Central Ark.,Central Ark.,141,-8.343933761694098,-0.291105106143006,149.0528286555511,161,3.537101024367498,3.587118593656635
"Fernandez, Sophia",Long Beach St.,Long Beach St.,147,2.9131262602217625,0.33927117887742664,144.42614491865567,155.7,3.6054479409174807,3.588917079765622
"Seely, Kenzie",Northwestern St.,Northwestern St.,126,-7.105531698187643,-0.739349268072228,132.3661824301154,142,3.548648570513942,3.5934808411485575
"Hulon, Logan",Oregon St.,Oregon St.,116,16.059264541322996,-0.48753754448970027,99.45319791418731,105.5,3.7608506932026806,3.604008967270807
"Grein, Lyndsey",Virginia Tech,Virginia Tech,122,23.13397412123267,-0.16904799535757142,98.69697788340976,104.1,3.8332746748827096,3.609422397105666
"Hickingbottom, Madelyn",Niagara,Niagara,149,-15.356667310179693,0.78199895443784,165.13866626461754,174.1,3.5171546096204938,3.609852290634954
"Harrison, Cierra",Missouri,Missouri,118,19.203815415949585,-1.623671234031085,97.17251335001934,101.8,3.8204601867733845,3.6158679799955786
"Bolton, Julianne",Massachusetts,Massachusetts,156,2.119638330621402,0.3599075643460321,154.24026923372463,160.6,3.632682036565544,3.6217248088801433
"Davis, Jaden",N.C. Central,N.C. Central,170,-9.249421836224796,0.5335218757248896,179.78294371194968,186,3.575303121475626,3.627899593045248
"Alonso, Isabella",CSUN,CSUN,115,-21.797009889395138,0.046287431552414035,136.84329732094753,140.3,3.480996757999511,3.6366866890112535
"Zavala, Karson",Wagner,Wagner,94,-20.213468043601015,0.3358231372649954,114.549291180866,117.2,3.463372408421936,3.6387076574054342
"Archer, Haylei",California,California,145,19.49121494013933,-0.5848401825321663,124.92394487732851,127.3,3.8003662607875555,3.642659621960599
"Reyna, Breanna",Prairie View,Prairie View,84,-15.588050186813865,0.37491165380168157,99.96296184061553,101.6,3.4880962803952773,3.645212046543068
"Schlotterbeck, Trinity",Fla. Atlantic,Fla. Atlantic,145,-5.361065442967961,0.22967794802936314,150.59074339099735,147.6,3.6437094507002086,3.681587115950868
"Gonzalez, Sofia",Jackson St.,Jackson St.,104,-11.154288108747732,0.1061540649610278,115.26044217370877,112.9,3.582493803114149,3.6822319977439872
"Fornwalt, Madie",Merrimack,Merrimack,141,-10.707245532036556,0.5621718493306767,152.26941738136722,148.9,3.608268884743172,3.6839533533890227
"Goold, Peja",Chattanooga,Chattanooga,114,-8.075804072443338,0.45115112791089856,122.52695520035424,118.3,3.624976359734472,3.6970554400417774
"Crandall, RyLee",Baylor,Baylor,223,63.736455984287616,0.019676400925189876,159.2832204166376,153,4.118840966721251,3.7023914269607126
"Kreuscher, Kyra",Seton Hall,Seton Hall,96,-14.336637069119314,-0.03442084587572436,110.30221622324359,105.5,3.571277233487041,3.706843264039113
"Smith, Rylan",Western Ky.,Western Ky.,118,-0.59359845160504765,0.4082948628622567,119.00189331446731,110.9,3.725346267970094,3.734380472789457
"Stewart, Danielle",NIU,NIU,139,4.333669125918409,0.8652955251057816,135.53162639918736,126.3,3.76187886279813,3.7344174724512365
"Ladd, Sarah",Utah,Utah,134,12.873738600007613,-0.6377870152878986,120.48847438470449,111.8,3.8598934998394476,3.739039066786715
"Heinlin, Maddie",UC Riverside,UC Riverside,105,-10.542115333071205,0.22464081944958963,115.7667561525208,106.5,3.6472401198097164,3.74833642171132
"Apple, Taylor",East Carolina,East Carolina,170,0.14424758839792723,-0.18540922430423823,169.67034318729785,155.1,3.7573916803658323,3.7552662334754245
"Lehto, Grace",Central Mich.,Central Mich.,156,1.169985011742555,0.8771222078160301,155.70713719607346,141.8,3.7614656705755243,3.7594003475577065
"Eimont, Alissa",Siena,Siena,178,-19.917446787888792,0.7856507310726282,198.7030975189614,179.8,3.651313503381447,3.76645865087289
"Pappion, Halie",Boston College,Boston College,121,-11.098832476378082,-0.9847059603795913,131.1141265159985,118.2,3.685013290134542,3.770581196361263
"Fleet, Kirsten",James Madison,James Madison,119,5.985244608655943,-0.01987133363226312,112.99488405771179,101.6,3.832584469371655,3.7734789974987395
"Temples, Chloe",BYU,BYU,135,13.71036240007637,-0.20407623865087066,121.08556136127275,108.1,3.9101682901267156,3.781450078852643
"Hamilton, Liz",Central Conn. St.,Central Conn. St.,117,-20.476789205544353,0.2669248471057564,137.74371405265012,122.8,3.6140933564936635,3.7830161093654073
"Broniewicz, Andie",Loyola Chicago,Loyola Chicago,110,-15.586177557915574,0.2791247394823625,125.86530229739793,111.5,3.647871712053764,3.790161418756884
"Carranco, Lauryn",CSUN,CSUN,152,-19.15299041367106,0.06156375821431642,171.21455417188537,151.4,3.6652876387410056,3.7922001497838416
"Baalman, Sydney",SIUE,SIUE,154,-9.49443602455902,-0.6203789724668121,162.87405705209218,144,3.7307690712964146,3.7923944674914987
"Kowalski, Sam",Sacred Heart,Sacred Heart,176,-30.206281802058356,0.5154064744108402,206.7216882764692,182.1,3.6278265488728376,3.796534337321323
"Brinkerhoff, Gracie",Purdue Fort Wayne,Purdue Fort Wayne,102,-12.418326026538061,0.7137642719117234,115.1320902984498,101.1,3.670226704003305,3.8001187939978633
"Danley, Ashtyn",Florida St.,Florida St.,181,28.22580444674365,-0.29604412961381366,152.47815142364254,133.7,4.015101739791387,3.8017745253085335
"Johnson, Attlyn",Utah Tech,Utah Tech,138,-11.048566590815902,0.1089800144085825,149.1575466052245,130.2,3.7212324609533525,3.8069279033897923
"Gardner, Katie",Western Ky.,Western Ky.,196,-8.507909900427482,0.5344729942462435,205.04238289467372,178.7,3.758134923438428,3.808735834992282
"Riassetto, Chloe",Louisiana,Louisiana,164,20.201506882996895,0.2538921000433622,144.05238521704646,125.3,3.970183365878307,3.8109845248331866
"Siler, Emily",Saint Joseph's,Saint Joseph's,134,-1.0398733673617009,0.1717061891291101,135.21157955649082,116.5,3.811539219126648,3.8219390436458824
"Castillo, Reina",Tennessee St.,Tennessee St.,115,-14.21875946590808,-0.8049717699697538,128.4137876959383,110.1,3.705829622310644,3.827662389757858
"Brandemarte, Skylar",Stonehill,Stonehill,123,-17.14114957432293,0.3862939534350618,140.52744352775798,120.2,3.684619136003384,3.8304381337384754
"Russo, Angelina",Abilene Christian,Abilene Christian,121,-7.5936830554491745,0.0033780959945719138,128.59706115144374,108.2,3.779624072323319,3.8498372068098603
"Adams, Jessica",UT Arlington,UT Arlington,130,-1.8844028202195393,0.16423519274267795,132.04863801296221,110.8,3.8346098254079264,3.853099338160293
"Aragon, Faith",UTEP,UTEP,136,-8.787629887992825,0.49155935417656454,145.2791892421694,120.6,3.7890194858901127,3.8659613535697925
"Smith, Allison",Ohio St.,Ohio St.,215,21.491390192279948,0.2048543237156008,193.71346413143567,159.7,4.00759889109743,3.874308121726332
"Dinapoli, Isabelle",Northern Colo.,Northern Colo.,138,-21.585259718155612,0.12796646085800795,159.71322617901362,130.7,3.7171777255512817,3.8833079947097637
"Siems, Hallie",UConn,UConn,165,0.29243255404191393,-0.07949022630740804,164.6280772196507,134.5,3.8880904261084757,3.8853252009757666
"Kirby, Leigha",UAB,UAB,169,-2.4878369017488815,0.18048801314858187,171.66832491489748,139.7,3.8710597735949905,3.8901601666865977
"Whittaker, Kaylee",Central Conn. St.,Central Conn. St.,188,-15.184090239063131,0.24800822993388244,203.432098468997,165.4,3.797963079088971,3.8912647626983845
"Carrizosa, Vanessa",Coppin St.,Coppin St.,224,-10.801765860295518,0.2300802834381268,235.03184614373365,190.8,3.8353288197240873,3.8931477198484776
"Guevara, Alexis",Brown,Brown,180,-10.767433581028651,0.544342887828904,191.31177646885754,154.8,3.8241153245263884,3.8971888159272767
"Morris, Halle",Utah Valley,Utah Valley,169,5.811209439684034,0.4087824178291378,163.5975729781451,132.2,3.9396907388035585,3.8988251788802994
"Petran, Katie",Butler,Butler,206,-4.492245575065372,-0.004986379934823983,210.48725919513055,169.8,3.8745166174291192,3.9009433500270614
"Seidler, Alyssa",Villanova,Villanova,116,-8.891994998204128,0.3285866420412324,125.22058164024536,100.1,3.8201657856931286,3.9122794883928824
"Enter, Brianna",Minnesota,Minnesota,137,1.6132976684820364,0.14978560396363821,135.5364879354816,108.1,3.928669677730786,3.9151311757463416
"Smith, Morgan",Rutgers,Rutgers,170,8.362926740964024,0.1256596987642724,161.76273295780027,127.4,3.9957045326604472,3.931047805484625
"Taylor, Grace",Mercer,Mercer,171,5.584120334220021,0.31576650671684947,165.73164617249682,129.2,3.984854038616676,3.944077306205661
"Patille, Nicole",Siena,Siena,121,-16.336949912288173,0.7791226530648327,138.116072565353,106.8,3.7942834283500972,3.954546280085612
"Torreso, Sophia",George Washington,George Washington,157,-16.158640159139285,0.18581349469393932,173.34445365383323,134,3.832966417896746,3.9549399526268445
"Matter, Kya",UMBC,UMBC,198,-14.063714441527651,0.48691199004578095,212.55062643157342,163.1,3.875303780745287,3.964516695715081
"Sardja, Belle",South Fla.,South Fla.,183,-9.836344823928986,0.3311796992982507,193.16752452322723,148,3.8978111133384563,3.9665106033602617
"Madrigal, Stefanie",Seattle U,Seattle U,167,7.001565561375187,0.05344515775213732,160.05187959637698,122.6,4.023477971060779,3.9668048845711947
"McLeod, Paige",Illinois St.,Illinois St.,198,-22.111150223161914,0.5614592108739619,220.67260943403588,167.6,3.8427088750619935,3.9779869743104177
"Brooks, Katie",Kansas,Kansas,150,13.676724157277208,-0.12446786762239892,136.19880797510038,103.2,4.114812998944993,3.9810805180835627
"Vasquez, Odhi",Saint Mary's (CA),Saint Mary's (CA),145,0.4250386889331621,0.0585804677619997,144.63354177882883,109.2,3.9891634546907975,3.9858076101745783
"Dwyer, Haven",Dayton,Dayton,177,-12.403322206888353,0.3249240985961778,189.72824630548453,143,3.8990868646142074,3.9880955800371765
"Nichols, Maddie",ULM,ULM,177,0.7428083783029329,-0.14717837666121936,176.11001324503584,132.5,3.9971736834557436,3.990456802286203
"Heath, Emily",Sacred Heart,Sacred Heart,167,-26.932978523990634,0.5158603139002013,194.44883883789083,146.1,3.804377330479622,3.9922543930250765
"Floyd, Allie",Louisiana Tech,Louisiana Tech,196,5.153256847834739,0.5474613529203501,191.3942045050856,143.3,4.029084571025034,3.99694363944852
"Carr, Kelsey",Seton Hall,Seton Hall,187,-10.457369778663114,0.10948778949584631,197.56685756815898,147.6,3.928262296228664,3.9998534721647
"Hobbs, Lauren",Stetson,Stetson,183,-3.525696567680374,-0.4609294005900566,186.0647671670903,138.4,3.9835789621120856,4.005723233550599
"KIRTPATRICK, Sharla",N.C. A&T,N.C. A&T,141,-7.5009893195797215,-0.07170170237239815,148.42928761720734,110.1,3.9419785778056484,4.009456212839321
"Cowans, Lindsey",LIU,LIU,224,-31.30174399297846,0.8320124847463994,256.13375647772483,189.9,3.840892820638173,4.0101069147810104
"Hornbuckle, Sydney",Colorado St.,Colorado St.,171,12.3507228038737,-0.1232977144883849,158.5259794816379,116.8,4.125365722742381,4.018567601865993
"Rieb, Samantha",Iona,Iona,187,-30.180222559182162,1.0124081432269185,218.19263070240908,155.9,3.860811477397191,4.060892495372874
"King, Francys",Ball St.,Ball St.,230,5.4985115010787435,0.9720589230653492,225.4735474219866,160.5,4.094346433705552,4.066144236957806
"Backes, Lilli",Georgia,Georgia,312,61.541073050383254,-1.2834267214849984,249.17550022813174,176,4.434051899579242,4.07709451451181
"Nelson, Lindsay",Drexel,Drexel,200,-8.21991468538303,0.14347029025388325,208.3633849756369,146.9,4.022795014871031,4.079727519810696
"Miller, Skipp",Ohio,Ohio,280,4.518542595141144,0.9726637831761147,276.454121188035,193.8,4.1061130685444365,4.087816480247403
"Smith, Samantha",Florida A&M,Florida A&M,157,-0.9220417584423606,0.31077059921219247,158.23281235765455,110.9,4.077014437492187,4.088130869932714
"McQueen, Tori",Illinois,Illinois,269,18.253737411022154,0.31268844697378456,251.05895103595165,175.4,4.19496202708002,4.092675544958878
"Greene, Jenna",Presbyterian,Presbyterian,173,-15.84614223340568,-0.022668818555614804,188.82347341485007,131.5,3.976913980464137,4.097244576774784
"Clark, Carlee Jo",UIC,UIC,151,-5.033978319507759,0.32052851285137685,156.35450683235914,107.9,4.060768556416381,4.1103932721935745
"Juett, Tess",Western Caro.,Western Caro.,276,-0.45060143238044,0.17312364534334795,276.6237250777238,188.9,4.122415150938789,4.125717030651461
"Eaglin, Amanda",Army West Point,Army West Point,156,-3.621857419087998,-0.10802968665290637,159.5138277324351,108.6,4.09778871524976,4.13014440339373
"Quintero, Emily",Coppin St.,Coppin St.,144,-12.463683891875844,0.27114291536722895,156.73482680724305,106.3,4.0159812590250645,4.135782075650117
"Taylor, Emma",Yale,Yale,217,-13.636446937192389,0.5043957424384239,231.1408426796308,156.3,4.049680353019596,4.140152794987803
"Cooper, Carly",George Mason,George Mason,216,-0.19840086102885446,0.3277902741499217,216.52619113517878,145.6,4.1448411103684535,4.1484550604727035
"Williams, Savy",North Dakota St.,North Dakota St.,159,-3.427921411822988,0.08211749027359651,162.51003890209657,108.4,4.128114294748649,4.160494727424816
"Moore, Maura",Tulsa,Tulsa,218,13.900190520927728,0.3273365826242782,204.42714606169653,136.3,4.260737686279702,4.16115695305664
"Zabala, Alyssa",Louisville,Louisville,272,40.0705383384125,-0.3584862629513245,231.5709753986362,154.1,4.426412232302976,4.164056459419369
"Weatherford, S.",Evansville,Evansville,160,-12.545074001192527,0.1831801432764106,172.72825414446893,114.8,4.055052849848486,4.165926143789853
"Horton, Natalee",Massachusetts,Massachusetts,212,0.868130888763702,0.26785083299290713,211.3997199442292,140.5,4.170221424004994,4.165948968092035
"Sapp, Avery",Utah Valley,Utah Valley,165,0.4001280044005971,0.5289098336830791,165.1287818292825,109.6,4.166799079406714,4.1679740960972484
"Miller, Martha",Green Bay,Green Bay,143,-12.848403720916341,0.4287437110579306,156.27714743197427,102.8,4.052375210509558,4.181530341170786
"Dunn, Kayla",Georgetown,Georgetown,198,-19.29500784085749,-0.051486951096506375,217.243520889761,139.9,4.07662126730944,4.214173239359196
"O'Donnell, Alyssa",LIU,LIU,175,-26.88613144148031,0.66351360712844,202.54964504860874,130.1,4.006443765975721,4.218201222152575
"Magnanimo, Tessa",Wisconsin,Wisconsin,301,38.068404406779045,0.3368142955698234,263.26840988879076,168.2,4.450860893201554,4.226535149377479
"Marien, Hannah",Stetson,Stetson,241,-7.568308258198329,-0.31378843031926285,248.25451982787908,158.2,4.18471274316044,4.2305693792405865
"Copeland, Brianna",Indiana,Indiana,334,36.21461322590258,0.3022635115822056,298.0876502856797,187.9,4.438865872195238,4.247741073289861
"Bullis, Addy",East Carolina,East Carolina,194,-8.130973589447349,-0.11524166479792074,202.01573192464943,126.4,4.196134753434248,4.2595503541039434
"Gossett, Julia",Purdue,Purdue,188,6.4752902845763165,0.18604816146398193,181.71075787688767,113.5,4.317712292050208,4.2623004671769715
"Savage, Skylar",North Texas,North Texas,218,19.304102709096043,0.4429352965420693,199.13883258744602,124.3,4.415146026691069,4.263406948553064
"Roelling, Randi",California,California,245,36.66700310447393,-0.6291049604629091,207.70389193506315,129.5,4.553216518743862,4.265215684265585
"Jarvis, Addy",Miami (OH),Miami (OH),213,5.1547827578459176,1.213393271423873,209.05861051357797,127.5,4.331912862146088,4.301000003429052
"Spell, Maddie",UNC Greensboro,UNC Greensboro,165,-9.609986913157911,0.2345670153004193,174.84455392845834,106.6,4.209167028352908,4.30151744043976
"Eberle, Madi",Southern Ill.,Southern Ill.,160,-18.444497752093408,0.33971784839160285,178.78421560048503,109,4.129214535108851,4.30154678832431
"Petty, Julia",Central Ark.,Central Ark.,259,-2.5410443794528006,-0.37788238719837314,261.1631619922544,158.3,4.297458549783113,4.3111235023557875
"Wyman, Rylee",NC State,NC State,198,23.84923391627283,-0.6182655650841494,173.53250051864302,104.7,4.552442105361998,4.318750610793164
"Lasey, Shannon",South Dakota St.,South Dakota St.,208,7.183865873300155,0.4884813951917625,201.3046155218916,120.6,4.386034411263247,4.330517127033493
"Workman, Emily",Hampton,Hampton,185,-22.371882862617596,-0.3037346839234539,207.06814817869414,123.9,4.154464255584819,4.332576831684046
"Gonzalez, Jaclyn",Quinnipiac,Quinnipiac,165,-28.737878191794778,0.8154693628389886,194.55334755463377,115.8,4.086195093173213,4.341405348394576
"Haendiges, Sarah",Oregon St.,Oregon St.,193,16.942357692119163,-0.5832996565976353,175.4743426512832,104.2,4.5135319205179965,4.34533943156678
"Powell, Megan",Winthrop,Winthrop,194,-6.9028848250391075,0.2121153279346544,201.11500015297378,117.2,4.316614729241048,4.377322921672565
"McConnell, Morgan",California Baptist,California Baptist,238,-8.524150729887891,-0.02752776051414062,246.49662296937373,142.3,4.333847465924352,4.393556692694371
"Kyte, Lindsey",Kennesaw St.,Kennesaw St.,200,-3.655459453872185,-0.09486235275079626,203.5605971011214,117.4,4.364902139628802,4.395230905396446
"Brown, Ava",Florida,Florida,212,18.683584781784102,-1.6957220225717031,191.62069319564418,110.3,4.5833554518746356,4.398592924183286
"Raye Dark, Makenna",North Carolina,North Carolina,193,8.409840002376717,-0.617726780511582,183.9724332171117,105.7,4.4872470488008815,4.401839605254162
"Sanchez, Julia",Tex. A&M-Commerce,Tex. A&M-Commerce,210,3.746239499591299,-0.8513116195547931,205.4024488808539,117,4.456196421723765,4.416901113013115
"McCard, McKenna",Elon,Elon,203,-3.680850920819393,0.4006114735357731,207.08146239435516,117.8,4.384584389160969,4.4192317779076165
"Tufts, Sierra",Furman,Furman,244,2.4544788961239705,0.35898445561741427,241.90450555949346,137.2,4.439750282828646,4.424476999734575
"Roncone, Sophia",Holy Cross,Holy Cross,253,-24.043230786513796,-0.7778206082670901,276.2654101782467,156.6,4.276905725191689,4.425471562856099
"Stem, Addie",Morehead St.,Morehead St.,219,-6.719048494587518,-0.6769095074539087,225.04213898713363,127,4.385734075670868,4.433309973207352
"Kinney, Kaylin",Nebraska,Nebraska,277,19.439048072117384,0.165893071738875,257.7268449996215,145.4,4.566414035380168,4.433861387509614
"Babik, Sydney",Seton Hall,Seton Hall,181,-5.150843027860313,0.08965336688141355,186.2404963947417,104.5,4.393382043119912,4.443530333978685
"Hamilton, Kasey",Kansas,Kansas,339,44.66398563768572,0.050668096380855364,294.38668245869513,164.2,4.725880047071215,4.454178965820881
"Partain, Jordyn",Samford,Samford,273,4.80807135505735,0.6906173203363525,268.882545965279,147.9,4.507166411841828,4.479326966035736
"Brown, Erin",Towson,Towson,211,-10.445222848618334,0.08432065072010697,221.52954349933844,120,4.419657960185303,4.5074041560131235
"Hendrix, Lindsey",Syracuse,Syracuse,207,10.12904561339638,-0.8985849481911589,195.97236943841244,105.9,4.615998847815143,4.5118663590371675
"McCarroll, Rachel",Dartmouth,Dartmouth,200,2.863080977029366,0.924828089688069,198.0617471126587,104.5,4.5752002249380945,4.556652350418082
"Kostrencich, Addison",Hawaii,Hawaii,229,-17.232407655574196,0.09311364453974026,246.32552130011393,129.8,4.425577323308056,4.559055915758857
"Yoder, Kaylan",Liberty,Liberty,275,21.416899492173904,0.9117167257672545,254.49481723359335,133.9,4.715096098099169,4.561958063996057
"Carcich, Kamryn",Middle Tenn.,Middle Tenn.,317,-13.426633365675123,0.032463694282124866,330.45909705995723,173.8,4.485260184964743,4.56270032915322
"McDermott, Sydney",Valparaiso,Valparaiso,271,-10.383525029256617,0.14187381878325067,281.52539884803986,147.9,4.493643761402342,4.564809406081448
"Knight, Sophia",Toledo,Toledo,302,-2.770796181678603,0.65718225592108,305.4279784375997,158.8,4.56308785103333,4.584674617013177
"Schoonover, Stephanie",Kentucky,Kentucky,360,37.080736002202556,-1.5014305569024378,321.417833440895,167.1,4.815723190586261,4.584830512195447
"Crawford, Christina",St. Thomas (MN),St. Thomas (MN),256,-9.110350021625667,0.13192025470233,265.242270276328,135.4,4.5520188661429595,4.62027787852352
"Reynolds, Mia",San Jose St.,San Jose St.,204,0.7359832187829363,-0.14312183423717928,203.1208949469799,103.4,4.634245323176922,4.625743340072278
"Drerup, Maddie",USC Upstate,USC Upstate,193,-14.650677262343763,0.34755690087874824,207.99823416322252,105.8,4.485521224205467,4.627281471494905
"Barefoot, Laine",Lipscomb,Lipscomb,227,-15.462619920644483,-0.5114269477892182,241.95119297285524,121.9,4.523506743340895,4.646158039262595
"Volpe, Mady",Penn St.,Penn St.,233,17.610425609389807,-0.3079587331130285,215.08161565749717,107.2,4.834832089538537,4.667682981865935
"Abrams, Victoria",ULM,ULM,224,5.635643506306221,-0.17609224686857694,218.1882642468252,108.7,4.7220421981491185,4.668576367853122
"Reeves, Madilyn",Miami (OH),Miami (OH),340,0.8787225836559953,1.22392846788783,340.34520588423186,167.9,4.686339516667337,4.688395537419163
"Toniolo, Christina",UIC,UIC,269,-18.20465278562149,0.4205069033088643,287.62515968893035,140.6,4.574553645344146,4.707022775421887
"Murphy, Bridie",Ball St.,Ball St.,308,7.811547582142957,1.0647021388593294,301.25315455671637,144.5,4.792812516125326,4.746121544199488
"Baker, Libby",Troy,Troy,365,10.745358247675531,0.003966868108628143,354.2586086204331,169.7,4.812179075879666,4.7488827212564075
"Nuechterlein, Megan",Kent St.,Kent St.,330,-8.864485122831445,0.6354853048055225,339.499970427637,161.8,4.700879633032439,4.75959391256048
"Graham, Kylee",Toledo,Toledo,214,-8.88000459441302,0.6670716228510111,223.54707621726402,104.1,4.717040284873104,4.808750911359789
"Silva, Aissa",Arizona,Arizona,352,36.67086803704812,-0.4287913471217697,314.9003406158301,146.6,5.062416032036145,4.809348778392421
"Griffin, Hailey",Indiana St.,Indiana St.,212,-10.571084661008243,0.2362491276800664,222.80733378868828,103.2,4.715588192743443,4.8203104193780195
"Adams, Jalen",Iowa,Iowa,342,2.0163932806910383,0.23321126355690933,340.21681798286585,156.4,4.848025394115397,4.836623974568504
"Lemire, Payton",Col. of Charleston,Col. of Charleston,200,-22.914688973120853,0.2480347346997688,223.16272370782062,102.2,4.618271789278584,4.8449129214490405
"Jones, Deborah",Arizona St.,Arizona St.,310,23.149210099957756,-0.5085780785075728,286.34221182153465,130.4,5.038625240348902,4.857200484379076
"Zellien, Ellie",UNLV,UNLV,318,-0.3596939127900413,-0.38205222245536846,317.9776416903347,143.2,4.881995017913423,4.881838884466039
"Walters, Macy",Akron,Akron,267,-5.668152752928165,0.6859672638325365,273.3541200167607,120.3,4.880775998423042,4.933594951180821
"Mancha, Jaileen",New Mexico St.,New Mexico St.,268,-3.3451117054188027,0.6088746921676731,271.95398639758645,119.5,4.904002451119752,4.93709020340081
"Wright, Maddy",Texas Tech,Texas Tech,280,33.31087312452772,-0.02356219000120106,246.66556468547108,108.2,5.249124996537737,4.941043339287008
"Miller, Devon",Fordham,Fordham,327,-24.329281374331373,0.5077862924374041,351.83706766676875,151.4,4.821166106376408,4.985215430463388
"Stefanoni, Olivia",Pittsburgh,Pittsburgh,270,11.364907835905663,-0.3869858981680865,258.24810626592625,106.6,5.1941576474898685,5.083914741916944
"Guest, McKenna",New Mexico,New Mexico,352,6.995372921269681,-0.2326868263339135,344.7719402523964,142.1,5.138453409399472,5.087587401323443
"Chapin, Maggie",Longwood,Longwood,383,4.15646150520377,0.7116964102485251,379.55523490504476,153,5.164592600708179,5.142077796165988
"Garcia, Ellie",Oregon St.,Oregon St.,308,13.825388670472604,-0.7125919017031035,293.4620194278243,118,5.271494118377394,5.148290893189464
"Parker, Julia",Georgetown,Georgetown,253,-24.865523979176427,-0.13939837741280325,277.7261256017636,110.2,4.957150398176834,5.181525403637483
"Pitts, Hannah",Mercer,Mercer,275,-0.7548439312643697,0.48031799883239396,276.23516193009675,109.6,5.170448714443211,5.181718440082779
"Kelly, McKenna",Col. of Charleston,Col. of Charleston,302,-9.358649437007024,0.23754312873790764,311.59619256574496,122.1,5.1347071002344435,5.21329999594079
"Sackett, Lauren",Indiana St.,Indiana St.,273,-1.1285295922374954,0.3189288055846752,274.4474583978222,105.1,5.258850792408583,5.272622994100516
"Miener, Samantha",Austin Peay,Austin Peay,285,12.974731247138669,-0.25216516914634324,271.773103583715,103.8,5.406989366736363,5.279562618987953
"Feringa, Bub",Marshall,Marshall,400,6.645979651688089,0.2058754974590309,393.55989584577094,147.5,5.373189033631631,5.329527310552112
"Stoddard, Miranda",Arizona,Arizona,378,32.185585910979306,-0.4389944332468356,345.3754196557739,127.1,5.635360818826793,5.378676473081505
"Harness, Sarah",Nebraska,Nebraska,332,12.233169667473108,0.12058964323730874,319.88741997576415,115.3,5.540769553131241,5.435716820917574
"Gilbert, Jamie",UTSA,UTSA,404,-1.1929684985984865,0.0723964376966162,405.2653649362951,144.9,5.449454371503453,5.4581870487725705
"Kavanagh, Jordan",Detroit Mercy,Detroit Mercy,269,-17.188879298177383,0.6080191632432598,286.79689846142065,102.2,5.293418560315766,5.467556510036125
"Brown, Taniyah",Memphis,Memphis,394,13.62296875709774,0.290015399059301,380.6670466419616,133.7,5.608220662753242,5.50849775057644
"Meshnick, Hannah",Illinois St.,Illinois St.,390,-24.706910656335083,0.5334836864608452,415.2403943427959,135.3,5.5438079971402185,5.730359322659774
"Johnston, Gracie",Missouri St.,Missouri St.,450,-12.921934773156375,0.613669167013161,463.5356039401695,150.8,5.645409507488575,5.735168154306674
"Holman, Alexa",IUPUI,IUPUI,499,-18.174569759634448,0.7211965805099411,517.8957663401444,166.5,5.658321623848967,5.77180970997596
"Croyle, Haley",Akron,Akron,317,-5.127703073383335,0.7768348330039199,322.90453790638725,100.2,5.824997281542588,5.883924805558429
"Dix, Emily",New Mexico St.,New Mexico St.,376,-13.179824641154225,0.45956014399410977,389.6393847851483,120.5,5.781656577059438,5.8948464922888855
"Boulware, Sydney",Georgia St.,Georgia St.,464,-9.7926828857815,-0.16174598571124288,473.63093690007025,145,5.86132462685197,5.927744881335213
"Eubanks, Ashanti",N.C. Central,N.C. Central,361,-15.473904947023994,0.8558073652483578,377.32971231227236,113,5.856014892338695,6.000525620765885
"Rice, Savannah",Marshall,Marshall,435,14.3085629453301,0.33841720151451665,421.0298542561844,122,6.226898397343773,6.112389006001022
"Smith, Shelby",Houston,Houston,533,50.73564233871837,-0.1404373137565276,482.1239203475251,137.7,6.532058105428586,6.162587664960359
"Wiles, Lauren",Illinois,Illinois,393,12.505649215651289,0.1894851708945606,380.6838359552433,104.8,6.41132462685197,6.29380397756994
"Brennan, Kristen",Saint Peter's,Saint Peter's,436,-18.07034186535866,0.6189369155805602,454.6892787809392,119.9,6.297688263215607,6.453562147960721
"Adams , Kayla",Ark.-Pine Bluff,Ark.-Pine Bluff,-203,-14.995646734458587,NA,NA,139.3,1.204038194691166,NA
"Albrecht, Jackie",North Dakota,North Dakota,151,-13.607519090579851,NA,NA,160.8,3.600379353220129,NA
"Ballenger, Ameenah",UMES,UMES,166,-29.968838738608614,NA,NA,129.1,3.9471495687574696,NA
"Basinger, Reese",Winthrop,Winthrop,5,-5.4598068271024,NA,NA,176,2.6897337177610607,NA
"Beasley, Cris'Deona",Alabama A&M,Alabama A&M,84,-11.339126473570992,NA,NA,102.1,3.484047447615927,NA
"Bibbs, Charity",Alabama St.,Alabama St.,48,-3.647595071277681,NA,NA,147.9,2.9858682373996372,NA
"Brinka, Emmalyn",Montana,Montana,183,-18.64855042918641,NA,NA,109.4,4.334085138734968,NA
"Campbell, Sydney",Oakland,Oakland,-1,-13.801443105376833,NA,NA,187.8,2.655999813220447,NA
"Frost, Allicitie",Portland St.,Portland St.,147,-9.065100377023487,NA,NA,101.3,4.112459868707844,NA
"Kimball, Grace",Portland St.,Portland St.,54,-18.829520104092705,NA,NA,150.4,3.0203671800434595,NA
"Manus, Caitlyn",Tennessee St.,Tennessee St.,129,-18.50290541434868,NA,NA,144.4,3.5546764274059868,NA
"Parker, Kiri",Alcorn,Alcorn,257,-15.253484037541641,NA,NA,107.9,5.043159659289412,NA
"Richard, Dacia",Grambling,Grambling,7,-19.537434037373313,NA,NA,107.8,2.726259691787035,NA
"Salazar, Victoria",Jackson St.,Jackson St.,77,-20.804252372168282,NA,NA,201.6,3.0432690712964146,NA
"Smith, Isabella",Campbell,Campbell,-65,-16.87573676905117,NA,NA,215.9,2.360259318839001,NA
"Veber, Jenna",Murray St.,Murray St.,-47,-30.975794829693317,NA,NA,209.7,2.43719491774372,NA
"Waggoner, Skylar",Jacksonville,Jacksonville,72,-11.501332406292105,NA,NA,129.9,3.2155971441729863,NA
