"UniversityName","FirstName","LastName","Jersey","Yr","Pos","GP","GS","BA","OBPct","SlgPct","AB","R","H","X2B","X3B","TB","HR","RBI","IBB","BB","HBP","SF","SH","K","KL","DP","GDP","SB","CS","GO","FO","Division","PO","A","E","FldPct","CI","PB","SBA","CSB","CSB_percentage","TC","IDP","CSE_FastPitch_ID","CSE_EventID","CSE_PlayerID","UniversityID","EvaluatorID","Obj_FootSpeed_H11","Obj_FootSpeed_H12","Obj_FootSpeed_HH1","Obj_FootSpeed_HH2","Obj_ArmVelo_Throw1","Obj_ArmVelo_Throw2","Obj_ArmVelo_Throw3","Obj_ArmVelo_Throw4","Obj_ArmVelo_Throw5","Obj_ArmVelo_Throw6","Obj_PopTime_Throw1","Obj_PopTime_Throw2","Obj_PopTime_Throw3","Obj_PopTime_Throw4","Obj_ExitVelo_Swing1","Obj_ExitVelo_Swing2","Obj_ExitVelo_Swing3","Obj_BroadJump_Trial1","Obj_BroadJump_Trial2","Obj_GripStrength_RH_Trial1","Obj_GripStrength_RH_Trial2","Obj_GripStrength_LH_Trial1","Obj_GripStrength_LH_Trial2","Obj_FootSpeed_5_10_5_Trial1","Obj_FootSpeed_5_10_5_Trial2","Age","CSE_BlastID","CSE_PlayerID.1","CSE_EventID.1","Plane","Connection","Rotation","BatSpeed","RotationalAcceleration","OnPlaneEfficiency","AttackAngle","EarlyConnection","ConnectionAtImpact","VerticalBatAngle","Power","TimeToContact","PeakHandSpeed","CSE_TAPID","CSE_PlayerID.2","TAPUserID","MentalToughness","Grit","Composure","Confidence","Coachability","GrowthMindset","AttentionToDetail","RulesFollowing","MentalPerformance","SpeedConcentration","Decisiveness","Adaptability","Drive","InformationProcessing","OverallTAPScore","TraitCount_AtAboveAvg","TraitCount_BelowAvg","Division_ID","Bucket","TAPTaken","true_pos","median_pop_time"
"Adams State University","Kylea","Wall",18,"Jr","C",42,39,0.209,0.349,0.488,86,20,18,2,2,42,6,18,NA,15,4,1,3,34,11,1,NA,6,1,19,17,"D-II",69,11,12,0.87,NA,9,21,5,0.238095238095238,92,NA,1576,788,3210,4,353,3.45,NA,12.69,NA,NA,NA,NA,NA,NA,NA,2.06,1.9,NA,NA,58,60,NA,NA,NA,NA,NA,NA,NA,NA,NA,21,1975,3210,788,43,51,57,56.6,10.2,55,4,81,77,-29,1.86,0.17,18.4,916,3210,603749,41,22,5,59,48,57,53,79,21,26,11,37,95,42,31,NA,NA,3,"Division 2","9/7/2021","C",1.98
"Florida Institute of Tehnology","Ella","Chang Gibson",2,"Jr","C",49,49,0.252,0.333,0.302,139,18,35,4,NA,42,1,23,NA,14,5,4,3,7,5,3,NA,1,NA,32,64,"D-II",37,7,1,0.978,NA,NA,15,1,0.0666666666666667,45,NA,3737,803,5576,452,1,3.2,NA,12.76,NA,48,49,49,NA,NA,NA,1.9,1.8,1.84,NA,68,70,70,NA,NA,NA,NA,NA,NA,NA,NA,20,NA,NA,NA,NA,NA,NA,NA,NA,NA,NA,NA,NA,NA,NA,NA,NA,2175,5576,648685,40,23,36,57,65,93,52,30,57,100,14,34,82,50,31,NA,NA,3,"Division 2","11/11/2021","C",1.84
"Florida Institute of Tehnology","Jolie","Miracle",22,"So","C",47,46,0.275,0.355,0.412,131,14,36,9,NA,54,3,32,NA,15,3,3,4,8,2,5,1,2,1,39,53,"D-II",137,32,6,0.966,1,5,28,9,0.321428571428571,175,1,3745,803,5584,452,1,3.15,NA,12.81,NA,59,58,59,NA,NA,NA,1.81,1.85,1.75,NA,64,59,68,NA,NA,NA,NA,NA,NA,NA,NA,19,4138,5584,803,71,46,58,58.3,12,85,7,111,97,-33,2.29,0.15,18.1,2161,5584,648693,41,25,26,56,37,57,37,33,52,100,19,16,86,84,41,NA,NA,3,"Division 2","11/10/2021","C",1.81
"Frostburg State University","Adriana","Wimmer",2,"Fr","C",23,21,0.235,0.278,0.382,68,8,16,8,1,26,NA,12,NA,3,1,NA,1,9,2,1,NA,4,1,22,20,"D-II",82,11,2,0.979,NA,3,15,4,0.266666666666667,95,NA,8881,1528,10323,479,1,NA,NA,NA,NA,58,59,61,NA,NA,NA,1.97,2.03,1.91,2,60,60,66,75,78,69.4,NA,70.2,NA,NA,NA,19,10298,10323,1528,71,44,43,56.5,5.7,84,14,77,72,-31,1.66,0.19,16.7,3371,10323,724455,43,23,8,26,38,72,14,33,48,91,14,34,82,42,6,NA,NA,3,"Division 2","9/4/2022","C",1.985
"Frostburg State University","Katie","Ernst",14,"So","C",39,34,0.343,0.458,0.434,99,7,34,6,NA,43,1,21,NA,14,7,NA,1,14,3,1,1,2,NA,27,19,"D-II",117,12,7,0.949,NA,12,61,2,0.0327868852459016,136,NA,8874,1528,10316,479,1,3.31,3.38,13.05,NA,52,53,54,NA,NA,NA,1.93,1.93,2,1.97,48,45,42,79,72,75.8,NA,69,NA,5.3,NA,20,10299,10316,1528,39,54,69,54.9,14.4,51,15,79,82,-30,1.82,0.16,17.6,3369,10316,724448,39,16,18,48,51,79,34,11,28,27,17,52,86,30,6,NA,NA,3,"Division 2","9/4/2022","C",1.95
"Lane College","Kaylee","Stinnett",13,"Fr","C",40,40,0.421,0.513,0.651,126,34,53,15,4,82,2,41,NA,16,9,1,3,17,4,NA,NA,3,NA,24,35,"D-II",152,22,4,0.978,NA,2,37,13,0.351351351351351,178,4,11410,1541,5151,685,1,3.11,NA,12.37,NA,57,57,NA,NA,NA,NA,1.91,1.85,NA,NA,75,76,NA,83,87,102,75,83,94,5.5,5.3,19,12145,5151,1541,67,40,74,61.2,16.3,80,11,67,75,-17,2.48,0.14,19.6,1898,5151,642088,59,50,49,60,64,77,57,56,34,5,53,56,95,46,51,NA,NA,3,"Division 2","10/27/2022","C",1.88
"Lee University","Rylie","Goodridge",10,"Fr","C",19,15,0.233,0.32,0.488,43,7,10,2,NA,21,3,7,NA,6,NA,1,1,7,3,2,2,NA,NA,13,13,"D-II",55,6,2,0.968,NA,5,13,4,0.307692307692308,63,NA,1520,799,3154,695,365,3.4,3.4,13.9,13.9,56,57,55,55,NA,NA,2.03,2,1.91,NA,60,61,60,NA,NA,NA,NA,NA,NA,NA,NA,18,1931,3154,799,35,53,48,56,7.3,47,12,105,93,-40,1.71,0.19,16.4,887,3154,603885,57,73,51,57,40,33,56,97,43,39,5,92,82,50,60,NA,NA,3,"Division 2","9/2/2021","C",2
"Lee University","Sidney","Lee",5,"Fr","C",40,37,0.382,0.455,0.645,110,16,42,12,1,71,5,38,NA,17,2,5,1,16,1,2,1,NA,NA,22,36,"D-II",112,16,1,0.992,NA,5,28,9,0.321428571428571,129,1,1522,799,3156,695,365,3.3,3.2,13,13.3,61,62,62,61,NA,NA,1.88,1.9,1.97,NA,55,68,69,NA,NA,NA,NA,NA,NA,NA,NA,18,1933,3156,799,35,44,40,60.1,4.6,47,7,115,94,-29,1.91,0.19,17.1,890,3156,603886,34,43,22,40,76,93,74,53,56,100,9,52,47,50,31,NA,NA,3,"Division 2","9/4/2021","C",1.9
"Lewis University","Gabi","Nilles",33,"So","C",47,47,0.318,0.38,0.426,148,31,47,9,2,63,1,15,NA,5,10,NA,NA,17,4,NA,NA,15,2,56,25,"D-II",146,19,5,0.971,NA,7,38,8,0.210526315789474,170,3,1615,790,3249,706,1,3,2.99,11.64,NA,69,68,66,70,67,69,1.75,1.56,1.66,1.58,68,66,58,NA,NA,NA,NA,NA,NA,NA,NA,19,2062,3249,790,28,54,42,64.1,5.2,40,19,99,80,-32,2.24,0.18,16.7,1008,3249,603962,76,87,79,78,68,76,54,72,78,91,74,54,62,84,71,NA,NA,3,"Division 2","9/6/2021","C",1.62
"Miles College","Deonia","Gibby",17,"So","C",33,32,0.256,0.319,0.366,82,9,21,6,NA,30,1,19,NA,3,5,1,NA,19,1,3,NA,2,NA,15,27,"D-II",87,15,4,0.962,NA,14,52,4,0.0769230769230769,106,1,9211,1595,10653,816,1,3.05,NA,12.64,NA,55,53,52,NA,NA,NA,1.94,2,NA,NA,67,66,69,66,73,89.8,NA,72.4,NA,5.55,NA,NA,10514,10653,1595,34,48,62,64.3,11.9,47,11,83,72,-30,2.63,0.16,18.9,NA,NA,NA,NA,NA,NA,NA,NA,NA,NA,NA,NA,NA,NA,NA,NA,NA,NA,NA,NA,3,"Division 2","","C",1.97
"Montana State University Billings","Maycen","O'Neal",25,"Jr","C",41,39,0.24,0.309,0.413,121,11,29,6,NA,50,5,20,NA,13,NA,2,NA,32,6,NA,NA,1,NA,18,39,"D-II",158,14,7,0.961,NA,2,33,8,0.242424242424242,179,3,10949,1617,12088,853,1,3.46,NA,13.75,NA,53,54,NA,NA,NA,NA,1.94,2.09,NA,NA,67,66,NA,58,66,64,58,70,65,5.62,5.52,NA,11597,12088,1617,62,61,78,59.3,18.3,75,12,88,81,-24,2.13,0.15,19,NA,NA,NA,NA,NA,NA,NA,NA,NA,NA,NA,NA,NA,NA,NA,NA,NA,NA,NA,NA,3,"Division 2","","C",2.015
"New Mexico Highlands University","Alice","Midiri",31,"Jr","C",33,25,0.159,0.203,0.188,69,6,11,2,NA,13,NA,3,NA,4,NA,1,NA,15,5,1,NA,NA,NA,19,24,"D-II",90,14,4,0.963,NA,5,41,7,0.170731707317073,108,1,3932,905,5800,895,1,3.2,NA,12.3,NA,56,57,NA,NA,NA,NA,1.76,1.73,NA,NA,62,63,NA,NA,NA,NA,NA,NA,NA,NA,NA,NA,4406,5800,905,54,54,38,55,4,67,18,87,78,-33,1.41,0.2,14.8,NA,NA,NA,NA,NA,NA,NA,NA,NA,NA,NA,NA,NA,NA,NA,NA,NA,NA,NA,NA,3,"Division 2","","C",1.745
"Nova Southeastern University","Madison","Fine",18,"So","C",51,51,0.338,0.393,0.399,148,13,50,6,NA,59,1,27,NA,8,6,1,7,7,2,2,NA,1,1,48,42,"D-II",154,19,3,0.983,NA,4,30,11,0.366666666666667,176,1,11526,1669,12904,955,1,3.26,3.25,12.81,NA,58,58,57,NA,NA,NA,1.87,1.88,1.82,NA,68,59,63,74,79,74,87.2,75.4,79,5.49,5.39,NA,12550,12904,1669,64,73,75,59.7,16.3,78,7,89,87,-33,2.34,0.16,18.7,NA,NA,NA,NA,NA,NA,NA,NA,NA,NA,NA,NA,NA,NA,NA,NA,NA,NA,NA,NA,3,"Division 2","","C",1.87
"Saint Michael's College","Meghan","Connor",19,"So","C",39,39,0.274,0.321,0.468,124,15,34,6,NA,58,6,17,NA,7,2,1,NA,20,4,3,3,NA,NA,36,30,"D-II",162,12,8,0.956,NA,4,27,3,0.111111111111111,182,6,9808,1549,11063,1118,1,3.2,NA,13.3,NA,63,64,64,64,64,64,1.78,1.82,1.84,1.78,71,69,62,71,76,47,46.6,47.2,47,5.37,NA,NA,10800,11063,1549,34,61,53,61,10.4,50,6,99,85,-18,2.48,0.15,17.1,NA,NA,NA,NA,NA,NA,NA,NA,NA,NA,NA,NA,NA,NA,NA,NA,NA,NA,NA,NA,3,"Division 2","","C",1.8
"St. Edward's University","Valerie","Brant",12,"Sr","C",45,44,0.271,0.325,0.4,140,16,38,7,1,56,3,23,NA,8,3,NA,2,17,5,1,1,4,1,37,46,"D-II",230,15,3,0.988,NA,3,60,7,0.116666666666667,248,3,3355,847,5234,1244,1,3.1,2.91,12.5,12.6,50,51,53,54,52,51,1.88,1.79,1.94,1.85,60,68,69,NA,NA,NA,NA,NA,NA,NA,NA,22,3775,5234,847,55,63,63,54.9,12.2,68,9,94,84,-33,1.75,0.18,17,1914,5234,645757,27,19,5,43,75,99,73,36,55,100,30,53,62,42,26,NA,NA,3,"Division 2","10/28/2021","C",1.865
"University of Colorado Colorado Springs","Cassidy","Hubner",4,"Fr","C",26,24,0.288,0.316,0.356,73,6,21,5,NA,26,NA,7,NA,2,1,NA,NA,12,6,1,1,NA,NA,23,15,"D-II",136,11,4,0.974,NA,5,26,4,0.153846153846154,151,NA,1813,802,3459,1378,1,3.44,NA,12.34,NA,61,59,NA,NA,NA,NA,1.83,1.89,NA,NA,64,65,NA,NA,NA,NA,NA,NA,NA,NA,NA,NA,2130,3459,802,32,57,62,59.4,11.8,44,13,102,91,-20,2.33,0.15,19.4,NA,NA,NA,NA,NA,NA,NA,NA,NA,NA,NA,NA,NA,NA,NA,NA,NA,NA,NA,NA,3,"Division 2","","C",1.86
"University of Minnesota Crookston","Shaelyn","Grant",15,"So","C",51,49,0.293,0.359,0.45,140,21,41,7,3,63,3,27,NA,12,3,1,NA,31,13,NA,NA,8,NA,31,34,"D-II",86,12,13,0.883,NA,8,18,4,0.222222222222222,111,NA,1714,617,3357,1422,353,NA,NA,NA,NA,NA,NA,NA,NA,NA,NA,1.84,1.78,NA,NA,64,75,NA,NA,NA,NA,NA,NA,NA,NA,NA,19,2087,3357,617,66,44,50,67.1,9.3,80,11,74,75,-28,2.52,0.17,19.4,1441,3357,639826,43,13,8,43,58,74,53,32,49,96,12,31,86,46,26,NA,NA,3,"Division 2","10/11/2021","C",1.81
"University of West Florida","Erin","Moon",8,"Fr","C",43,43,0.358,0.412,0.47,134,14,48,10,1,63,1,25,NA,11,2,1,1,4,1,1,NA,1,NA,35,45,"D-II",187,12,NA,1,NA,7,22,6,0.272727272727273,199,NA,9252,1547,10696,1518,1,3.19,3.19,13.32,NA,54,58,NA,NA,NA,NA,1.84,1.75,NA,NA,61,60,62,64,62,79,NA,85.6,NA,NA,NA,0,10497,10696,1547,55,39,68,57.7,13.9,69,19,73,68,-27,2.06,0.16,20.3,3466,10696,726990,17,5,5,40,17,16,53,17,5,8,11,5,39,30,5,NA,NA,3,"Division 2","9/18/2022","C",1.795
"University of West Georgia","Lauren","McElhaney",8,"So","C",23,17,0.279,0.279,0.372,43,4,12,1,NA,16,1,3,NA,NA,NA,NA,5,6,NA,NA,NA,NA,NA,18,9,"D-II",56,8,2,0.97,NA,2,48,4,0.0833333333333333,66,NA,11812,1693,13092,1519,1,3.2,3.3,12.7,12.7,51,49,NA,NA,NA,NA,1.87,2,NA,NA,65,NA,NA,NA,NA,69.9,59.4,50.8,96.8,5.6,5.4,NA,12776,13092,1693,69,69,65,51.9,13.1,83,5,86,87,-23,1.62,0.16,17.5,NA,NA,NA,NA,NA,NA,NA,NA,NA,NA,NA,NA,NA,NA,NA,NA,NA,NA,NA,NA,3,"Division 2","","C",1.935
"Western Oregon University","Natalie","Willoughby",22,"So","c",46,45,0.355,0.438,0.674,141,35,50,12,NA,95,11,39,3,18,3,NA,NA,31,6,3,2,NA,1,32,22,"D-II",233,24,7,0.973,NA,2,42,5,0.119047619047619,264,2,13641,1729,14086,1601,1,3.03,3.1,12.24,NA,60,61,60,NA,NA,NA,1.62,1.69,1.72,NA,71,66,72,78,83,102.6,84.4,71.6,70.2,5.37,5.35,NA,13859,14086,1729,52,55,66,63.4,13.2,65,8,88,78,-28,2.53,0.16,18,NA,NA,NA,NA,NA,NA,NA,NA,NA,NA,NA,NA,NA,NA,NA,NA,NA,NA,NA,NA,3,"Division 2","","C",1.69
"William Jewell College","Abby","Dubinski",5,"Sr","C",42,39,0.173,0.275,0.269,104,8,18,2,1,28,2,16,NA,14,1,1,1,22,8,NA,NA,2,NA,27,33,"D-II",114,17,2,0.985,1,6,26,6,0.230769230769231,133,NA,3667,895,5470,1619,1,2.99,3.03,12.04,12,57,55,57,56,57,56,1.85,1.8,1.99,1.88,69,70,69,NA,NA,NA,NA,NA,NA,NA,NA,21,4100,5470,895,68,45,45,56.2,6.3,81,7,77,73,-32,1.61,0.18,17.1,2149,5470,648738,35,20,53,29,72,77,76,53,72,96,57,59,62,68,41,NA,NA,3,"Division 2","11/10/2021","C",1.865
"William Jewell College","Lauren","Ledbetter",1,"Jr","C",22,19,0.065,0.204,0.065,46,3,3,NA,NA,3,NA,1,NA,8,NA,NA,NA,14,4,NA,NA,1,NA,12,16,"D-II",53,5,2,0.967,NA,4,24,2,0.0833333333333333,60,1,3674,895,5477,1619,1,NA,NA,NA,NA,59,57,58,56,57,54,2.04,2.01,2.2,2.15,69,68,69,NA,NA,NA,NA,NA,NA,NA,NA,21,4099,5477,895,47,50,58,58.3,10.7,60,13,101,79,-26,1.97,0.17,17,2158,5477,648745,26,12,6,42,75,99,79,5,42,99,5,10,47,96,31,NA,NA,3,"Division 2","11/13/2021","C",2.095
