Division_ID,Division,Name
1,Power 5,University of Oregon
1,Power 5,University of Arizona
1,Power 5,University of Missouri
1,Power 5,University of Kentucky
1,Power 5,University of Georgia
1,Power 5,Louisiana State University
1,Power 5,Virginia Tech
1,Power 5,Clemson University
1,Power 5,University of Tennessee
1,Power 5,Arizona State University
1,Power 5,University of Washington
1,Power 5,University of Arkansas
1,Power 5,University of Texas
1,Power 5,University of Florida
1,Power 5,University of Alabama
1,Power 5,Oklahoma State University
1,Power 5,Florida State University
1,Power 5,University of California Los Angeles
1,Power 5,University of Oklahoma
1,Power 5,University of Utah
1,Power 5,University of Illinois Urbana - Champaign 
1,Power 5,Georgia Institute of Technology
1,Power 5,The Ohio State University
1,Power 5,University of Louisville
1,Power 5,Iowa State University
1,Power 5,Baylor University
1,Power 5,University of South Carolina
1,Power 5,Oregon State University
1,Power 5,Texas A&M University
1,Power 5,Stanford University
1,Power 5,University of Minnesota
1,Power 5,Duke University
1,Power 5,Auburn University
1,Power 5,Mississippi State University
1,Power 5,University of Notre Dame
1,Power 5,University of Mississippi
1,Power 5,Northwestern University
1,Power 5,University of Michigan
1,Power 5,Rutgers University
1,Power 5,Michigan State University 
1,Power 5,Pennsylvania State University
1,Power 5,Purdue University
1,Power 5,University of Pittsburgh
1,Power 5,Boston College
1,Power 5,University of Maryland 
1,Power 5,University of Iowa
1,Power 5,Syracuse University
1,Power 5,University of Virginia
1,Power 5,University of Kansas
1,Power 5,Indiana University Bloomington
1,Power 5,North Carolina State University
1,Power 5,University of North Carolina at Chapel Hill
1,Power 5,University of Wisconsin - Madison
1,Power 5,University of Nebraska-Lincoln
1,Power 5,Texas Tech University
1,Power 5,University of California Berkeley
2,Division 1 Mid-Major,New Mexico State University
2,Division 1 Mid-Major,"University of Hawaii, Manoa"
2,Division 1 Mid-Major,Northwestern State University
2,Division 1 Mid-Major,Ball State University
2,Division 1 Mid-Major,University of North Carolina Wilmington
2,Division 1 Mid-Major,Lipscomb University
2,Division 1 Mid-Major,Canisius College
2,Division 1 Mid-Major,North Dakota State University
2,Division 1 Mid-Major,State University of New York at Albany 
2,Division 1 Mid-Major,Belmont University
2,Division 1 Mid-Major,Colorado State University
2,Division 1 Mid-Major,Middle Tennessee State University
2,Division 1 Mid-Major,Coastal Carolina University
2,Division 1 Mid-Major,Florida Atlantic University
2,Division 1 Mid-Major,Jacksonville State University
2,Division 1 Mid-Major,Murray State University
2,Division 1 Mid-Major,University of Southern Mississippi
2,Division 1 Mid-Major,Grand Canyon University
2,Division 1 Mid-Major,Elon University
2,Division 1 Mid-Major,Princeton University
2,Division 1 Mid-Major,Samford University
2,Division 1 Mid-Major,Lehigh University
2,Division 1 Mid-Major,Drake University
2,Division 1 Mid-Major,University of Texas at Arlington
2,Division 1 Mid-Major,Stephen F Austin State University
2,Division 1 Mid-Major,Fordham University
2,Division 1 Mid-Major,"University of Maryland, Baltimore County"
2,Division 1 Mid-Major,Austin Peay State University
2,Division 1 Mid-Major,Kennesaw State University
2,Division 1 Mid-Major,Illinois State University
2,Division 1 Mid-Major,University of North Alabama
2,Division 1 Mid-Major,"California State University, Fresno"
2,Division 1 Mid-Major,Southeastern Louisiana University
2,Division 1 Mid-Major,Saint Francis University
2,Division 1 Mid-Major,Florida Gulf Coast University
2,Division 1 Mid-Major,Hofstra University
2,Division 1 Mid-Major,Louisiana Tech University
2,Division 1 Mid-Major,Weber State University
2,Division 1 Mid-Major,Stony Brook University
2,Division 1 Mid-Major,Seattle University
2,Division 1 Mid-Major,University of South Carolina Upstate
2,Division 1 Mid-Major,Marshall University
2,Division 1 Mid-Major,Campbell University
2,Division 1 Mid-Major,University of Central Arkansas
2,Division 1 Mid-Major,University of North Florida
2,Division 1 Mid-Major,University of Connecticut
2,Division 1 Mid-Major,University of Tulsa
2,Division 1 Mid-Major,Southeast Missouri State University
2,Division 1 Mid-Major,George Washington University
2,Division 1 Mid-Major,Long Beach State University
2,Division 1 Mid-Major,Missouri State University
2,Division 1 Mid-Major,University of Houston
2,Division 1 Mid-Major,Longwood University
2,Division 1 Mid-Major,Wagner College
2,Division 1 Mid-Major,University of Alabama at Birmingham
2,Division 1 Mid-Major,University of Delaware
2,Division 1 Mid-Major,DePaul University
2,Division 1 Mid-Major,Southern Illinois University
2,Division 1 Mid-Major,University of North Carolina Greensboro
2,Division 1 Mid-Major,Boise State University
2,Division 1 Mid-Major,University of North Carolina at Charlotte
2,Division 1 Mid-Major,University of South Alabama
2,Division 1 Mid-Major,Troy University
2,Division 1 Mid-Major,Loyola Marymount University 
2,Division 1 Mid-Major,Univeristy of Northern Iowa
2,Division 1 Mid-Major,San Diego State University
2,Division 1 Mid-Major,"University of Nevada, Las Vegas"
2,Division 1 Mid-Major,Miami University
2,Division 1 Mid-Major,Boston University
2,Division 1 Mid-Major,"California State University, Fullerton"
2,Division 1 Mid-Major,University of North Texas
2,Division 1 Mid-Major,Brigham Young University
2,Division 1 Mid-Major,McNeese State University
2,Division 1 Mid-Major,James Madison University
2,Division 1 Mid-Major,South Dakota State University
2,Division 1 Mid-Major,Western Kentucky University
2,Division 1 Mid-Major,Texas State University
2,Division 1 Mid-Major,University of South Florida
2,Division 1 Mid-Major,Wichita State University
2,Division 1 Mid-Major,Liberty University
2,Division 1 Mid-Major,University of Central Florida
2,Division 1 Mid-Major,University of Louisiana Lafayette
2,Division 1 Mid-Major,University of Texas at El Paso
2,Division 1 Mid-Major,University of Massachusetts
2,Division 1 Mid-Major,Binghamton University
2,Division 1 Mid-Major,Houston Baptist University
2,Division 1 Mid-Major,Harvard University 
2,Division 1 Mid-Major,University of Evansville
2,Division 1 Mid-Major,Utah Tech University
2,Division 1 Mid-Major,Utah Valley University
2,Division 1 Mid-Major,University of Pennsylvania
2,Division 1 Mid-Major,Youngstown State University
2,Division 1 Mid-Major,Sam Houston State University
2,Division 1 Mid-Major,"University of California, Riverside"
2,Division 1 Mid-Major,Texas A&M University - Corpus Christi
2,Division 1 Mid-Major,University of Dayton
2,Division 1 Mid-Major,Mercer University
2,Division 1 Mid-Major,Loyola University Chicago
2,Division 1 Mid-Major,University of Toledo
2,Division 1 Mid-Major,Seton Hall University
2,Division 1 Mid-Major,Tarleton State University
2,Division 1 Mid-Major,Radford University
2,Division 1 Mid-Major,"California State University, Northridge"
2,Division 1 Mid-Major,University of South Dakota
2,Division 1 Mid-Major,Presbyterian College 
2,Division 1 Mid-Major,Northern Illinois University
2,Division 1 Mid-Major,United States Military Academy West Point
2,Division 1 Mid-Major,Morgan State University
2,Division 1 Mid-Major,Northern Kentucky University
2,Division 1 Mid-Major,Rider University
2,Division 1 Mid-Major,Jacksonville University
2,Division 1 Mid-Major,Towson University
2,Division 1 Mid-Major,St. John's University
2,Division 1 Mid-Major,Indiana State University
2,Division 1 Mid-Major,Georgia Southern University
2,Division 1 Mid-Major,Robert Morris University
2,Division 1 Mid-Major,Eastern Illinois University
2,Division 1 Mid-Major,Siena College
2,Division 1 Mid-Major,Monmouth University
2,Division 1 Mid-Major,University of Illinois Chicago
2,Division 1 Mid-Major,University of Memphis
2,Division 1 Mid-Major,Georgia State University
2,Division 1 Mid-Major,Sacramento State University
2,Division 1 Mid-Major,Utah State University
2,Division 1 Mid-Major,Southern Illinois University Edwardsville
2,Division 1 Mid-Major,Iona University
2,Division 1 Mid-Major,"University of California, Davis"
2,Division 1 Mid-Major,Saint Louis University
2,Division 1 Mid-Major,Tennessee Tech University
2,Division 1 Mid-Major,Kansas City University
2,Division 1 Mid-Major,Furman University
2,Division 1 Mid-Major,Central Michigan University
2,Division 1 Mid-Major,University of San Diego
2,Division 1 Mid-Major,University of Texas at San Antonio
2,Division 1 Mid-Major,Creighton University
2,Division 1 Mid-Major,Long Island University Brooklyn
2,Division 1 Mid-Major,San Jose State University
2,Division 1 Mid-Major,Providence College
2,Division 1 Mid-Major,University of Tennessee at Chattanooga
2,Division 1 Mid-Major,University of New Mexico
2,Division 1 Mid-Major,East Carolina University
2,Division 1 Mid-Major,Marist College
2,Division 1 Mid-Major,Portland State University
2,Division 1 Mid-Major,Eastern Kentucky University
2,Division 1 Mid-Major,Drexel University
2,Division 1 Mid-Major,University of Nevada
2,Division 1 Mid-Major,University of California San Diego
2,Division 1 Mid-Major,Bowling Green State University
2,Division 1 Mid-Major,Ohio University
2,Division 1 Mid-Major,Mount St. Mary's University
2,Division 1 Mid-Major,University of Massachusetts Lowell
2,Division 1 Mid-Major,University of Nebraska - Omaha
2,Division 1 Mid-Major,California Baptist University
2,Division 1 Mid-Major,Florida International University
2,Division 1 Mid-Major,University of Louisiana Monroe
2,Division 1 Mid-Major,University of Tennessee at Martin
2,Division 1 Mid-Major,Appalachian State University
2,Division 1 Mid-Major,Fairfield University
2,Division 1 Mid-Major,Kent State University
2,Division 1 Mid-Major,Bradley University
2,Division 1 Mid-Major,Oakland University
2,Division 1 Mid-Major,Saint Joseph's University
2,Division 1 Mid-Major,Butler University
2,Division 1 Mid-Major,South Carolina State University
2,Division 1 Mid-Major,University of Maryland Eastern Shore
2,Division 1 Mid-Major,University of Arkansas at Pine Buff
2,Division 1 Mid-Major,Grambling State University
2,Division 1 Mid-Major,Saint Peter's University
2,Division 1 Mid-Major,Southern University and A&M College
2,Division 1 Mid-Major,Coppin State University
2,Division 1 Mid-Major,Lafayette College
2,Division 1 Mid-Major,St. Bonaventure University
2,Division 1 Mid-Major,University of Rhode Island
2,Division 1 Mid-Major,Alabama A&M University
2,Division 1 Mid-Major,La Salle University
2,Division 1 Mid-Major,North Carolina Central University
2,Division 1 Mid-Major,Alcorn State University
2,Division 1 Mid-Major,Mississippi Valley State University
2,Division 1 Mid-Major,Delaware State University
2,Division 1 Mid-Major,Brown University
2,Division 1 Mid-Major,Bellarmine University
2,Division 1 Mid-Major,Holy Cross College
2,Division 1 Mid-Major,Quinnipiac University
2,Division 1 Mid-Major,Prairie View A&M University
2,Division 1 Mid-Major,Purdue University Fort Wayne
2,Division 1 Mid-Major,Bryant University
2,Division 1 Mid-Major,University of Hartford
2,Division 1 Mid-Major,Morehead State University
2,Division 1 Mid-Major,Columbia University
2,Division 1 Mid-Major,Wagner College
2,Division 1 Mid-Major,North Carolina Agricultural and Technical State University
2,Division 1 Mid-Major,Hampton University
2,Division 1 Mid-Major,Southern Utah University
2,Division 1 Mid-Major,Jackson State University
2,Division 1 Mid-Major,University of Maine
2,Division 1 Mid-Major,University of North Dakota
2,Division 1 Mid-Major,Indiana University-Purdue University Indianapolis
2,Division 1 Mid-Major,"California State University, Bakersfield"
2,Division 1 Mid-Major,Tennessee State University
2,Division 1 Mid-Major,Norfolk State University
2,Division 1 Mid-Major,Cornell University
2,Division 1 Mid-Major,Florida A&M University
2,Division 1 Mid-Major,Sacred Heart University
2,Division 1 Mid-Major,Niagara University
2,Division 1 Mid-Major,Fairleigh Dickinson University
2,Division 1 Mid-Major,Texas Southern University
2,Division 1 Mid-Major,Alabama State University
2,Division 1 Mid-Major,University of the Incarnate Word
2,Division 1 Mid-Major,Merrimack College
2,Division 1 Mid-Major,Valparaiso University
2,Division 1 Mid-Major,Cleveland State University
2,Division 1 Mid-Major,University of the Pacific
2,Division 1 Mid-Major,Bethune-Cookman University
2,Division 1 Mid-Major,East Tennessee State University
2,Division 1 Mid-Major,College of Charleston
2,Division 1 Mid-Major,Nicholls State University
2,Division 1 Mid-Major,Lamar University
2,Division 1 Mid-Major,Gardner-Webb University
2,Division 1 Mid-Major,Saint Mary's College of California
2,Division 1 Mid-Major,Western Illinois University
2,Division 1 Mid-Major,Georgetown University
2,Division 1 Mid-Major,University of Wisconsin-Green Bay
2,Division 1 Mid-Major,Santa Clara University 
2,Division 1 Mid-Major,Western Michigan University
2,Division 1 Mid-Major,Dartmouth College
2,Division 1 Mid-Major,Central Connecticut State University
2,Division 1 Mid-Major,University of Montana
2,Division 1 Mid-Major,University of Akron
2,Division 1 Mid-Major,University of Northern Colorado
2,Division 1 Mid-Major,Bucknell University
2,Division 1 Mid-Major,"University of California, Santa Barbara"
2,Division 1 Mid-Major,University of Detroit Mercy
2,Division 1 Mid-Major,Abilene Christian University
2,Division 1 Mid-Major,George Mason University
2,Division 1 Mid-Major,California Polytechnic State University
2,Division 1 Mid-Major,Stetson University
2,Division 1 Mid-Major,Western Carolina University
2,Division 1 Mid-Major,Howard University
2,Division 1 Mid-Major,State University of New York at Buffalo
2,Division 1 Mid-Major,Winthrop University
2,Division 1 Mid-Major,Manhattan College
2,Division 1 Mid-Major,Idaho State University
2,Division 1 Mid-Major,Charleston Southern University
2,Division 1 Mid-Major,Colgate University
3,Division 2,Francis Marion University
3,Division 2,University of Missouri-St. Louis
3,Division 2,Eckerd College
3,Division 2,Central Washington University
3,Division 2,Florida Southern College
3,Division 2,Metro State University of Denver
3,Division 2,University of North Carolina at Pembroke
3,Division 2,Saint Anselm College
3,Division 2,"California State University, East Bay"
3,Division 2,Northeastern State University
3,Division 2,Ohio Dominican University
3,Division 2,Trevecca Nazarene University
3,Division 2,"California State University, Stanislaus"
3,Division 2,University of Mount Olive
3,Division 2,University of West Georgia
3,Division 2,Limestone University
3,Division 2,Georgia Southwestern State University
3,Division 2,University of Central Missouri
3,Division 2,"Concordia University, St. Paul"
3,Division 2,Northwood University
3,Division 2,Lander University
3,Division 2,Flagler College
3,Division 2,St. Edward's University
3,Division 2,Barry University
3,Division 2,Long Island University Post
3,Division 2,Texas A&M International University
3,Division 2,Tusculum University
3,Division 2,Saginaw Valley State University
3,Division 2,Lindenwood University
3,Division 2,University of Hawaii at Hilo
3,Division 2,Western Washington University
3,Division 2,Missouri Southern State University
3,Division 2,San Francisco State University
3,Division 2,University of West Alabama
3,Division 2,King University
3,Division 2,Southeastern Oklahoma State University
3,Division 2,Drury University
3,Division 2,University of Montevallo
3,Division 2,Northwest Nazarene University
3,Division 2,"California State University, San Bernardino"
3,Division 2,Palm Beach Atlantic University
3,Division 2,University of Southern Indiana
3,Division 2,Newberry College
3,Division 2,Missouri Western State University
3,Division 2,St. Cloud State University
3,Division 2,Lee University
3,Division 2,Mississippi College
3,Division 2,Colorado Christian University
3,Division 2,Biola University
3,Division 2,California State University San Marcos
3,Division 2,Lenoir-Rhyne University
3,Division 2,Wingate University
3,Division 2,Florida Institute of Tehnology
3,Division 2,Young Harris College
3,Division 2,Columbus State University
3,Division 2,University of Minnesota Duluth
3,Division 2,Washburn University
3,Division 2,Harding University
3,Division 2,"California State University, Monterey Bay"
3,Division 2,Azusa Pacific University
3,Division 2,Cameron University
3,Division 2,Anderson University (SC)
3,Division 2,Carson-Newman University
3,Division 2,Nova Southeastern University
3,Division 2,"California State University, Dominguez Hills"
3,Division 2,Embry-Riddle Aeronautical University
3,Division 2,Saint Leo University
3,Division 2,University of Indianapolis
3,Division 2,Arkansas Tech University
3,Division 2,"Minnesota State University, Mankato"
3,Division 2,Lincoln Memorial University
3,Division 2,Sonoma State University
3,Division 2,Winona State University
3,Division 2,Colorado Mesa University
3,Division 2,Southern Arkansas University
3,Division 2,St. Mary's University
3,Division 2,"California State University, Chico"
3,Division 2,Grand Valley State University
3,Division 2,University of Alabama in Huntsville
3,Division 2,Rollins College
3,Division 2,University of West Florida
3,Division 2,University of Tampa
3,Division 2,Rogers State University
3,Division 2,West Texas A&M University
3,Division 2,University of Central Oklahoma
3,Division 2,Concordia University Irvine
3,Division 2,Lubbock Christian University
3,Division 2,Valdosta State University
3,Division 2,Oklahoma Christian University
3,Division 2,Angelo State University
3,Division 2,Texas A&M University - Commerce
3,Division 2,University of North Georgia
3,Division 2,Auburn University at Montgomery
3,Division 2,Texas A&M University - Kigsville
3,Division 2,Augustana University
3,Division 2,University of Texas at Tyler
3,Division 2,Ashland University
3,Division 2,Truman State University
3,Division 2,Thomas Aquinas College
3,Division 2,Southern Wesleyan University
3,Division 2,Northern State University
3,Division 2,St. Thomas Aquinas College
3,Division 2,University of Colorado Colorado Springs
3,Division 2,Gannon University
3,Division 2,Holy Names University
3,Division 2,Newman University
3,Division 2,University of Charleston
3,Division 2,Franklin Pierce University
3,Division 2,Spring Hill College
3,Division 2,Eastern New Mexico University
3,Division 2,Mars Hill University
3,Division 2,Frostburg State University
3,Division 2,"Pennsylvania Western University, California"
3,Division 2,Henderson State University
3,Division 2,Christian Brothers University
3,Division 2,University of New Haven
3,Division 2,Southwestern Oklahoma State University
3,Division 2,Tiffin University
3,Division 2,University of Bridgeport
3,Division 2,Caldwell University
3,Division 2,Montana State University Billings
3,Division 2,Southern New Hampshire University
3,Division 2,William Jewell College
3,Division 2,Shippensburg University
3,Division 2,Colorado School of Mines
3,Division 2,West Virginia State University
3,Division 2,West Virginia Wesleyan College
3,Division 2,Ferris State University
3,Division 2,East Stroudsburg University of Pennsylvania
3,Division 2,Bloomsburg University of Pennsylvania
3,Division 2,Upper Iowa University
3,Division 2,Barton College
3,Division 2,Wayne State University
3,Division 2,Academy of Art University
3,Division 2,Cedarville University
3,Division 2,Catawba College
3,Division 2,Shepherd University
3,Division 2,Lynn University
3,Division 2,Texas Woman's University
3,Division 2,Wilmington University
3,Division 2,Quincy University
3,Division 2,Erskine College
3,Division 2,West Chester University
3,Division 2,West Liberty University
3,Division 2,Georgia College & State University
3,Division 2,University of Arkansas at Monticello
3,Division 2,Northwest Missouri State University
3,Division 2,Regis University
3,Division 2,East Central University
3,Division 2,Lees-McRae College
3,Division 2,Midwestern State University
3,Division 2,Union University
3,Division 2,Chaminade University of Honolulu
3,Division 2,Southwest Minnesota State University
3,Division 2,Augusta University
3,Division 2,University of South Carolina Aiken
3,Division 2,Dominican University of California
3,Division 2,University of Virginia's College at Wise
3,Division 2,"California State Polytechnic University, Humboldt"
3,Division 2,Seton Hill University
3,Division 2,Ouachita Baptist University
3,Division 2,Simon Fraser University
3,Division 2,Belmont Abbey College
3,Division 2,Minot State University
3,Division 2,Emory & Henry College
3,Division 2,Coker University
3,Division 2,University of Findlay
3,Division 2,North Greenville University
3,Division 2,Lewis University
3,Division 2,University of Nebraska Kearney
3,Division 2,McKendree University
3,Division 2,Purdue University Northwest
3,Division 2,Hawai'i Pacific University
3,Division 2,Fort Hays State University
3,Division 2,Georgian Court University
3,Division 2,Maryville University
3,Division 2,Pittsburg State University
3,Division 2,Adelphi University
3,Division 2,Hillsdale College
3,Division 2,Rockhurst University
3,Division 2,Oklahoma Baptist University
3,Division 2,Emmanuel College (GA)
3,Division 2,Queens University of Charlotte
3,Division 2,Delta State University
3,Division 2,Emporia State University
3,Division 2,Davenport University
3,Division 2,University of Sioux Falls
3,Division 2,Kutztown University of Pennsylvania
3,Division 2,Saint Martin's University
3,Division 2,Western Oregon University
3,Division 2,University of Illinois Springfield
3,Division 2,Southern Nazarene University
3,Division 2,Paine College
3,Division 2,Livingstone College
3,Division 2,Allen University
3,Division 2,LeMoyne-Owen College
3,Division 2,Saint Augustine's University
3,Division 2,Lincoln University (PA)
3,Division 2,Johnson C. Smith University
3,Division 2,Shaw University
3,Division 2,Bluefield State University
3,Division 2,Clark Atlanta University
3,Division 2,Elizabeth City State University
3,Division 2,Virginia Union University
3,Division 2,Fort Valley State University
3,Division 2,Urbana University
3,Division 2,Salem University
3,Division 2,Ohio Valley University
3,Division 2,Bowie State University
3,Division 2,Miles College
3,Division 2,Converse University
3,Division 2,Kentucky State University
3,Division 2,Fayetteville State University
3,Division 2,Lane College
3,Division 2,Chestnut Hill College
3,Division 2,Virginia State University
3,Division 2,Winston-Salem State University
3,Division 2,Savannah State University
3,Division 2,Alliance University
3,Division 2,Benedict College
3,Division 2,Goldey-Beacom College
3,Division 2,Holy Family University
3,Division 2,"College of Staten Island, City University of New York"
3,Division 2,"Pennsylvania Western University, Clarion"
3,Division 2,Bloomfield College
3,Division 2,Alderson Broaddus University
3,Division 2,Felician University
3,Division 2,Mansfield University of Pennsylvania
3,Division 2,Notre Dame de Namur University
3,Division 2,American International College
3,Division 2,New Mexico Highlands University
3,Division 2,Saint Michael's College
3,Division 2,"Queens College, City University of New York"
3,Division 2,Lincoln University (MO)
3,Division 2,Albany State University
3,Division 2,Edward Waters University
3,Division 2,Wheeling University
3,Division 2,Minnesota State University Moorhead 
3,Division 2,Black Hills State University
3,Division 2,Thomas Jefferson University
3,Division 2,Glenville State University
3,Division 2,Adams State University
3,Division 2,College of Saint Rose
3,Division 2,Chowan University
3,Division 2,Stonehill College
3,Division 2,"Pennsylvania Western University, Edinboro"
3,Division 2,Claflin University
3,Division 2,Lake Erie College
3,Division 2,Western New Mexico University
3,Division 2,University of Pittsburgh at Johnstown
3,Division 2,Chadron State College
3,Division 2,University of Minnesota Crookston
3,Division 2,Post University
3,Division 2,Southwest Baptist University
3,Division 2,Dominican University New York
3,Division 2,Slippery Rock University
3,Division 2,Mercy College
3,Division 2,University of Mary
3,Division 2,D'Youville University
3,Division 2,Kentucky Wesleyan College
3,Division 2,Notre Dame College
3,Division 2,Tuskegee University
3,Division 2,Malone University
3,Division 2,Southern Connecticut State University
3,Division 2,Millersville University
3,Division 2,Indiana University of Pennsylvania
3,Division 2,Bemidji State University
3,Division 2,Walsh University
3,Division 2,Colorado State University Pueblo
3,Division 2,Ursuline College
3,Division 2,Wayne State College
3,Division 2,Davis & Elkins College
3,Division 2,Fort Lewis College
3,Division 2,Concord University
3,Division 2,Northwestern Oklahoma State University
3,Division 2,University of Wisconsin - Parkside
3,Division 2,Lock Haven University
3,Division 2,Molloy University
3,Division 2,Shorter University
3,Division 2,University of Texas Permian Basin
3,Division 2,Le Moyne College
3,Division 2,Fairmont State University
3,Division 2,Missouri University of Science and Technology
3,Division 2,Mercyhurst University
3,Division 2,Assumption University
3,Division 2,Pace University
3,Division 2,Bentley University
4,Division 3,University of Chicago
4,Division 3,Middlebury College
4,Division 3,St. John Fisher University
4,Division 3,Lebanon Valley College
4,Division 3,University of Mary Washington
4,Division 3,Alfred University
4,Division 3,Illinois College
4,Division 3,Wittenberg University
4,Division 3,Stevens Institute of Technology
4,Division 3,North Carolina Wesleyan University
4,Division 3,United States Coast Guard Academy
4,Division 3,Stockton University
4,Division 3,Otterbein University
4,Division 3,Franklin College
4,Division 3,University of Southern Maine
4,Division 3,Denison University
4,Division 3,Augustana College
4,Division 3,Meredith College
4,Division 3,Manhattanville College
4,Division 3,Lake Forest College
4,Division 3,Simpson College
4,Division 3,Wheaton College (IL)
4,Division 3,Messiah University
4,Division 3,Defiance College
4,Division 3,Westminster College (PA)
4,Division 3,Schreiner University
4,Division 3,William Peace University
4,Division 3,York College of Pennsylvania
4,Division 3,College of Wooster
4,Division 3,Lewis & Clark College
4,Division 3,Carnegie Mellon University
4,Division 3,Hiram College
4,Division 3,Maryville College
4,Division 3,University of Wisconsin - Stevens Point
4,Division 3,Trinity University
4,Division 3,Susquehanna University
4,Division 3,Swarthmore College
4,Division 3,Ramapo College of New Jersey
4,Division 3,Rensselaer Polytechnic Institute
4,Division 3,State University of New York College at Cortland
4,Division 3,New York University
4,Division 3,Pacific University
4,Division 3,Southwestern University
4,Division 3,Huntingdon College
4,Division 3,Carthage College
4,Division 3,Misericordia University
4,Division 3,University of Texas at Dallas
4,Division 3,University of La Verne
4,Division 3,Carroll University
4,Division 3,Endicott College
4,Division 3,Ferrum College
4,Division 3,Concordia University Texas
4,Division 3,LeTourneau University
4,Division 3,State University of New York College at Geneseo
4,Division 3,University of Scranton
4,Division 3,Averett University
4,Division 3,University of Mount Union
4,Division 3,Springfield College
4,Division 3,Arcadia University
4,Division 3,Ohio Northern University
4,Division 3,St. Olaf College
4,Division 3,Chapman University
4,Division 3,Benedictine University
4,Division 3,Muskingum University
4,Division 3,Nebraska Wesleyan University
4,Division 3,Bridgewater College
4,Division 3,University of St. Thomas (TX)
4,Division 3,Brandeis University
4,Division 3,University of Rochester
4,Division 3,St. Catherine University
4,Division 3,University of Dubuque
4,Division 3,Sul Ross State University
4,Division 3,McMurry University
4,Division 3,Greensboro College
4,Division 3,Ithaca College
4,Division 3,Hardin-Simmons University
4,Division 3,North Central College
4,Division 3,Buena Vista Univeristy
4,Division 3,University of Wisconsin - La Crosse
4,Division 3,Williams College
4,Division 3,University of Wisconsin - Whitewater
4,Division 3,Whittier College
4,Division 3,Amherst College
4,Division 3,Milwaukee School of Engineering
4,Division 3,Central College
4,Division 3,Alma College
4,Division 3,University of Redlands
4,Division 3,University of Wisconsin - Eau Claire
4,Division 3,Claremont-Mudd-Scripps
4,Division 3,Pomona-Pitzer
4,Division 3,Washington University in St. Louis
4,Division 3,Emory University
4,Division 3,Worcester Polytechnic Institute
4,Division 3,Hope College
4,Division 3,Aurora University
4,Division 3,Calvin University
4,Division 3,University of Wisconsin Oshkosh
4,Division 3,Kean University
4,Division 3,University of Lynchburg
4,Division 3,Pacific Lutheran University
4,Division 3,Luther College
4,Division 3,Moravian University
4,Division 3,Coe College
4,Division 3,Roanoke College
4,Division 3,Bethel University (MN)
4,Division 3,Transylvania University
4,Division 3,Whitworth University
4,Division 3,Concordia University Wisconsin
4,Division 3,Massachusetts Institute of Technology
4,Division 3,Pfeiffer University
4,Division 3,Tufts University
4,Division 3,Babson College
4,Division 3,Eastern Connecticut State University
4,Division 3,Piedmont University
4,Division 3,Illinois Wesleyan University
4,Division 3,College of Saint Benedict
4,Division 3,Mount St. Joseph University
4,Division 3,Belhaven University
4,Division 3,Berry College
4,Division 3,Wartburg College
4,Division 3,Millikin University
4,Division 3,College of New Jersey
4,Division 3,Randolph-Macon College
4,Division 3,Rowan University
4,Division 3,Case Western Reserve University
4,Division 3,University of Mary Hardin - Baylor
4,Division 3,George Fox University
4,Division 3,Birmingham - Southern College
4,Division 3,DePauw University
4,Division 3,Salisbury University
4,Division 3,Trine University
4,Division 3,University of St. Thomas (MN)
4,Division 3,Linfield University
4,Division 3,Virginia Wesleyan University
4,Division 3,East Texas Baptist University
4,Division 3,Christopher Newport University
4,Division 3,Texas Lutheran University
4,Division 3,Mississippi University for Women
4,Division 3,State University of New York at Oswego
4,Division 3,Mount Aloysius College
4,Division 3,Centre College
4,Division 3,Rutgers University - Newark
4,Division 3,Saint Joseph's College of Maine
4,Division 3,Albertus Magnus College
4,Division 3,Salve Regina University
4,Division 3,State University of New York Brockport
4,Division 3,Cornell College
4,Division 3,Juniata College
4,Division 3,Suffolk University
4,Division 3,Gordon College
4,Division 3,Greenville University
4,Division 3,Allegheny College
4,Division 3,Waynesburg University
4,Division 3,Brevard College
4,Division 3,Edgewood College
4,Division 3,Spalding University
4,Division 3,University of Massachusetts Boston
4,Division 3,Wellesley College
4,Division 3,State University of New York at Fredonia
4,Division 3,Bridgewater State University
4,Division 3,Dickinson College
4,Division 3,Bethany College (WV)
4,Division 3,University of Northwestern - St. Paul
4,Division 3,Eastern Nazarene College
4,Division 3,Hood College
4,Division 3,Salem College
4,Division 3,Marywood University
4,Division 3,Concordia College
4,Division 3,State University of New York College at Buffalo
4,Division 3,Carolina University
4,Division 3,University of Wisconsin - Superior
4,Division 3,Macalester College
4,Division 3,University of New England
4,Division 3,St. Norbert College
4,Division 3,State University of New York College at Plattsburgh
4,Division 3,Pennsylvania College of Technology
4,Division 3,Saint Vincent College
4,Division 3,Kenyon College
4,Division 3,Union College
4,Division 3,Emerson College
4,Division 3,Wilkes University
4,Division 3,Rockford University
4,Division 3,Castleton University
4,Division 3,Smith College
4,Division 3,DeSales University
4,Division 3,Skidmore College
4,Division 3,Eastern University
4,Division 3,Drew University
4,Division 3,Wesleyan University
4,Division 3,University of the Ozarks
4,Division 3,Asbury University
4,Division 3,Plymouth State University
4,Division 3,Fontbonne University
4,Division 3,Franklin & Marshall College
4,Division 3,Rutgers University - Camden
4,Division 3,College of St. Scholastica
4,Division 3,Webster University
4,Division 3,Wisconsin Lutheran College
4,Division 3,Anderson University (IN)
4,Division 3,Widener University
4,Division 3,Clarkson University
4,Division 3,Framingham State University
4,Division 3,Saint Mary's University of Minnesota
4,Division 3,Western New England University
4,Division 3,Geneva College
4,Division 3,Washington College
4,Division 3,Haverford College
4,Division 3,University of Puget Sound
4,Division 3,California Lutheran University
4,Division 3,Bethany Lutheran College
4,Division 3,Pennsylvania State University Berks
4,Division 3,Wilmington College
4,Division 3,Simmons University
4,Division 3,Grinnell College
4,Division 3,McDaniel College
4,Division 3,Cabrini University
4,Division 3,Hendrix College
4,Division 3,Colby College
4,Division 3,Ursinus College
4,Division 3,Adrian College
4,Division 3,Concordia University Chicago
4,Division 3,Ohio Wesleyan University
4,Division 3,Methodist University
4,Division 3,Willamette University
4,Division 3,John Carroll University
4,Division 3,University of Wisconsin - Stout
4,Division 3,Rhodes College
4,Division 3,Eastern Mennonite University
4,Division 3,Elmhurst University
4,Division 3,Lakeland University
4,Division 3,Howard Payne University
4,Division 3,Randolph College
4,Division 3,Occidental College
4,Division 3,Hanover College
4,Division 3,Carleton College
4,Division 3,Emmanuel College (MA)
4,Division 3,Muhlenberg College
4,Division 3,Hamline University
4,Division 3,William Paterson University
4,Division 3,Dominican University
4,Division 3,St. Mary's College
4,Division 3,Covenant College
4,Division 3,Millsaps College
4,Division 3,Gust Adolphus College
4,Division 3,North Park University
4,Division 3,Wesleyan College
4,Division 3,Kalamazoo College
4,Division 3,Pennsylvania State University Behrend
4,Division 3,University of Wisconsin - River Falls
4,Division 3,State University of New York at New Paltz
4,Division 3,Shenandoah University
4,Division 3,Marietta College
4,Division 3,Centenary University
4,Division 3,Catholic University of America
4,Division 3,Marian University
4,Division 3,Johnson & Wales University
4,Division 3,Loras College
4,Division 3,Husson University
4,Division 3,Bowdoin College
4,Division 3,Baldwin Wallace University
4,Division 3,King's College
4,Division 3,Farmingdale State College
4,Division 3,Guilford College
4,Division 3,State University of New York College at Oneonta
4,Division 3,Alvernia University
4,Division 3,Hamilton College
4,Division 3,Heidelberg University
4,Division 3,University of Massachusetts Dartmouth
4,Division 3,Wheaton College (MA)
4,Division 3,University of Wisconsin - Platteville
4,Division 3,Stevenson University
4,Division 3,Trinity College
4,Division 3,Gettysburg College
4,Division 3,Montclair State University
4,Division 3,Trinity Washington University
4,Division 3,York College
4,Division 3,Pine Manor College
4,Division 3,Brooklyn College
4,Division 3,Yeshiva University
4,Division 3,Principia College
4,Division 3,Lehman College
4,Division 3,University of Valley Forge
4,Division 3,Gallaudet University
4,Division 3,Maranatha Baptist University
4,Division 3,Northern Vermont University Johnson
4,Division 3,Wells College
4,Division 3,Clarks Summit University
4,Division 3,Sarah Lawrence College
4,Division 3,State University of New York at Morrisville
4,Division 3,Northern Vermont University Lyndon
4,Division 3,North Central University
4,Division 3,Massachusetts Maritime Academy
4,Division 3,Bay Path University
4,Division 3,State University of New York at Purchase
4,Division 3,Cairn University
4,Division 3,Notre Dame of Maryland University
4,Division 3,Baruch College
4,Division 3,Dean College
4,Division 3,State University of New York College at Old Westbury
4,Division 3,Hilbert College
4,Division 3,State University of New York at Canton
4,Division 3,Anna Maria College
4,Division 3,John Jay College of Criminal Justice
4,Division 3,Massachusetts College Of Liberal Arts
4,Division 3,College of Mount Saint Vincent
4,Division 3,College of Our Lady of the Elms
4,Division 3,Regis College
4,Division 3,Lancaster Bible College
4,Division 3,State University of New York at Potsdam
4,Division 3,
4,Division 3,State University of New York at Delhi
4,Division 3,Norwich University
4,Division 3,University of Maine Farmington
4,Division 3,University of Maine at Presque Isle
4,Division 3,Alverno College
4,Division 3,Alfred State College
4,Division 3,State University of New York Polytechnic Institute
4,Division 3,New Jersey City University
4,Division 3,Finlandia University
4,Division 3,Martin Luther College 
4,Division 3,Knox College
4,Division 3,Blackburn College
4,Division 3,Crown College
4,Division 3,Saint Elizabeth University
4,Division 3,Rivier University
4,Division 3,Keuka College
4,Division 3,Northland College
4,Division 3,Curry College
4,Division 3,Salem State University
4,Division 3,"University of Minnesota, Morris"
4,Division 3,Lasell University
4,Division 3,La Roche University
4,Division 3,Rosemont College
4,Division 3,Cazenovia College
4,Division 3,University of Pittsburgh at Greensburg
4,Division 3,Hunter College
4,Division 3,Lawrence University
4,Division 3,Gwynedd Mercy University
4,Division 3,State University of New York Cobleskill
4,Division 3,University of the South
4,Division 3,Thiel College
4,Division 3,Elmira College
4,Division 3,Fitchburg State University
4,Division 3,Mount Mary University
4,Division 3,Becker College
4,Division 3,Keystone College
4,Division 3,Ripon College
4,Division 3,Albright College
4,Division 3,Chatham University
4,Division 3,Worcester State University
4,Division 3,Franciscan University of Steubenville
4,Division 3,Delaware Valley University
4,Division 3,Beloit College
4,Division 3,Mitchell College
4,Division 3,Pennsylvania State University Abington
4,Division 3,Rochester Institute of Technology
4,Division 3,Olivet College
4,Division 3,Westfield State University
4,Division 3,Houghton University
4,Division 3,Nazareth College
4,Division 3,Iowa Wesleyan University
4,Division 3,Medaille University
4,Division 3,"St. Joseph's University, New York - Long Island"
4,Division 3,New England College
4,Division 3,Eureka College
4,Division 3,Wentworth Institute of Technology
4,Division 3,Marymount University
4,Division 3,Austin College
4,Division 3,Immaculata University
4,Division 3,Southern Virginia University
4,Division 3,Roger Williams University
4,Division 3,University of Pittsburgh at Bradford
4,Division 3,Clark University
4,Division 3,Lesley University
4,Division 3,Agnes Scott College
4,Division 3,"St. Joseph's University, New York"
4,Division 3,Nichols College
4,Division 3,University of Saint Joseph
4,Division 3,Pennsylvania State University Brandywine
4,Division 3,Utica University
4,Division 3,Berea College
4,Division 3,Monmouth College
4,Division 3,Elizabethtown College
4,Division 3,University of Dallas
4,Division 3,Washington & Jefferson College
4,Division 3,Pennsylvania State University Altoona
4,Division 3,Augsburg University
4,Division 3,Grove City College
4,Division 3,Thomas College
4,Division 3,Russell Sage College
4,Division 3,Keene State College
4,Division 3,Mount Saint Mary College
4,Division 3,Pennsylvania State University Harrisburg
4,Division 3,Bluffton University
4,Division 3,Cedar Crest College
4,Division 3,LaGrange College
4,Division 3,Oberlin College
4,Division 3,St. Lawrence University
4,Division 3,Westminster College (MO)
4,Division 3,Neumann University
4,Division 3,Capital University
4,Division 3,Albion College
4,Division 3,Western Connecticut State University
4,Division 3,Fairleigh Dickinson University - Florham
4,Division 3,Rose-Hulman Institute of Technology
4,Division 3,Mary Baldwin University
4,Division 3,Manchester University
4,Division 3,Lycoming College
4,Division 3,Wilson College
4,Division 3,Rhode Island College
4,Division 3,Bates College
5,NAIA,Spring Arbor University
5,NAIA,Missouri Baptist University
5,NAIA,Shawnee State University
5,NAIA,Union College KY
5,NAIA,Brewton-Parker College
5,NAIA,Missouri Valley College
5,NAIA,Louisiana Christian University
5,NAIA,Thomas More University
5,NAIA,Avila University
5,NAIA,Culver-Stockton College
5,NAIA,St. Ambrose University
5,NAIA,Indiana Institute of Technology
5,NAIA,Texas Wesleyan University
5,NAIA,William Penn University
5,NAIA,Dordt University
5,NAIA,Oklahoma Wesleyan University
5,NAIA,Huston-Tillotson University
5,NAIA,Indiana University Southeast
5,NAIA,Blue Mountain College
5,NAIA,University of Michigan - Dearborn
5,NAIA,University of Saint Francis
5,NAIA,St. Mary of the Woods College
5,NAIA,Oklahoma Panhandle State University
5,NAIA,Menlo College
5,NAIA,Cumberland University
5,NAIA,McPherson College
5,NAIA,Corban University
5,NAIA,University of Northwestern Ohio
5,NAIA,University of St. Francis
5,NAIA,Georgetown College
5,NAIA,Ottawa University AZ
5,NAIA,Mid-America Christian University
5,NAIA,MidAmerica Nazarene University
5,NAIA,Friends University
5,NAIA,Univeristy of Jamestown
5,NAIA,Bryan College
5,NAIA,Louisiana State University of Alexandria
5,NAIA,Central Baptist College
5,NAIA,Bellevue University
5,NAIA,University of Tennessee Southern
5,NAIA,Simpson University
5,NAIA,Mount Marty University
5,NAIA,Bethel University (TN)
5,NAIA,Arizona Christian University
5,NAIA,Keiser University
5,NAIA,Point University
5,NAIA,Benedictine College
5,NAIA,Evangel University
5,NAIA,Ave Maria University
5,NAIA,"Concordia University, Nebraska"
5,NAIA,Milligan University
5,NAIA,St.Thomas University
5,NAIA,Eastern Oregon University
5,NAIA,Brenau University
5,NAIA,Cottey College
5,NAIA,Valley City State University
5,NAIA,Ottawa University
5,NAIA,Mount Vernon Nazarene University
5,NAIA,Northwestern College
5,NAIA,"Embry-Riddle Aeronautical University, Prescott"
5,NAIA,Baker University
5,NAIA,Taylor University
5,NAIA,University of Houston - Victoria
5,NAIA,University of South Carolina Beaufort
5,NAIA,Our Lady of the Lake University
5,NAIA,Mount Mercy University
5,NAIA,Faulkner University
5,NAIA,Tennessee Wesleyan University
5,NAIA,Aquinas College
5,NAIA,Texas A&M University Texarkana
5,NAIA,Florida National University
5,NAIA,University of Rio Grande
5,NAIA,Middle Georgia State University
5,NAIA,Warner University
5,NAIA,Madonna University
5,NAIA,Olivet Nazarene University
5,NAIA,University of the Cumberlands
5,NAIA,Truett McConnell University
5,NAIA,Thomas University
5,NAIA,Reinhardt University
5,NAIA,Webber International University
5,NAIA,William Jessup University
5,NAIA,Morningside University
5,NAIA,Hope International University
5,NAIA,Vanguard University
5,NAIA,Southeastern University
5,NAIA,College of Coastal Georgia
5,NAIA,Columbia College
5,NAIA,Midland University
5,NAIA,Campbellsville University
5,NAIA,College of Idaho
5,NAIA,Indiana Wesleyan University
5,NAIA,Marian University Indianapolis
5,NAIA,Freed-Hardeman University
5,NAIA,Grand View University
5,NAIA,Georgia Gwinnett College
5,NAIA,Saint Xavier University
5,NAIA,Lindsey Wilson College
5,NAIA,University of Mobile
5,NAIA,Central Methodist University
5,NAIA,William Carey University
5,NAIA,Oregon Institute of Technology
5,NAIA,University of Science and Arts of Oklahoma
5,NAIA,Southern Oregon University
5,NAIA,Oklahoma City University
5,NAIA,Clark College
5,NAIA,Miami University Hamilton
5,NAIA,Fisher College
5,NAIA,Dallas Christian College
5,NAIA,Texas College
5,NAIA,Ecclesia College
5,NAIA,Harris-Stowe State University
5,NAIA,Rust College
5,NAIA,Penn State Schuylkill
5,NAIA,Voorhees College
5,NAIA,Washington Adventist University
5,NAIA,Morris College
5,NAIA,Johnson University
5,NAIA,Alice Lloyd College
5,NAIA,Haskell Indian Nations University
5,NAIA,Rochester University
5,NAIA,Stephens College
5,NAIA,Crowley's Ridge College
5,NAIA,Florida Memorial University
5,NAIA,Presentation College
5,NAIA,Viterbo University
5,NAIA,Southwestern College (KS)
5,NAIA,University of Health Sciences and Pharmacy in St Louis
5,NAIA,Arlington Baptist University
5,NAIA,Waldorf University
5,NAIA,Bacone College
5,NAIA,Lincoln College
5,NAIA,Trinity Baptist College
5,NAIA,Southwestern Christian University
5,NAIA,St. Andrew's University
5,NAIA,Langston University
5,NAIA,Central Christian College of Kansas
5,NAIA,Brescia University
5,NAIA,Bethel College
5,NAIA,Benedictine University Mesa
5,NAIA,Centenary College of Louisiana
5,NAIA,University of the Southwest
5,NAIA,Stillman College
5,NAIA,York University
5,NAIA,Sterling College
5,NAIA,Dakota State University
5,NAIA,Trinity Christian College
5,NAIA,Carlow University
5,NAIA,Montreat College
5,NAIA,Trinity International University
5,NAIA,University of Providence
5,NAIA,Lourdes University
5,NAIA,Oakland City University
5,NAIA,Bluefield University
5,NAIA,Antelope Valley College
5,NAIA,Judson University
5,NAIA,Hannibal-LaGrange University
5,NAIA,Talladega College
5,NAIA,Bethel University (IN)
5,NAIA,Dakota Wesleyan University
5,NAIA,Ohio Christian University
5,NAIA,University of St. Mary
5,NAIA,Peru State College
5,NAIA,Clarke University
5,NAIA,Mayville State University
5,NAIA,Univeristy of Pikeville
5,NAIA,Columbia College SC
5,NAIA,West Viriginia University Institute of Technology
5,NAIA,Grace College
5,NAIA,Kentucky Christian University
5,NAIA,College of St Mary
5,NAIA,Columbia International University
5,NAIA,Calumet College of St. Joseph
5,NAIA,Warner Pacific University
5,NAIA,Jarvis Christian University
5,NAIA,La Sierra University
5,NAIA,Park University Gilbert
5,NAIA,Cleary University
5,NAIA,Northwest University
5,NAIA,Williams Baptist University
5,NAIA,Point Park University
5,NAIA,Hastings College
5,NAIA,Bushnell University
5,NAIA,Graceland University
5,NAIA,Kansas Wesleyan University
5,NAIA,Indiana University South Bend
5,NAIA,San Diego Christian College
5,NAIA,Concordia Univeristy Ann Arbor
5,NAIA,Lyon College
5,NAIA,Westcliff University
5,NAIA,Cornerstone University
5,NAIA,Dickinson State University
5,NAIA,Tabor College
5,NAIA,Cardinal Stritch University
5,NAIA,Carroll College
5,NAIA,Briar Cliff University
5,NAIA,William Woods University
5,NAIA,Bethany College (KS)
5,NAIA,Texas A&M Univeristy - San Antonio
5,NAIA,Lawrence Technological University
5,NAIA,Huntington University
5,NAIA,Midway University
5,NAIA,University of Saint Katherine
5,NAIA,Xavier University of Louisiana
5,NAIA,Southwestern Assemblies of God University
5,NAIA,Goshen College
5,NAIA,Siena Heights University
5,NAIA,Doane University
5,NAIA,Roosevelt University
6,JUCO 1,Paris Junior College
6,JUCO 1,Central Alabama Community College
6,JUCO 1,Shelton State Community College
6,JUCO 1,Wallace Community College-Dothan
6,JUCO 1,Tallahassee Community College
6,JUCO 1,Eastern Florida State College
6,JUCO 1,State College of Florida
6,JUCO 1,Marion Military Institute
6,JUCO 1,Three Rivers College
6,JUCO 1,Eastern Arizona Community College
6,JUCO 1,Vernon College
6,JUCO 1,Miami-Dade College
6,JUCO 1,Coastal Alabama Community College - Bay Minette
6,JUCO 1,Georgia Military College
6,JUCO 1,Blinn College
6,JUCO 1,Navarro College
6,JUCO 1,St. Petersburg College
6,JUCO 1,Santa Fe College
6,JUCO 1,Norht Central Texas College
6,JUCO 1,Snead State Community College
6,JUCO 1,Indian Hills Community College
6,JUCO 1,Lake Land College
6,JUCO 1,Weatherford College
6,JUCO 1,Indian River State College
6,JUCO 1,Volunteer State Community College
6,JUCO 1,Central Arizona College
6,JUCO 1,Walters State Community College
6,JUCO 1,College of Southern Idaho
6,JUCO 1,Crowder College
6,JUCO 1,Angelina College
6,JUCO 1,Tyler Junior College
6,JUCO 1,Howard College
6,JUCO 1,San Jacinto College South
6,JUCO 1,Odessa College
6,JUCO 1,Temple College
6,JUCO 1,Salt Lake Community College
6,JUCO 1,Bossier Parish Community College
6,JUCO 1,Gulf Coast State College 
6,JUCO 1,Butler Community College
6,JUCO 1,Northwest Florida State College
6,JUCO 1,College of Central Florida
6,JUCO 1,Pensacola State College
6,JUCO 1,Seminole State College of Florida
6,JUCO 1,McLennan Community College
6,JUCO 1,Chattanooga State Community College
6,JUCO 1,Chipola College
6,JUCO 1,Yavapai College
6,JUCO 1,Grayson County Junior College
6,JUCO 1,Wallace State Community College
6,JUCO 1,Florida Southwestern State College
6,JUCO 1,McCook Community College
6,JUCO 1,Barton County Community College
6,JUCO 1,Western Oklahoma State College
6,JUCO 1,Lurleen B. Wallace Community College
6,JUCO 1,Trinidad State College
6,JUCO 1,Connors State College
6,JUCO 1,Southeastern Community College
6,JUCO 1,Georgia Highlands College
6,JUCO 1,Kilgore College
6,JUCO 1,Coastal Alabama Community College - Monroeville
6,JUCO 1,Laredo Community College
6,JUCO 1,Chattahoochee Valley Community College
6,JUCO 1,Northeast Texas Community College
6,JUCO 1,Pima Community College
6,JUCO 1,Baton Rouge Community College
6,JUCO 1,Cisco College
6,JUCO 1,Clarendon College
6,JUCO 1,Alvin Community College
6,JUCO 1,East Georgia State College
6,JUCO 1,North Central Missouri College
6,JUCO 1,Lamar State College - Port Arthur
6,JUCO 1,Wabash Valley College
6,JUCO 1,Hill College
6,JUCO 1,Daytona State College
6,JUCO 1,Polk State College
6,JUCO 1,South Florida State College
6,JUCO 1,Arizona Western College
6,JUCO 1,Coastal Bend College
6,JUCO 1,Northern Oklahoma College - Tonkawa
6,JUCO 1,John A Logan College
6,JUCO 1,Hillsborough Community College
6,JUCO 1,Hutchinson Community College
6,JUCO 1,Iowa Western Community College
6,JUCO 1,St. John's River State College
6,JUCO 1,Midland College
6,JUCO 1,Rose State College
6,JUCO 1,Gordon State College
6,JUCO 1,Utah State university Eastern
6,JUCO 1,College of Southern Nevada
6,JUCO 1,Snow College
6,JUCO 1,Cleveland State Community College
6,JUCO 1,Galveston College
6,JUCO 1,Trinity Valley Community College
6,JUCO 1,Southern Union State Community College
6,JUCO 1,Lake-Sumter State College
6,JUCO 1,Abraham Baldwin Agricultural College
6,JUCO 1,Dyersburg State Community College
6,JUCO 1,Northeastern Oklahoma A&M College
6,JUCO 1,Jefferson College
6,JUCO 1,Calhoun Community College
6,JUCO 1,Harford Community College
6,JUCO 1,Northwest Kansas Technical College
6,JUCO 1,Monroe College
6,JUCO 1,Pratt Community College
6,JUCO 1,Colorado Northwestern Community College
6,JUCO 1,Luna Community College
6,JUCO 1,Shawnee Community College
6,JUCO 1,University of South Carolina Sumter
6,JUCO 1,Marshalltown Community College
6,JUCO 1,University of South Carolina Union
6,JUCO 1,Frank Phillips College
6,JUCO 1,Rend Lake College
6,JUCO 1,El Paso Community College
6,JUCO 1,Metropolitan Community College Maple Woods
6,JUCO 1,Coastal Alabama Community College - Brewton 
6,JUCO 1,University of South Carolina Salkehatchie
6,JUCO 1,Frontier Community College
6,JUCO 1,Lamar Community College
6,JUCO 1,Southeastern Illinois College
6,JUCO 1,Dodge City Community College
6,JUCO 1,St. Charles Community College
6,JUCO 1,Southwestern Community College (NC)
6,JUCO 1,Garden City Community College
6,JUCO 1,Palm Beach State College
6,JUCO 1,Spartanburg Methodist College
6,JUCO 1,
6,JUCO 1,Eastern Oklahoma State College
6,JUCO 1,Lincoln Trail College
6,JUCO 1,Andrew College
6,JUCO 1,Jackson State Community College
6,JUCO 1,South Georgia State College
6,JUCO 1,Southwest Tennessee Community College
6,JUCO 1,Western Nebraska Community College
6,JUCO 1,Bishop State Community College
6,JUCO 1,Southwestern Illinois College
6,JUCO 1,Bevill State Community College - Fayette
6,JUCO 1,Roane State Community College
6,JUCO 1,Olney Central College
6,JUCO 1,Motlow State Community College
6,JUCO 1,Northern Oklahoma College - Enid
6,JUCO 1,Enterprise State Community College
6,JUCO 1,Seward County Community College
6,JUCO 1,Western Texas College
6,JUCO 1,The University of Arkansas Rich Mountain Community College
6,JUCO 1,Ranger College
6,JUCO 1,Kaskaskia College
6,JUCO 1,Northeastern Junior College
6,JUCO 1,Colby Community College
6,JUCO 1,Otero College
6,JUCO 1,Columbia State Community College
7,JUCO 2,Dawson Community College
7,JUCO 2,Meridian Community College
7,JUCO 2,Delaware Technical Community College
7,JUCO 2,National Park College
7,JUCO 2,WVU Potomac State College
7,JUCO 2,Caldwell Community College and Technical Institute
7,JUCO 2,Heartland Community College
7,JUCO 2,Oakland Community College
7,JUCO 2,Madison College
7,JUCO 2,Catawba Valley Community College
7,JUCO 2,Chandler-Gilbert Community College
7,JUCO 2,Jackson Community College
7,JUCO 2,Bryant & Stratton College - Wisconsin
7,JUCO 2,Spoon River College
7,JUCO 2,Lincoln Land Community College
7,JUCO 2,Lansing Community College
7,JUCO 2,St. Louis Community College - Meramec
7,JUCO 2,Florida State College at Jacksonville
7,JUCO 2,Iowa Lakes Community College
7,JUCO 2,Triton College
7,JUCO 2,Neosho County Community College
7,JUCO 2,Cuyahoga Comunity College
7,JUCO 2,Sinclair Community College
7,JUCO 2,Kansas City Kansas Community College
7,JUCO 2,Iowa Central Community College
7,JUCO 2,Pitt Community College
7,JUCO 2,Labette Community College
7,JUCO 2,Danville Area Community College
7,JUCO 2,Illinois Central College
7,JUCO 2,Parkland College
7,JUCO 2,South Mountain Community College
7,JUCO 2,Holmes Community College
7,JUCO 2,Johnson County Community College
7,JUCO 2,Pasco-Hernando State College
7,JUCO 2,Cowley College
7,JUCO 2,Hinds Community College
7,JUCO 2,Southwest Mississippi Community College
7,JUCO 2,Northwest Mississippi Community College
7,JUCO 2,East Central Community College
7,JUCO 2,Highland Community College
7,JUCO 2,Norhteast Mississippi Community College
7,JUCO 2,Murray State Community College
7,JUCO 2,Louisburg College
7,JUCO 2,Mississippi Gulf Coast Community College
7,JUCO 2,Pearl River Community College
7,JUCO 2,Kirkwood Community College
7,JUCO 2,Copiah-Lincoln Community College
7,JUCO 2,Des Moines Area Community College
7,JUCO 2,Louisiana State University - Eunice
7,JUCO 2,Itawamba Community College
7,JUCO 2,Jones County Junior College
7,JUCO 2,Phoenix College
7,JUCO 2,South Arkansas Community College
7,JUCO 2,Mineral Area College
7,JUCO 2,Coffeyville Community College
7,JUCO 2,Lakeland Community College
7,JUCO 2,Illinois Valley Community College
7,JUCO 2,Cecil College
7,JUCO 2,Edison State Community College
7,JUCO 2,GateWay Community College
7,JUCO 2,Black Hawk College
7,JUCO 2,Northeast Community College
7,JUCO 2,County College of Morris
7,JUCO 2,Cloud County Community College
7,JUCO 2,Southwestern Community College (IA)
7,JUCO 2,McHenry County College
7,JUCO 2,Moraine Valley Community College
7,JUCO 2,Lewis & Clark Community College
7,JUCO 2,North Iowa Area Community College
7,JUCO 2,Sauk Valley Community College
7,JUCO 2,Lackawanna College
7,JUCO 2,John Wood Community College
7,JUCO 2,Waubonsee Community College
7,JUCO 2,East Central College
7,JUCO 2,Chesapeake College
7,JUCO 2,Scottsdale Community College
7,JUCO 2,Lake Michigan College
7,JUCO 2,Highland Community College - IL
7,JUCO 2,Mott Community College
7,JUCO 2,Henry Ford Community College
7,JUCO 2,Ellsworth Community College
7,JUCO 2,Fort Scott Community College
7,JUCO 2,Mercer County Community College
7,JUCO 2,Kellogg Community College
7,JUCO 2,Allen Community College
7,JUCO 2,Paradise Valley Community College
7,JUCO 2,Macomb Community College
7,JUCO 2,Independence Community College
7,JUCO 2,Miles Community College
7,JUCO 2,Hagerstown Community College
7,JUCO 2,Carl Albert State College
7,JUCO 2,Richard Bland College
7,JUCO 2,Mississippi Delta Community College
7,JUCO 2,Patrick and Henry Community College
7,JUCO 2,Southern Arkansas University Tech
7,JUCO 2,Muskegon Community College
7,JUCO 2,Hesston College
7,JUCO 2,Surry Community College
7,JUCO 2,Glendale Community College (AZ)
7,JUCO 2,East Mississippi Community College
7,JUCO 2,Kalamazoo Valley Community College
7,JUCO 2,Mesa Community College
7,JUCO 2,Florence-Darlington Technical College
7,JUCO 2,Kankakee Comunity College
7,JUCO 2,Brunswick Community College
7,JUCO 2,Montgomery College - Rockville
7,JUCO 2,Oakton Community College
7,JUCO 2,Elgin Community College
7,JUCO 2,Gogebic Community College
7,JUCO 2,Clark State College
7,JUCO 2,Wake Tech Community College
7,JUCO 2,Bismarck State College
7,JUCO 2,Gaston College
7,JUCO 2,Howard Community College - MD
7,JUCO 2,Williston State College
7,JUCO 2,Garrett College
7,JUCO 2,Allegany College of Maryland
7,JUCO 2,Northern Virginia Community College
7,JUCO 2,Marian Univeristy - Ancilla College
7,JUCO 2,Kishwaukee Community College
7,JUCO 2,Raritan Valley Community College
7,JUCO 2,Massasoit Community College
7,JUCO 2,Bryant & Stratton College - VA
7,JUCO 2,Morton College
7,JUCO 2,North Arkansas College
7,JUCO 2,Orange County Community College
7,JUCO 2,Cleveland Community College
7,JUCO 2,College of Lake County
7,JUCO 2,Bryant & Stratton College - Cleveland
7,JUCO 2,Grand Rapids Community College
7,JUCO 2,Community College of Baltimore County Catonsville
7,JUCO 2,Coahoma Community College
7,JUCO 2,North Platte Community College
7,JUCO 2,Community College of Rhode Island
7,JUCO 2,Fayetteville Technical Community College
7,JUCO 2,Hocking College
7,JUCO 2,Paul D Camp Community College
7,JUCO 2,Prairie St
7,JUCO 2,Lake Region State College
7,JUCO 2,Glen Oaks Community College
7,JUCO 2,Southwest VA Community College
7,JUCO 2,College of Southern Maryland
7,JUCO 2,Owens Community College
7,JUCO 2,Anne Arundel Community College
7,JUCO 2,Alpena Community College
7,JUCO 2,Dakota County Technical College
7,JUCO 2,Southeast Community College
7,JUCO 2,Frederick Community College
7,JUCO 2,South Suburban College
7,JUCO 2,St. Clair County Community College
7,JUCO 2,Bay College
7,JUCO 2,Schoolcraft College
7,JUCO 2,Mid-Michigan Community College
7,JUCO 2,Carl Sandburg College
7,JUCO 2,Central Community College - Columbus
8,JUCO 3,Finger Lakes Community College
8,JUCO 3,Rainy River Community College
8,JUCO 3,Broome Community College
8,JUCO 3,Butler County Community College - Pensylvania
8,JUCO 3,Bergen Community College
8,JUCO 3,Lorain County Community College
8,JUCO 3,Cayuga Community College
8,JUCO 3,Genesee Community College
8,JUCO 3,Rochester Community and Technical College
8,JUCO 3,Sussex County Community College
8,JUCO 3,MN West Community and Technical College
8,JUCO 3,Adirondack Community College
8,JUCO 3,Harper College
8,JUCO 3,Monroe Community College
8,JUCO 3,
8,JUCO 3,Itasca Community College
8,JUCO 3,Camden County College
8,JUCO 3,Central Lakes College
8,JUCO 3,Milwaukee Area Technical College
8,JUCO 3,Monroe College - New Rochelle
8,JUCO 3,Jefferson Community College
8,JUCO 3,Columbia Greene Community College
8,JUCO 3,Northampton Community College
8,JUCO 3,Mountain View College
8,JUCO 3,Niagara County Community College
8,JUCO 3,Erie Community College
8,JUCO 3,Monroe College - Bronx
8,JUCO 3,Rowan College of South Jersey - Cumberland
8,JUCO 3,Mohawk Valley Community College
8,JUCO 3,Anoka Ramsey Community College
8,JUCO 3,Onondaga Community College
8,JUCO 3,Dakota College at Bottineau
8,JUCO 3,Hudson Valley Community College
8,JUCO 3,Delta College
8,JUCO 3,College of Dupage
8,JUCO 3,St. Cloud Technical and Community College
8,JUCO 3,Middlesex Colege
8,JUCO 3,
8,JUCO 3,Lehigh Carbon Community College
8,JUCO 3,ASA College - Miami
8,JUCO 3,Suffolk County Community College
8,JUCO 3,Brookdale Community College
8,JUCO 3,State Fair Community College
8,JUCO 3,Rowan College of South Jersey - Gloucester
8,JUCO 3,North Dakota State College of Scince
8,JUCO 3,Joliet Junior College
8,JUCO 3,Corning Community College
8,JUCO 3,Herkimer County Community College
8,JUCO 3,Rock Valley College
8,JUCO 3,North Idaho College
8,JUCO 3,Allan Hancock College
8,JUCO 3,American River College
8,JUCO 3,Antelope Valley Community College
8,JUCO 3,Bakersfield College
8,JUCO 3,Barstow Community College
8,JUCO 3,Butte College
8,JUCO 3,Cabrillo Community College
8,JUCO 3,Cerritos College
8,JUCO 3,Cerro Coso Community College
8,JUCO 3,Chabot College
8,JUCO 3,Chaffey College
8,JUCO 3,Citrus College
8,JUCO 3,College of San Mateo
8,JUCO 3,College of the Canyons
8,JUCO 3,College of the Desert
8,JUCO 3,College of the Redwoods
8,JUCO 3,College of the Sequoias
8,JUCO 3,College of the Siskiyous
8,JUCO 3,Cosumnes River College
8,JUCO 3,Cuesta College
8,JUCO 3,Cypress College
8,JUCO 3,Diablo Valley College
8,JUCO 3,East LA College
8,JUCO 3,El Camino College
8,JUCO 3,Feather River College
8,JUCO 3,Northern Essex Community College
8,JUCO 3,
8,JUCO 3,Luzerne County Community College
8,JUCO 3,Century College
8,JUCO 3,Fulton-Montgomery Community College
8,JUCO 3,Nassau Community College
8,JUCO 3,Bucks County Community College
8,JUCO 3,Tompkins Cortland Community College
8,JUCO 3,Westmoreland County Community College
8,JUCO 3,Dutchess Community College
8,JUCO 3,Riverland Community College
8,JUCO 3,Montgomery College
8,JUCO 3,Ridgewater College
8,JUCO 3,Vermilion Community College
8,JUCO 3,Mesabi Range Campus - Minnesota North College
8,JUCO 3,Hibbing Community College
8,JUCO 3,Ocean County College
8,JUCO 3,Montgomery County Community College
8,JUCO 3,Minnesota State Community and Technical College
8,JUCO 3,Pennsylvania Highlands Community College
8,JUCO 3,Northland Community and Technical College
8,JUCO 3,Union County College
8,JUCO 3,Jamestown Community College
8,JUCO 3,Bryant & Stratton College - Syracuse
8,JUCO 3,Folsom Lake College
8,JUCO 3,Fresno City College
8,JUCO 3,Fullerton College
8,JUCO 3,Glendale Community College (CA)
8,JUCO 3,Golden West College
8,JUCO 3,Hartnell College
8,JUCO 3,Imperial Valley College
8,JUCO 3,LA Harbor Community College
8,JUCO 3,LA Mission College
8,JUCO 3,LA Valley College
8,JUCO 3,Lassen Community College
8,JUCO 3,Long Beach City College
8,JUCO 3,Los Medanos College
8,JUCO 3,Mendocino College
8,JUCO 3,Merced College
8,JUCO 3,Modesto Junior College
8,JUCO 3,Monterey Peninsula College
8,JUCO 3,Moorpark College
8,JUCO 3,Mt. San Antonio College
8,JUCO 3,Mt San Jacinto
8,JUCO 3,Ohlone College
8,JUCO 3,Orange Coast College
8,JUCO 3,Oxnard College
8,JUCO 3,Palomar College
8,JUCO 3,Pasadena City College
8,JUCO 3,Porterville College
8,JUCO 3,Reedley
8,JUCO 3,Rio Hondo College
8,JUCO 3,Riverside City College
8,JUCO 3,Sacramento City College
8,JUCO 3,Saddleback College
8,JUCO 3,San Bernardino Valley College
8,JUCO 3,San Diego Mesa College
8,JUCO 3,San Joaquin Delta College
8,JUCO 3,San Jose City College
8,JUCO 3,Santa Ana College
8,JUCO 3,Santa Barbara City College
8,JUCO 3,Santa Monica College
8,JUCO 3,Santa Rosa Junior College
8,JUCO 3,Santiago Canyon College
8,JUCO 3,Shasta College
8,JUCO 3,Sierra College
8,JUCO 3,Solano Community College
8,JUCO 3,Southwestern College (CA)
8,JUCO 3,Taft Community College
8,JUCO 3,Ventura College
8,JUCO 3,West Valley College
8,JUCO 3,Yuba College
8,JUCO 3,Mt. Hood Community College
