<center><b>FIRST</b></center>,<center><b>LAST</b></center>,<center><b>ENTERED</b></center>,<center><b>PREV. SCHOOL</b></center>,<center><b>CONFERENCE</b></center>,<center><b>NEW SCHOOL</b></center>
HALEY ,HOFFMAN,1/27/2022,Princeton University,The Ivy League,
RACHEL ,BECKER,1/26/2022,Purdue University,Big Ten Conference,Oklahoma State
MILENA ,WILTON,1/26/2022,University of Hartford,America East Conference,
ALEXANDRIA,WAITMAN,1/25/2022,University of Oklahoma,Big 12 Conference,Oklahoma State
ERYKA,GONZALES,1/25/2022,"California State University, Northridge",Big West Conference,
BRITTANY ,HOOK,1/25/2022,University of South Florida,American Athletic Conference,
ABBIGAIL,ROBERTSON,1/25/2022,California Baptist University,Western Athletic Conference,
ALYSSA,ROBERTS,1/25/2022,American International College,Northeast-10 Conference,
LACEY ,O'DONNELL,1/21/2022,Mansfield University of Pennsylvania,Pennsylvania State Athletic Conference,
JULIA,GROBMAN,1/21/2022,Yale University,The Ivy League,
KAITLYN,RIGGS,1/21/2022,Stony Brook University,America East Conference,
TYLER,BERGMAN,1/19/2022,"University of Missouri, Columbia",Southeastern Conference,
ADRIENNE,VISINTINE,1/18/2022,Grand Canyon University,Western Athletic Conference,Gardner-Webb
ALEXIS ,BETZ,1/18/2022,Malone University,Great Midwest Athletic Conference,
MORGAN ,FARRAH,1/18/2022,Colgate University,Patriot League,
LAUREN ,BUCHANAN,1/14/2022,Jackson State University,Southwestern Athletic Conf.,
DAYTON,ELLIOTT,1/14/2022,Northern Illinois University,Mid-American Conference,
SYDNEE ,SMITH,1/14/2022,Utah State University,Mountain West Conference,
KENNEDY,LONSBURY,1/14/2022,Cleveland State University,Horizon League,
GWENYTH,MALECKE,1/14/2022,Bellarmine University,ASUN Conference,
KAPRI ,TOONE,1/13/2022,Utah State University,Mountain West Conference,Appalachian State
JETTA,NANNEN,1/12/2022,"University of Hawaii, Manoa",Big West Conference,
GABRIELLA ,JIMENEZ,1/12/2022,Utah State University,Mountain West Conference,
CINDY,SANCHEZ,1/10/2022,Coppin State University,Mid-Eastern Athletic Conf.,
TYRA,TRIPLETT,1/10/2022,Grambling State University,Southwestern Athletic Conf.,
KALEY ,COLTRAIN,1/5/2022,Marist College,Metro Atlantic Athletic Conference,Appalachian State
AVERY,STEFFEN,1/5/2022,North Dakota State University,The Summit League,
LAUREN ,STEWART,1/4/2022,"University of South Carolina, Columbia",Southeastern Conference,Jackson State
HAMPTON,HAYS,1/4/2022,Grand Canyon University,Western Athletic Conference,
KYLIE,EKELBURG,1/3/2022,"University of Pittsburgh, Johnstown",Pennsylvania State Athletic Conference,
NATANE ,CASTANEDA,1/1/2022,Florida International University,Conference USA,
RILEY,ANDERSON,12/28/2021,Lewis & Clark College,Northwest Conference,
EMILY,SPINGARN,12/28/2021,University of Rhode Island,Atlantic 10 Conference,
CAROLINE ,JACOBSEN,12/27/2021,Duke University,Atlantic Coast Conference,Clemson
MIA,WECKEL,12/22/2021,Abilene Christian University,Western Athletic Conference,
ANNAMARIE,STOOKSBURY,12/21/2021,Lee University,Gulf South Conference,
BLAKE,BORG,12/21/2021,Molloy College,East Coast Conference,
KELCEE,ESSMAN,12/20/2021,Wheeling University,Mountain East Conference,
HALEIGH,JOYNER,12/20/2021,Mars Hill University,South Atlantic Conference,
REAGAN ,GLANZ,12/17/2021,Newberry College,South Atlantic Conference,Francis Marion
RIAN,EIGENMANN,12/17/2021,Central Connecticut State University,Northeast Conference,
EMMA ,ADAMS,12/17/2021,University at Albany,America East Conference,
MADELEINE ,MARCHIANDO,12/17/2021,The University of North Carolina at Charlotte,Conference USA,
AMALA,CLAWSON,12/17/2021,Appalachian State University,Sun Belt Conference,
NICOLE ,PIEPER,12/17/2021,University of St. Thomas (Minnesota),The Summit League,
KYLA ,MORRIS,12/16/2021,Duke University,Atlantic Coast Conference,Oregon
SAXON,RADCLIFFE,12/15/2021,East Tennessee State University,Southern Conference,Murray State
MARISSA,FONDTAIN,12/15/2021,"University of California, San Diego",Big West Conference,
OLIVIA,QUERCIA,12/15/2021,University of the Sciences,Central Atlantic Collegiate Conference,
JULIANNA,TABIAN,12/14/2021,Jackson State University,Southwestern Athletic Conf.,
MORGAN,MCMILLIAN,12/13/2021,Jacksonville University,ASUN Conference,
KARSON,BAGELMANN,12/13/2021,Saginaw Valley State University,Great Lakes Intercollegiate Athletic Conference,
LILIA ,CROUTHAMEL,12/13/2021,Pennsylvania State University,Big Ten Conference,
KALENA ,PAREDES,12/10/2021,New York University,University Athletic Association,
DAISY,TINSLEY,12/9/2021,"California State University, Northridge",Big West Conference,
ALLISON ,MURASKIN,12/8/2021,Jacksonville University,ASUN Conference,Pittsburgh
VICTORIA,SALAZAR,12/8/2021,University of Texas at El Paso,Conference USA,
BRAYDEN,LICKEY,12/8/2021,Eastern Illinois University,Ohio Valley Conference,
MIKHIA,VOLLEY,12/8/2021,Abilene Christian University,Western Athletic Conference,
MADISON,MOCKENSTURM,12/8/2021,Walsh University,Great Midwest Athletic Conference,
ARIANA,OLVERA,12/8/2021,University of Bridgeport,East Coast Conference,
HAEDYN,HILL,12/7/2021,Catawba College,South Atlantic Conference,
BAILEY,MERRITT,12/7/2021,McKendree University,Great Lakes Valley Conference,
ALLISON ,O'BRIEN,12/6/2021,"Penn State University, Altoona",Allegheny Mountain Collegiate Conference,
HANNAH ,SIPOS,12/6/2021,University of Florida,Southeastern Conference,
REBECCA ,JONES,12/5/2021,Purdue University,Big Ten Conference,
KYLEE,LEWIS,12/4/2021,Mars Hill University,South Atlantic Conference,
ALLY ,KURLAND,12/3/2021,Pennsylvania State University,Big Ten Conference,Georgia
TRISTA,MURPHY,12/3/2021,Fort Valley State University,Southern Intercol. Ath. Conf.,
SYDNEY,STEWART,12/3/2021,Georgia Southern University,Sun Belt Conference,
MEGAN,HODUM,12/2/2021,Liberty University,ASUN Conference,Austin Peay
REGAN,CURRY,12/2/2021,University of Central Arkansas,ASUN Conference,Withdrawn
REESE,CURRY,12/2/2021,University of Central Arkansas,ASUN Conference,Withdrawn
TRISTEN-RAINNE,HORRELL,12/1/2021,Gardner-Webb University,Big South Conference,
KENNADY,WARDER,11/30/2021,Eastern Kentucky University,ASUN Conference,Carson-Newman
JULIA ,SCHNEIDER,11/30/2021,University of Pennsylvania,The Ivy League,
LINDSEY ,GILBERT,11/30/2021,Baylor University,Big 12 Conference,
ADDISON,LYLE,11/30/2021,Presbyterian College,Big South Conference,
CAMERON,NIEDENTHAL,11/29/2021,University of Texas at Arlington,Sun Belt Conference,
ELIZABETH,VERMEULEN,11/29/2021,Grinnell College,Midwest Conference,
ALAINA,WATSON,11/29/2021,East Tennessee State University,Southern Conference,
DARIAN,INGRAM,11/29/2021,Florida Atlantic University,Conference USA,
RILEY,RUTHERFORD,11/29/2021,The University of Texas at Tyler,Lone Star Conference,
CHANDLER ,CALDWELL,11/29/2021,Tennessee Technological University,Ohio Valley Conference,
ALLIA,KOUTOUZIS-WAGNER,11/29/2021,Chestnut Hill College,Central Atlantic Collegiate Conference,
KEELI,ZINGARO,11/29/2021,Stetson University,ASUN Conference,
ISABELLA,DAYTON,11/24/2021,University of Arizona,Pac-12 Conference,Texas
CHRISTINA,WELLEN,11/24/2021,University of Florida,Southeastern Conference,Withdrawn
LEANN ,DURARD,11/23/2021,Tennessee Technological University,Ohio Valley Conference,
KASEY,WESTMORELAND,11/22/2021,Newberry College,South Atlantic Conference,
CHRISTINE ,FRAZEE,11/22/2021,Monmouth University,Metro Atlantic Athletic Conference,
MADELYN,ROUSE,11/22/2021,University of Iowa,Big Ten Conference,
ADRIAN,INGRAM,11/22/2021,Florida Atlantic University,Conference USA,
ALEXIS,MOORE,11/22/2021,University of Delaware,Colonial Athletic Association,
MADISON,ARNOLD,11/22/2021,"California State University, San Marcos",California Collegiate Athletic Association,
ADLYN,HERNANDEZ,11/21/2021,Simmons University,Great Northeast Athletic Conference,
NICOL C,LEY PORTILLO,11/19/2021,Western New Mexico University,Lone Star Conference,
BRITNEY,LEWINSKI,11/19/2021,University of Iowa,Big Ten Conference,
ARIZONA ,RITCHIE,11/18/2021,University of Virginia,Atlantic Coast Conference,George Washington
JESSICA,ADAMS,11/18/2021,University of Louisiana at Lafayette,Sun Belt Conference,
JACQUELYN,ADAMS,11/18/2021,University of Louisiana at Lafayette,Sun Belt Conference,
AMANI ,BRADLEY,11/18/2021,"University of California, Berkeley",Pac-12 Conference,
ELIA,HEBEL,11/18/2021,University of Louisiana at Lafayette,Sun Belt Conference,
ANNALISE,WAGNER,11/18/2021,Salem University (West Virginia),Independent,
MYA,GALBRAITH,11/18/2021,Simon Fraser University,Great Northwest Athletic Conference,
SAMANTHA ,PEDERSON,11/18/2021,University of Minnesota Duluth,Northern Sun Intercollegiate Conference,
ANYA ,SCHMITZ,11/18/2021,Brown University,The Ivy League,
MARIAH,HEADEN,11/18/2021,Duke University,Atlantic Coast Conference,
RYLEIGH,MATA,11/18/2021,Stephen F. Austin State University,Western Athletic Conference,
JULIA,COTTRILL,11/17/2021,University of Florida,Southeastern Conference,Oklahoma State
ANNA,FOX,11/17/2021,"University of Tennessee, Knoxville",Southeastern Conference,
TARA,STEWART,11/17/2021,Oklahoma Christian University,Lone Star Conference,
JEYA,PRASAD,11/17/2021,Florida State University,Atlantic Coast Conference,
DARBY,HICKEY,11/17/2021,The University of Texas at Tyler,Lone Star Conference,
ANASTASIA,MORRISON,11/16/2021,Winston-Salem State University,Central Intercollegiate Athletic Association,
BOBBI,LEITHA,11/16/2021,The University of Texas at Tyler,Lone Star Conference,
SARAH,ELLIOTT,11/16/2021,Centre College,Southern Athletic Association,
PAIGE ,FEDAK,11/16/2021,University of Hartford,America East Conference,
TIARE ,LEE,11/16/2021,Texas A&M University-Corpus Christi,Southland Conference,
REBECA,LAUDINO,11/16/2021,University of Louisiana at Lafayette,Sun Belt Conference,
ANNEMARIE,GUTIERREZ,11/15/2021,Azusa Pacific University,Pacific West Conference,
JESSICA,JACOBS,11/15/2021,University of Illinois at Springfield,Great Lakes Valley Conference,
MACIE,WELCH,11/12/2021,University of Memphis,American Athletic Conference,
MARIAH,WALLACE,11/12/2021,Cedarville University,Great Midwest Athletic Conference,
DANIELLA,ROSELLI,11/11/2021,Adelphi University,Northeast-10 Conference,
SHEA,ZWEIFEL,11/11/2021,Mercer University,Southern Conference,
BROOKE,CABALLERO,11/10/2021,Alabama A&M University,Southwestern Athletic Conf.,
ALEXIS,LAVDIS,11/10/2021,Ashland University,Great Midwest Athletic Conference,
MCKINLEE ,MILLER,11/10/2021,Eastern Illinois University,Ohio Valley Conference,
ZOE,RUSSELL,11/10/2021,The University of North Carolina at Charlotte,Conference USA,
LINDZIE,OWEN,11/10/2021,Albany State University (Georgia),Southern Intercol. Ath. Conf.,
HANNAH,BOETTCHER,11/10/2021,University of Texas Permian Basin,Lone Star Conference,
ANGELINA ,SHERBA,11/10/2021,Longwood University,Big South Conference,
KATHRYN,VERMEULEN,11/10/2021,Grinnell College,Midwest Conference,
LAUREN,RINGHISER,11/10/2021,Towson University,Colonial Athletic Association,
MADISON,OLSZEWSKI,11/10/2021,Cedarville University,Great Midwest Athletic Conference,
ALEXANDRIA,LIGHT,11/9/2021,"University of Arkansas, Fayetteville",Southeastern Conference,San Diego State
BROOKE ,PLONKA,11/9/2021,Dartmouth College,The Ivy League,
BILLIE ,MCFADYEN,11/9/2021,Dartmouth College,The Ivy League,
MADISON ,AUGUSTO,11/9/2021,Dartmouth College,The Ivy League,
DRUE,THOMAS,11/9/2021,Drexel University,Colonial Athletic Association,
NAHTALI ,SIMPSON,11/9/2021,University of New Haven,Northeast-10 Conference,
DANA,MOSER,11/9/2021,Stockton University,New Jersey Athletic Conference,
NYLEIGH,CARBAUGH,11/9/2021,University of Sioux Falls,Northern Sun Intercollegiate Conference,
BROOKELYN,MILLER,11/8/2021,"University of North Carolina, Chapel Hill",Atlantic Coast Conference,
DESTINY ,VASQUEZ,11/8/2021,Southern Arkansas University,Great American Conference,
TAYLOR,WEST,11/8/2021,Thiel College,Presidents' Athletic Conference,
MADISON,VANDERGRIFF,11/8/2021,Carson-Newman University,South Atlantic Conference,
MARY,VANDERGRIFF,11/8/2021,Carson-Newman University,South Atlantic Conference,
ANNABELLA,HAWKINS,11/5/2021,Saint Joseph's University,Atlantic 10 Conference,
JESSIE ,WILSON,11/5/2021,Southern Arkansas University,Great American Conference,
KIARA ,KENNEDY,11/4/2021,Arizona State University,Pac-12 Conference,
ESTELLA,BENNETT,11/4/2021,Arizona State University,Pac-12 Conference,
KENNEDY,MCCURRY,11/4/2021,Tennessee State University,Ohio Valley Conference,
BAILEE,WILSON,11/4/2021,Georgia Southern University,Sun Belt Conference,
JANELLE ,ADAMS,11/4/2021,Nyack College,Central Atlantic Collegiate Conference,
ALEXANDRA ,PEREZ,11/3/2021,"University of California, Berkeley",Pac-12 Conference,
LAUREN,TRINH,11/3/2021,Oklahoma Baptist University,Great American Conference,
SABRINA ,ANGUIANO,11/3/2021,Southern Arkansas University,Great American Conference,
MORGAN ,CURLEY,11/3/2021,Young Harris College,Peach Belt Conference,
LAUREN,LEE,11/3/2021,Oklahoma Baptist University,Great American Conference,
ANASTASIA,PAPPAS,11/3/2021,West Virginia Wesleyan College,Mountain East Conference,
ELIZABETH,KASPER,11/3/2021,West Virginia Wesleyan College,Mountain East Conference,
RUBY   ,BUTLER,11/3/2021,"University of Maryland, College Park",Big Ten Conference,
JENNA,PEREZ,11/2/2021,"University of Nevada, Las Vegas",Mountain West Conference,Loyola Marymount
ALYSA,GUTIERREZ,11/2/2021,Colorado Mesa University,Rocky Mountain Athletic Conference,
ALEXA,MILIUS,11/1/2021,Virginia Polytechnic Institute and State University,Atlantic Coast Conference,Arizona State
KYLIE,BAUMERT,11/1/2021,University of Southern California,Sport not sponsoredPac-12 Conference,Boise State
KARA,GREEN,11/1/2021,Winston-Salem State University,Central Intercollegiate Athletic Association,
RILEY,CARGILE,11/1/2021,Campbell University,Big South Conference,
GABRIELLA,MESSIER,11/1/2021,Bridgewater State University,Massachusetts State Collegiate Athletic Conference,
LEXUS,BROWN,11/1/2021,North Carolina Central University,Mid-Eastern Athletic Conf.,
ANASTASIA ,LEIBAS,10/30/2021,Texas A&M University-Kingsville,Lone Star Conference,
ALEXIS,CARVER,10/29/2021,University of Louisville,Atlantic Coast Conference,
BROOKLIN,HEAVNER,10/29/2021,West Virginia Wesleyan College,Mountain East Conference,
GEORGIA,BICE,10/29/2021,University of West Georgia,Gulf South Conference,
KYLEIGH,WAUGH,10/29/2021,Millersville University of Pennsylvania,Pennsylvania State Athletic Conference,
KARLIE ,DUVALL,10/29/2021,Seton Hill University,Pennsylvania State Athletic Conference,
FALLON,GROVES,10/29/2021,University of Montevallo,Gulf South Conference,
LAKEN,MALONE,10/28/2021,Maryville University of Saint Louis,Great Lakes Valley Conference,
HAVEN,LECLERC,10/28/2021,Southern New Hampshire University,Northeast-10 Conference,
MEAGAN,MULLANEY,10/28/2021,Purdue University Fort Wayne,Horizon League,
ABIGAYLE,POIROT,10/27/2021,Felician University,Central Atlantic Collegiate Conference,
PEYTON,PERKINS,10/27/2021,University of Alabama in Huntsville,Gulf South Conference,
KARYS,BLACK,10/27/2021,University of West Alabama,Gulf South Conference,
TAYLOR   ,OKADA,10/26/2021,"University of Maryland, College Park",Big Ten Conference,San Diego State
MALLORY,ORCHARD,10/26/2021,Lee University,Gulf South Conference,
ELEANOR ,MATAYA,10/26/2021,Boston College,Atlantic Coast Conference,
KENDALL,JENNINGS,10/26/2021,University of Alabama at Birmingham,Conference USA,
ALEXIS,MACH,10/25/2021,Western Michigan University,Mid-American Conference,
RYLAN ,EWOLDT,10/25/2021,Boise State University,Mountain West Conference,
BAYLEE,BLANCHARD,10/25/2021,Weber State University,Big Sky Conference,
KAILEY,ADKINS,10/25/2021,West Liberty University,Mountain East Conference,
JULLIA,DORADO,10/25/2021,California Baptist University,Western Athletic Conference,
SAVANNAH,EVANS,10/22/2021,Oklahoma State University,Big 12 Conference,
BROOKLYN,ARAUJO,10/21/2021,Texas A&M University-Commerce,Lone Star Conference,
LAUREN,ALEMAN,10/21/2021,Texas A&M University-Commerce,Lone Star Conference,
ANTUANETT,DEAN,10/21/2021,New Mexico State University,Western Athletic Conference,
SAMANTHA,GANADEN,10/21/2021,University of Hartford,America East Conference,
LAUREN,HOFFMAN,10/21/2021,Presbyterian College,Big South Conference,
JENNA,BECKSTROM,10/21/2021,"University of Minnesota, Twin Cities",Big Ten Conference,
MCKENZIE,MELVIN,10/21/2021,Delaware State University,Mid-Eastern Athletic Conf.,
ABIGAIL,WEISS,10/21/2021,High Point University,Sport not sponsored,
DANIELLE,SUDICK,10/20/2021,Cornell University,The Ivy League,
REGAN ,DIAS,10/19/2021,Santa Clara University,West Coast Conference,
LAURA ,THOMPSON,10/19/2021,Concord University,Mountain East Conference,
ALINA,VARGA,10/19/2021,The University of North Carolina at Greensboro,Southern Conference,
HANNAH ,CATALLO-STOOKS,10/18/2021,Canisius College,Metro Atlantic Athletic Conference,
HAIDYN,BERRY,10/18/2021,University of Central Missouri,Mid-America Intercollegiate Athletics Association,
WHITLEY,ARNOTT,10/18/2021,Catawba College,South Atlantic Conference,
RILEY,TUCKER,10/18/2021,Catawba College,South Atlantic Conference,
TALLULAH,FINEGOLD,10/18/2021,"University at Buffalo, the State University of New York",Mid-American Conference,
GABRIELLA,HESSENTHALER,10/14/2021,University of North Carolina Wilmington,Colonial Athletic Association,
JESSICA,SMITH,10/13/2021,University of South Carolina Aiken,Peach Belt Conference,
KYLEE,GLEASON,10/12/2021,"University of South Carolina, Columbia",Southeastern Conference,James Madison
JORDAN,DIERING,10/12/2021,University of the Sciences,Central Atlantic Collegiate Conference,
GRACIE,KIRBY,10/12/2021,Middle Tennessee State University,Conference USA,
KAITLYN,WENTWORTH,10/12/2021,Newman University,Mid-America Intercollegiate Athletics Association,
AALIYAH,GARCIA,10/12/2021,Georgia Southern University,Sun Belt Conference,
BRENNA ,SMITH,10/12/2021,Purdue University,Big Ten Conference,
HAILEY,NEIRA,10/11/2021,West Texas A&M University,Lone Star Conference,
DELANI,SHEEHAN,10/11/2021,University of Delaware,Colonial Athletic Association,
BRYNN,HOSTETTLER,10/11/2021,"University of Minnesota, Twin Cities",Big Ten Conference,
KIELE,MILLER,10/8/2021,Boise State University,Mountain West Conference,
KENDALL,JENNINGS,10/7/2021,University of Alabama at Birmingham,Conference USA,
TALIA ,BLOXHAM,10/7/2021,Amherst College,New England Small College Athletic Conference,
NIA,GREEN,10/5/2021,Longwood University,Big South Conference,
HANNAH ,SISUL,10/5/2021,Portland State University,Big Sky Conference,
LINDSEY,HAY,10/5/2021,Hofstra University,Colonial Athletic Association,
MARLEY ,HANLON,10/1/2021,University of Illinois Chicago,Horizon League,
CHRISTIN,HARTMAN,9/30/2021 0:00,Grinnell College,Midwest Conference,
COURTNEYÂ  Â ,BLACKWELL,9/29/2021 0:00,Purdue University Northwest,Great Lakes Intercollegiate Athletic Conference,
TRINITYÂ ,CUMO,9/29/2021 0:00,Seton Hill University,Pennsylvania State Athletic Conference,
CASSIDYÂ ,SIMON,9/29/2021 0:00,Holy Names University,Pacific West ConferencePacific West Conference,
KINZIÂ ,VAN WYK,9/29/2021 0:00,Lafayette College,Patriot League,
CHERISE,HORITA,9/27/2021 0:00,Hawaii Pacific University,Pacific West Conference,
BRYLEIGH,CARNEAL,9/27/2021 0:00,University of Tennessee at Martin,Ohio Valley Conference,
MACEY,NEAL,9/27/2021 0:00,University of Tennessee at Martin,Ohio Valley Conference,
MYAÂ ,CASE,9/27/2021 0:00,University of New Haven,Northeast-10 Conference,
CHEYENNE,MINNICK,9/27/2021 0:00,"University of Arkansas, Monticello",Great American Conference,
TAYLOR,WATFORD,9/24/2021 0:00,University of Alabama at Birmingham,Conference USA,Francis Marion
AVAÂ ,FITZMAURICE,9/24/2021 0:00,University of New Haven,Northeast-10 Conference,Siena
SARAH,BECKETT,9/24/2021 0:00,Bentley University,Northeast-10 Conference,
AFTONÂ ,BROWN,9/24/2021 0:00,Southern Virginia University,USA South Athletic Conference,
CAITLIN,DELANEY,9/24/2021 0:00,West Texas A&M University,Lone Star Conference,
ALLISONÂ ,GARDINER,9/23/2021 0:00,UT-Arlington,Sun Belt Conference,
BAILEYÂ ,CHAVEZ,9/23/2021 0:00,College of the Holy Cross,Patriot League,
SARAH,STONE,9/22/2021 0:00,University of Kentucky,Southeastern Conference,
SANIA,BUTLER,9/22/2021 0:00,Georgian Court University,Central Atlantic Collegiate Conference,
ALLISONÂ ,PLATON,9/22/2021 0:00,Florida Institute of Technology,Sunshine State Conference,
KRISTINAÂ ,FOREMAN,9/21/2021 0:00,Duke University,Atlantic Coast Conference,Arkansas
KYLIEÂ  Â ,COFFELT,9/21/2021 0:00,Duke University,Atlantic Coast Conference,Ohio
YVONNEÂ ,CASTILLO,9/21/2021 0:00,Texas A&M University-Kingsville,Lone Star Conference,
ELISABETH,MCGILL,9/21/2021 0:00,Newman University,Mid-America Intercollegiate Athletics Association,
MIA,KONYVKA,9/20/2021 0:00,George Mason University,Atlantic 10 Conference,
TONI,JONES,9/20/2021 0:00,Shippensburg University of Pennsylvania,Pennsylvania State Athletic Conference,
BRYANNA,KRESSLER,9/17/2021 0:00,Wayne State University (Michigan),Great Lakes Intercollegiate Athletic Conference,
HAILEYÂ ,DOLCINI,9/16/2021 0:00,"California State University, Fresno",Mountain West Conference,Texas
CARMEN,GAYLER,9/15/2021 0:00,University of Tennessee at Martin,Ohio Valley Conference,
JOIE,RAYBOURN,9/15/2021 0:00,Fort Lewis College,Rocky Mountain Athletic Conference,
LILIAN,GALLARDO,9/14/2021 0:00,University of San Diego,West Coast Conference,
KAYLA,POSTEN,9/14/2021 0:00,Barry University,Sunshine State Conference,
VICTORIA,SPOON,9/10/2021 0:00,Georgian Court University,Central Atlantic Collegiate Conference,
MORGAN,LINDSAY,9/8/2021 0:00,Colgate University,Patriot League,
BLAISE,BIRINGER,9/7/2021 0:00,Ole Miss,Southeastern Conference,Arizona
AMANDA,GULL,9/7/2021 0:00,Presbyterian College,Big South Conference,
TAUDREA,SINNIE,9/6/2021 0:00,"Texas A&M University, College Station",Southeastern Conference,
SHIÂ ,CAIN,9/6/2021 0:00,Erskine College,Conference Carolinas,
VICTORIA,DE LA CRUZ,9/3/2021 0:00,Georgian Court University,Central Atlantic Collegiate Conference,
SANDREAÂ ,HORD,9/1/2021 0:00,Alcorn State University,Southwestern Athletic Conf.,
KAYLAÂ ,GARCIA,8/31/2021 0:00,"Texas A&M University, College Station",Southeastern Conference,
HAILEYÂ ,POLISANO,8/30/2021 0:00,University of New Haven,Northeast-10 Conference,
STEPHANIE,JIMENEZ,8/30/2021 0:00,Texas A&M University-Commerce,Lone Star Conference,
CASEYÂ  Â ,DIXON,8/26/2021 0:00,University of Louisiana at Lafayette,Sun Belt Conference,Fresno State
KATELINÂ ,COOPER,8/26/2021 0:00,Ole Miss,Southeastern Conference,Louisiana Tech
MIRANDAÂ  Â ,ELISH,8/26/2021 0:00,Texas,Big 12 Conference,Oklahoma State
LILIANAÂ  Â ,BISHOP,8/26/2021 0:00,Grand Canyon University,Western Athletic Conference,
EMMA,GLAWSON,8/26/2021 0:00,Southern,Southwestern Athletic Conf.,
LEAHÂ ,MACIAS,8/25/2021 0:00,"University of Minnesota, Crookston",Northern Sun Intercollegiate Conference,
HANNAHÂ ,MACIAS,8/25/2021 0:00,"University of Minnesota, Crookston",Northern Sun Intercollegiate Conference,
JANAE,CAMERON,8/25/2021 0:00,University of Nebraska Omaha,The Summit League,
KATHERINE,RODRIGUEZ,8/24/2021 0:00,Quinnipiac University,Metro Atlantic Athletic Conference,
KELSEY,PATTERSON,8/23/2021 0:00,Grambling State University,Southwestern Athletic Conf.,
EMMAÂ ,BICKFORD,8/23/2021 0:00,Santa Clara University,West Coast Conference,
HALEY,NILLEN,8/20/2021 0:00,Auburn University,Southeastern Conference,
LAURENÂ ,WHITNEY,8/19/2021 0:00,Sam Houston State University,Western Athletic Conference,
JILLIAN,MIDDLETON,8/19/2021 0:00,Ashland University,Great Midwest Athletic Conference,
LAURENÂ ,DVORAK,8/18/2021 0:00,Northwestern University,Big Ten Conference,
MACKENZIE,LA NEVE,8/17/2021 0:00,"University of Hawaii, Manoa",Big West Conference,
KASEY,JUSINO,8/17/2021 0:00,Post University,Central Atlantic Collegiate Conference,
ELLA,CHANG GIBSON,8/16/2021 0:00,Cal State - Monterey Bay,California Collegiate Athletic Association,
CAMERYN,FEATHERS,8/16/2021 0:00,Kutztown University of Pennsylvania,Pennsylvania State Athletic Conference,
MAGGIE,KLOVER,8/16/2021 0:00,Kansas City,The Summit League,
SHELBY,WALTERS,8/14/2021 0:00,Duke ,Atlantic Coast Conference,Georgia
ALEXANDRA,DUBOIS,8/11/2021 0:00,Boston University,Patriot League,Florida State
KAITLYN,ANDERSON,8/10/2021 0:00,Santa Clara ,West Coast Conference,
IYANA,CANADA,8/10/2021 0:00,Mississippi University for Women,Independent,
MORGAN,FISHER,8/6/2021 0:00,New Haven,Northeast-10 Conference,
ELIZABETH,FREDERICK,8/6/2021 0:00,New Haven,Northeast-10 Conference,
JAELENE,KAPU,8/6/2021 0:00,Grand Canyon,Western Athletic Conference,
JESSICA,CHOPLINSKY,8/5/2021 0:00,UMBC,America East Conference,
CAMIRYNÃ‚Â ,HENRY,8/5/2021 0:00,DePauw ,North Coast Athletic Conference,
REBECCA,JOHNSON,8/5/2021 0:00,Colgate ,Patriot League,
CHEYENNEÃ‚Â ,NELSON,8/5/2021 0:00,Florida Institute of Technology,Sunshine State Conference,
ALEXANDRAÃ‚Â ,TAYLOR,8/5/2021 0:00,West Georgia,Gulf South Conference,
MAYA,SANEISHI,8/4/2021 0:00,Abilene Christian,Western Athletic Conference,
SARA,HEY,8/3/2021 0:00,Assumption ,Northeast-10 Conference,
KARLEIGH,STOUT,8/3/2021 0:00,South Carolina,Southeastern Conference,
REBECCA,DURAN,8/1/2021 0:00,SIUE,Ohio Valley Conference,
ALEXANDRA,BALLESTER,7/30/2021 0:00,Wilmington (Delaware),Central Atlantic Collegiate Conference,
SHEALEE,PERKINS,7/30/2021 0:00,Idaho State University,Big Sky Conference,
BREANNA,KLAIBER,7/29/2021 0:00,Saint Anselm College,Northeast-10 Conference,
JULIA,BUMFORD,7/28/2021 0:00,UTSA,Conference USA,
KELSEY,STRAYER,7/28/2021 0:00,Post University,Central Atlantic Collegiate Conference,
KELSEY,STRAYER,7/28/2021 0:00,Post University,Central Atlantic Collegiate Conference,
VANESSA,RICHIE,7/27/2021 0:00,Saint Mary's College of California,West Coast Conference,
AALIYAH,ORTIZ,7/26/2021 0:00,McNeese ,Southland Conference,
KYRA,SUNGA,7/24/2021 0:00,California State- Monterey Bay,California Collegiate Athletic Association,
CARLY,ROBBINS,7/23/2021 0:00,South Carolina,Southeastern Conference,
DAYNA,HOKANSON,7/22/2021 0:00,Southern Utah ,Big Sky Conference,
ALICIA,LOPEZ,7/22/2021 0:00,Lamar ,Southland Conference,
A'YANNA,WILLIAMS,7/22/2021 0:00,Grambling State ,Southwestern Athletic Conf.,
JAIME,BELOG,7/21/2021 0:00,Suffolk ,Commonwealth Coast Conference,
MADELINE,JACKSON,7/21/2021 0:00,Georgia College,Peach Belt Conference,
CAITLYN,RIVERA,7/21/2021 0:00,UC - Riverside,Big West Conference,
HAMPTON,HAYS,7/20/2021 0:00,Oklahoma Christian ,Lone Star Conference,
RACHEL,FORSYTHE,7/19/2021 0:00,Northern Colorado,Big Sky Conference,
PEYTON,LEE,7/16/2021 0:00,Tarleton State ,Western Athletic Conference,
CHEYENNE,VAN PELT,7/16/2021 0:00,Shepherd ,Pennsylvania State Athletic Conference,
SAMANTHA,PETITT,7/15/2021 0:00,St. Thomas (Minnesota),Minnesota Intercollegiate Athletic Conference,
KENNEDI,SORENSEN,7/14/2021 0:00,UC - Riverside,Big West Conference,CSUN
ABIGAIL,DOUGHTY,7/14/2021 0:00,Utah Valley ,Western Athletic Conference,
MADISON,PROCYK,7/14/2021 0:00,Amherst College,New England Small College Athletic Conference,
KAITLYN,SCRUGGS,7/14/2021 0:00,Tuskegee University,Southern Intercol. Ath. Conf.,
ALYSSA,CAPPA,7/13/2021 0:00,Indiana University of Pennsylvania,Pennsylvania State Athletic Conference,
REBECA,FAJARDO,7/13/2021 0:00,Southern Arkansas,Great American Conference,
ERIN,BENGSTON,7/12/2021 0:00,Holy Cross,Patriot League,
GRETCHEN,GOLDSMITH,7/12/2021 0:00,California Baptist ,Western Athletic Conference,
KELLY,NELSON,7/12/2021 0:00,College of the Holy Cross,Patriot League,
CORI,RITTER,7/12/2021 0:00,Shippensburg University of Pennsylvania,Pennsylvania State Athletic Conference,
TAYLOR,STALLINGS,7/12/2021 0:00,Elizabeth City State ,Central Intercollegiate Athletic Association,
ERIN,TOOLE,7/12/2021 0:00,Greenville ,St. Louis Intercollegiate Athletic Conference,
KACEY,HVITVED,7/8/2021 0:00,Ole Miss,Southeastern Conference,Fresno State
BROOKE,CARTER,7/8/2021 0:00,Utah Valley ,Western Athletic Conference,
DEEANNA,HARRINGTON,7/8/2021 0:00,"Arkansas, Pine Bluff",Southwestern Athletic Conf.,
BRITTNEY,PROCTOR,7/8/2021 0:00,Murray State ,Ohio Valley Conference,
GRACE,TRAUTMAN,7/8/2021 0:00,Saint Michael's College,Northeast-10 Conference,
SAMANTHA,FOHRMAN,7/7/2021 0:00,Georgian Court University,Central Atlantic Collegiate Conference,
EMERYÃ‚Â ,MARSHALL,7/7/2021 0:00,Utah Valley ,Western Athletic Conference,
KATELYN,NORRIS,7/7/2021 0:00,Charleston Southern ,Big South Conference,
ANNIE,VILLALOBOS,7/6/2021 0:00,George Mason ,Atlantic 10 Conference,Grand Canyon
CHLOE,KOLL,7/6/2021 0:00,Humboldt State ,California Collegiate Athletic Association,
MCKENNA,SMITH,7/6/2021 0:00,Saint Anselm College,Northeast-10 Conference,
HANNAH,MEARNS,7/5/2021 0:00,Binghamton,America East Conference,
IZABELLA,OWEN,7/4/2021 0:00,New Mexico,Mountain West Conference,
SUSANNAH,ANDERSON,7/2/2021 0:00,Boston College,Atlantic Coast Conference,Boston College (w/d)
GIANNA,BOCCAGNO,7/2/2021 0:00,Boston College,Atlantic Coast Conference,Boston College (w/d)
CARSONÃ‚Â ,SAABYE,7/2/2021 0:00,Florida State ,Atlantic Coast Conference,Florida State (w/d)
ALANAÃ‚Â ,COBB-ADAMS,7/2/2021 0:00,SIUE,Ohio Valley Conference,Fresno State
SKYLAR,CHAVEZ,7/2/2021 0:00,Hampton ,Big South Conference,Georgia State
JACQUELINE,GONZALEZ,7/2/2021 0:00,Hampton ,Big South Conference,Georgia State
NATALIEÃ‚Â ,MCLENNAN,7/2/2021 0:00,Prairie View A&M ,Southwestern Athletic Conf.,
LOGAN,TAYLOR,7/2/2021 0:00,Regis University (Colorado),Rocky Mountain Athletic Conference,
CHLOE,WILSON,7/2/2021 0:00,Augusta ,Peach Belt Conference,
KAITLYNNÃ‚Â ,HUNT,7/1/2021 0:00,Creighton ,Big East Conference,Lipscomb
ALISSA,ALVARADO,7/1/2021 0:00,University of Mary,Northern Sun Intercollegiate Conference,
JORDYN,MACIAS,7/1/2021 0:00,Boise State ,Mountain West Conference,
ADILENA,MONTEITH,7/1/2021 0:00,Central Michigan ,Mid-American Conference,
CAILEE,MORGAN,7/1/2021 0:00,Montana State University Billings,Great Northwest Athletic Conference,
KINLEY,STEWART,7/1/2021 0:00,Georgia Institute of Technology,Atlantic Coast Conference,
KELSEY,HALL,6/30/2021 0:00,Fresno State,Mountain West Conference,Boise State
CARSTEN,PUCKETT,6/30/2021 0:00,Clemson ,Atlantic Coast Conference,College of Charleston
TYLER,DENHART,6/30/2021 0:00,Southern Utah ,Big Sky Conference,Dixie State
AUBREE,SEANEY,6/30/2021 0:00,Tulsa,American Athletic Conference,Oregon State
NICOLE,DAWSON,6/30/2021 0:00,Baylor ,Big 12 Conference,
SARAH,LARGEN,6/30/2021 0:00,Jacksonville State ,Ohio Valley Conference,
HALEY,LARSON,6/30/2021 0:00,University of Wisconsin-Parkside,Great Lakes Intercollegiate Athletic Conference,
JOSIE,SWAFFORD,6/30/2021 0:00,North Carolina at Charlotte,Conference USA,
KATELYN,VARA,6/30/2021 0:00,Fordham ,Atlantic 10 Conference,
NICOLE,BECHTEL,6/29/2021 0:00,USF,American Athletic Conference,George Mason
COURTNEY,BLACKWELL,6/29/2021 0:00,Purdue University Northwest,Great Lakes Intercollegiate Athletic Conference,
BRIANNA,BOWERS,6/29/2021 0:00,"California State University, Sacramento",Big Sky Conference,
LILY,JOHNSON,6/29/2021 0:00,Union University,Gulf South Conference,
SYDNEY,NICHOLS,6/29/2021 0:00,Wichita State ,American Athletic Conference,
MEGAN,TRIVELPIECE,6/29/2021 0:00,Drexel ,Colonial Athletic Association,
KENDALL,SMITH,6/28/2021 0:00,Western Kentucky ,Conference USA,Louisville
KENDALL,TALLEY,6/28/2021 0:00,Louisiana ,Sun Belt Conference,McNeese
MELINA,LIVINGSTON,6/28/2021 0:00,Pennsylvania State,Big Ten Conference,Ohio State
RYLEIGH,WHITE,6/28/2021 0:00,Texas,Big 12 Conference,Tennessee
ARISSA,PAULSON,6/28/2021 0:00,BYU,West Coast Conference,Weber State
SKYE,GRANT,6/28/2021 0:00,Northern Illinois ,Mid-American Conference,
FAITH,HOWARD,6/28/2021 0:00,Northern Kentucky ,Horizon League,
SABRINA,LUTTIG,6/28/2021 0:00,Saint Anselm College,Northeast-10 Conference,
ABIGAIL,PACKARD,6/28/2021 0:00,UMass Lowell,America East Conference,
PAXTON,GRIMES,6/27/2021 0:00,Tennessee Technological University,Ohio Valley Conference,
MAIKYLA,NELSON,6/26/2021 0:00,Delaware State ,Mid-Eastern Athletic Conf.,
STORMY,KOTZELNICK,6/25/2021 0:00,Washington,Pac-12 Conference,Louisiana-Lafayette
LEAH,BEASLEY,6/25/2021 0:00,Union University,Gulf South Conference,
GRACEN,CHAMBLESS,6/25/2021 0:00,University of South Carolina Upstate,Big South Conference,
EMILY,KARAS,6/25/2021 0:00,Oakland ,Horizon League,
ALLY,SHIPMAN,6/24/2021 0:00,Tennessee,Southeastern Conference,Alabama
DARIANA,ORME,6/23/2021 0:00,Fresno State,Mountain West Conference,Baylor
MCKENZIE,WILSON,6/23/2021 0:00,Fresno State,Mountain West Conference,Baylor
KIANNA,JONES,6/23/2021 0:00,Minnesota,Big Ten Conference,North Carolina
BETHANY,ELLETT,6/23/2021 0:00,Memphis,American Athletic Conference,Tarleton
CARLEE,CLARK,6/23/2021 0:00,Southern Illinois,Missouri Valley Conference,UIC
SAMANTHA,BURGGRAF,6/23/2021 0:00,Babson College,New England Women's and Men's Athletic Conference,
KARINA,FALKSTROM,6/23/2021 0:00,Pomona-Pitzer Colleges,Southern California Intercollegiate Athletic Conf.,
ALLISHA,MARTINEZ,6/23/2021 0:00,Loyola Marymount,West Coast Conference,
JOCELYN,ALONSO,6/22/2021 0:00,FIU,Conference USA,East Carolina
GRACIE,SULLIVAN,6/22/2021 0:00,Wichita State,American Athletic Conference,Pittsburg State
ZAIDA,PUNI,6/22/2021 0:00,Oklahoma,Big 12 Conference,Tennessee
KIERSTEN,NIXON,6/22/2021 0:00,Maryville University of Saint Louis,Great Lakes Valley Conference,
MIRANDA,ORTEGON,6/22/2021 0:00,Davis & Elkins College,Mountain East Conference,
MATALASI,FAAPITO,6/21/2021 0:00,New Mexico State,Western Athletic Conference,Mississippi State
MARINA,DICKINSON,6/21/2021 0:00,Davis & Elkins College,Mountain East Conference,
JANESSA,LARMAN,6/21/2021 0:00,Cameron,Lone Star Conference,
SARA,LILLIE,6/21/2021 0:00,San Diego State,Mountain West Conference,
SYDNIE,SAHHAR,6/21/2021 0:00,Grand Canyon,Western Athletic Conference,
LAYLA,STOUDER,6/21/2021 0:00,Chadron State College,Rocky Mountain Athletic Conference,
SAMANTHA,VINSON,6/21/2021 0:00,Georgia College,Peach Belt Conference,
ARACELI,PESQUEIRA,6/18/2021 0:00,GCU,Western Athletic Conference,Gardner-Webb
ALANNA,NELSON-THIEDE,6/18/2021 0:00,Oklahoma,Big 12 Conference,UNLV
AOTEAROA,TALOA,6/18/2021 0:00,GCU,Western Athletic Conference,Weber State
ALIVIA,CONTE,6/18/2021 0:00,Charleston (West Virginia),Mountain East Conference,
KYRA,KROLL,6/18/2021 0:00,Western Illinois,The Summit League,
VENICE,SANDERS,6/18/2021 0:00,Alabama State ,Southwestern Athletic Conf.,
CHENISE,DELCE,6/17/2021 0:00,Tulsa,American Athletic Conference,Arkansas
BRADY,ROWLAND,6/17/2021 0:00,Memphis,American Athletic Conference,Tarleton
KASEY,FLORES,6/17/2021 0:00,UTEP,Conference USA,
JACLYN,GRAY,6/17/2021 0:00,Cameron University,Lone Star Conference,
KAYTLIN,LEYVAS,6/17/2021 0:00,Grand Canyon,Western Athletic Conference,
DONNAE,MORTON,6/17/2021 0:00,Northern State ,Northern Sun Intercollegiate Conference,
GABBY,SPRANG,6/16/2021 0:00,Oklahoma State,Big 12 Conference,Purdue
MEGAN,TURNER,6/16/2021 0:00,Kent State,Mid-American Conference,Youngstown State
JAIME,BARTA,6/16/2021 0:00,Syracuse,Atlantic Coast Conference,
MADISON,JORDAN,6/16/2021 0:00,Central Michigan,Mid-American Conference,
BRIDGETTE,STROBL,6/15/2021 0:00,Northern Colorado,Big Sky Conference,Gardner-Webb
KATELYN,DUNCKEL,6/15/2021 0:00,Oklahoma Christian ,Lone Star Conference,Grand Canyon
OLIVIA,RAINS,6/15/2021 0:00,Oklahoma,Big 12 Conference,Texas Tech
MADISON,ROGERS,6/15/2021 0:00,Central Connecticut State ,Northeast Conference,
ALEXANDRA,TEJEDA,6/15/2021 0:00,Pace University,Northeast-10 Conference,
COURTNEY,WHITE,6/15/2021 0:00,Sam Houston State ,Southland Conference,
BAILEY,WILLIAMS,6/15/2021 0:00,Texas,Big 12 Conference,
ELIYAH,FLORES,6/14/2021 0:00,Oklahoma,Big 12 Conference,Boise State
MEKHI,MAYFIELD,6/14/2021 0:00,Samford University,Southern Conference,Coaching @ West Alabama
KINSEY,KOELTZOW,6/14/2021 0:00,Oklahoma,Big 12 Conference,Grand Canyon
MATTISON,BOYD,6/14/2021 0:00,Oklahoma State,Big 12 Conference,Houston
PAIGE,KNIGHT,6/14/2021 0:00,Oklahoma,Big 12 Conference,NE Oklahoma
BROOKE,VESTAL,6/14/2021 0:00,Oklahoma,Big 12 Conference,Ole Miss
JULIET,BERNSTEIN,6/14/2021 0:00,Pace University,Northeast-10 Conference,
RAQUEL,DOMINGUEZ,6/14/2021 0:00,Oklahoma State ,Big 12 Conference,
TAYLOR,FLOREA,6/14/2021 0:00,Francis Marion ,Peach Belt Conference,
JADE,MILLER,6/14/2021 0:00,Utah Valley University,Western Athletic Conference,
JAZMIN,SCOTT,6/14/2021 0:00,Stetson University,ASUN Conference,
KATLIN,ENTRUP,6/13/2021 0:00,San Diego,West Coast Conference,
CARSON,ARMIJO,6/12/2021 0:00,UCLA,Pac-12 Conference,Texas Tech
PEYTON,RIVAS,6/12/2021 0:00,Coastal Carolina ,Sun Belt Conference,Winthrop
PAIGE,RIVAS,6/12/2021 0:00,Coastal Carolina ,Sun Belt Conference,Winthrop
TAYLOR,ELLSWORTH,6/11/2021 0:00,Texas,Big 12 Conference,Arkansas
GABRIELA,DE LA CERDA,6/11/2021 0:00,Eastern Kentucky ,Ohio Valley Conference,
MACKENZIE,GAREAU,6/11/2021 0:00,Austin Peay ,Ohio Valley Conference,
BAILEY,PAYNE,6/11/2021 0:00,Texas A&M -Corpus Christi,Southland Conference,
EMMA,ZIMMERMAN,6/11/2021 0:00,East Stroudsburg ,Pennsylvania State Athletic Conference,
DENAEÃ‚Â ,CHATMAN,6/10/2021 0:00,ASU,Pac-12 Conference,Grand Canyon
GEORGIA,BLAIR,6/10/2021 0:00,UCF,American Athletic Conference,Loyola Marymount
BROOKE,BENDER,6/10/2021 0:00,East Stroudsburg ,Pennsylvania State Athletic Conference,
ANJELICA,GONZALEZ APONTE,6/10/2021 0:00,UTA,Sun Belt Conference,
ISABELLA,NEWTON,6/10/2021 0:00,JMU,Colonial Athletic Association,
HANNAH,SIPOS,6/10/2021 0:00,Florida,Southeastern Conference,
SHELBI,TUCKER,6/10/2021 0:00,Appalachian State ,Sun Belt Conference,
KENDALLÃ‚Â ,SIDES,6/9/2021 0:00,Alabama,Southeastern Conference,Arkansas
BETHANEYÃ‚Â ,KEEN,6/9/2021 0:00,South Florida,American Athletic Conference,Florida State
RAIGAN,BARRETT,6/9/2021 0:00,Washington,Pac-12 Conference,Liberty
BRIANNA,SANTOS,6/9/2021 0:00,"Colorado, Colorado Springs",Rocky Mountain Athletic Conference,McNeese
SARA,JUBAS,6/9/2021 0:00,JMU,Colonial Athletic Association,North Carolina
TAYLORÃ‚Â ,RHINEHART,6/9/2021 0:00,Siena College,Metro Atlantic Athletic Conference,Robert Morris
DORY,KULIS,6/9/2021 0:00,Merrimack College,Northeast Conference,
PAYTON,STROUD,6/9/2021 0:00,Rogers State University,Mid-America Intercollegiate Athletics Association,
LEAH,VICTOR,6/9/2021 0:00,Morgan State,Mid-Eastern Athletic Conf.,
TAYLOR,YODER,6/9/2021 0:00,Walsh University,Great Midwest Athletic Conference,
"ALEXISÃ‚Â ""LOU""",ALLAN,6/8/2021 0:00,Michigan,Big Ten Conference,Liberty
CARLEY,GOETSCHIUS,6/8/2021 0:00,Northern Illinois ,Mid-American Conference,North Dakota State
TAYLOR,BATTIEST,6/8/2021 0:00,Southeastern Oklahoma State,Great American Conference,
CASEY,BERTKE,6/8/2021 0:00,Cedarville University,Great Midwest Athletic Conference,
KYLIE,COX,6/8/2021 0:00,Long Beach State,Big West Conference,
SOPHIA,FIKE,6/8/2021 0:00,Seattle,Western Athletic Conference,
CLAIRE,HOOPER,6/8/2021 0:00,Charleston (West Virginia),Mountain East Conference,
LINDSEY,MANHART,6/8/2021 0:00,Appalachian State ,Sun Belt Conference,
LANDRY,NEWGENT,6/8/2021 0:00,Southern Arkansas ,Great American Conference,
ALYSSA,ORR,6/8/2021 0:00,Iowa State ,Big 12 Conference,
RACHAELÃ‚Â ,QUARITSCH,6/8/2021 0:00,SIUE,Ohio Valley Conference,
MALEA,RODRIGUEZ,6/8/2021 0:00,Texas Southern,Southwestern Athletic Conf.,
REMINGTON,ROSS,6/8/2021 0:00,Cal State Fullerton,Big West Conference,
ALEXANDRAÂ ,VELAZQUEZ,6/8/2021 0:00,Virginia Tech,Atlantic Coast Conference,
KATIE,WINGERTER,6/8/2021 0:00,Illinois,Big Ten Conference,
CALLIE,TURNER,6/7/2021 0:00,Tennessee,Southeastern Conference,Arkansas
MACEE,BARNES,6/7/2021 0:00,Oklahoma State ,Big 12 Conference,Grand Canyon
LAURA,BISHOP,6/7/2021 0:00,Georgia,Southeastern Conference,Kennesaw State
MACI,CUNCONAN,6/7/2021 0:00,Oklahoma State ,Big 12 Conference,Lipscomb
JAYCEE,RUBERTI,6/7/2021 0:00,Hofstra University,Colonial Athletic Association,Ohio State
KAITLYNN,HUMPHREYS,6/7/2021 0:00,Cal State Fullerton,Big West Conference,Oregon
ERIN,POEPPING,6/7/2021 0:00,East Carolina University,American Athletic Conference,South Florida
TYLER,ARMISTEAD,6/7/2021 0:00,Georgia,Southeastern Conference,UAB
MAEGAN,CALANDRA,6/7/2021 0:00,Appalachian State ,Sun Belt Conference,
LINDSEY,COWANS,6/7/2021 0:00,"California State University, Monterey Bay",California Collegiate Athletic Association,
LEXI,HUTCHINS,6/7/2021 0:00,South Alabama,Sun Belt Conference,
KAITLYN,JENSEN,6/7/2021 0:00,UCF,American Athletic Conference,
LANEY,JOYNER,6/7/2021 0:00,Michigan State,Big Ten Conference,
ANN-JUDIE,MARTIN,6/7/2021 0:00,Charleston (West Virginia),Mountain East Conference,
DANIELLE,MARTINEZ,6/7/2021 0:00,Cal State Fullerton,Big West Conference,
ASHLEY,SHANKS,6/7/2021 0:00,Morgan State University,Mid-Eastern Athletic Conf.,
BAILEYÃ‚Â ,THOMPSON,6/7/2021 0:00,Seattle University,Western Athletic Conference,
ABIGIAL,BUETTNER,6/6/2021 0:00,Maryland,Big Ten Conference,Tennessee Tech
SHIANNEÃ‚Â ,SMITH,6/6/2021 0:00,Seattle University,Western Athletic Conference,Utah
MADELINE,BOLDT,6/5/2021 0:00,Incarnate Word,Southland Conference,
ALEXANDRA,MUSIAL,6/4/2021 0:00,Hofstra ,Colonial Athletic Association,Binghamton
ALLYN,BEZJAK,6/4/2021 0:00,Saint Francis ,Northeast Conference,Bowling Green
BREANNA,COOPER,6/4/2021 0:00,USC Upstate,Big South Conference,Bowling Green
KILEY,GOFF,6/4/2021 0:00,Purdue,Big Ten Conference,Maryland
ALISANDRA,BELLOC,6/4/2021 0:00,California Baptist ,Western Athletic Conference,
MEGAN,GUERICKE,6/4/2021 0:00,Northern Illinois University,Mid-American Conference,
EMMA,GURLEY,6/4/2021 0:00,John Carroll ,Ohio Athletic Conference,
FARRAH,STEFFANY,6/4/2021 0:00,Pacific,West Coast Conference,
ALEXA,VEAMOI,6/4/2021 0:00,Alabama State ,Southwestern Athletic Conf.,
JESSICAÃ‚Â ,PUK,6/3/2021 0:00,Ole Miss,Southeastern Conference,Arizona State
"DIANNE ""ADDY""",BULLIS,6/3/2021 0:00,Dayton,Atlantic 10 Conference,East Carolina
JESSICA,ACOSTA,6/3/2021 0:00,Ole Miss,Southeastern Conference,Houston
CASSANDRA,LINDMARK,6/3/2021 0:00,Kentucky,Southeastern Conference,Penn State
ARIANAÃ‚Â ,ADAMS,6/3/2021 0:00,Texas,Big 12 Conference,Syracuse
ASHLEE,LARUE,6/3/2021 0:00,Ole Miss,Southeastern Conference,Tarleton
JESSICA,BUSH,6/3/2021 0:00,Lipscomb,ASUN Conference,Western Kentucky
CIEANAÃ‚Â ,CURRAN,6/3/2021 0:00,Hawaii Pacific ,Pacific West Conference,
ASHLEY,ESTY,6/3/2021 0:00,UConn,Big East Conference,
MADISON,JOHNSON,6/3/2021 0:00,Texas A&M-Corpus Christi,Southland Conference,
ALLY,OYANGUREN,6/3/2021 0:00,BYU,West Coast Conference,
ALEXANDRA,PRESTON,6/3/2021 0:00,Fresno State,Mountain West Conference,
ANISTON,WRIGHT,6/3/2021 0:00,Georgia State,Sun Belt Conference,
SIDNEY,HOLMAN,6/2/2021 0:00,Baylor,Big 12 Conference,Abilene Christian
ALEXIS,WAGNER,6/2/2021 0:00,Oregon,Pac-12 Conference,Charlotte
MADISYN,DAVIS,6/2/2021 0:00,UCF,American Athletic Conference,East Carolina
TAYLI,FILLA,6/2/2021 0:00,South Florida,American Athletic Conference,FGCU
CANA,DAVIS,6/2/2021 0:00,Virginia Tech,Atlantic Coast Conference,Florida Gulf Coast
OLIVIA,JOHNSON,6/2/2021 0:00,Memphis,American Athletic Conference,McNeese
JAYCEE,COOK,6/2/2021 0:00,UAB,Conference USA,North Texas
MARY KATHERINEÃ‚Â ,TEDDER,6/2/2021 0:00,Texas,Big 12 Conference,Samford
KAYLEE,HEWITT,6/2/2021 0:00,Virginia Tech,Atlantic Coast Conference,UTEP
ALEXSI,BARASHKOFF,6/2/2021 0:00,UNLV,Mountain West Conference,
KAYLEE,DRAKE,6/2/2021 0:00,Glenville State College,Mountain East Conference,
MADISON,HENRY,6/2/2021 0:00,North Georgia,Peach Belt Conference,
MADISON,HOPPER,6/2/2021 0:00,Oregon,Pac-12 Conference,
KINLEY,KYRO,6/2/2021 0:00,UC San Diego,Big West Conference,
CHRISTY,MACK,6/2/2021 0:00,Hartford,America East Conference,
JOELLA,CASTILLO,6/1/2021 0:00,George Washington,Atlantic 10 Conference,East Carolina
MEGAN,WARD,6/1/2021 0:00,Dayton,Atlantic 10 Conference,Illinois
VICTORIA,ABRAMS,6/1/2021 0:00,LSU,Southeastern Conference,Louisiana-Monroe
JOSIE,WILLINGHAM,6/1/2021 0:00,Tennessee,Southeastern Conference,McNeese
KAYLAN,COLE,6/1/2021 0:00,Tennessee,Southeastern Conference,Tennessee Tech
ANNA,JONES,6/1/2021 0:00,LSU,Southeastern Conference,Texas State
JILLIAN,BARTLEY,6/1/2021 0:00,Regis University (Colorado),Rocky Mountain Athletic Conference,
KAYLEA,EVANS,6/1/2021 0:00,USC Upstate,Big South Conference,
EMMA,FROEMKE,6/1/2021 0:00,Seattle,Western Athletic Conference,
ANNA,GUSTAFSON,6/1/2021 0:00,Lewis University,Great Lakes Valley Conference,
EMILY,KING,6/1/2021 0:00,McKendree University,Great Lakes Valley Conference,
CARSON,LYON,6/1/2021 0:00,Marshall,Conference USA,
KATHERINE,PIPPEL,6/1/2021 0:00,Montana,Big Sky Conference,
ALEXIS,POTAPCZAK,6/1/2021 0:00,Valdosta State,Gulf South Conference,
TAYVEN,ROUSSEAU,6/1/2021 0:00,Saint Francis,Northeast Conference,
MADISON,SHERRILL,6/1/2021 0:00,Charlotte,Conference USA,
CHASE,SWANK,6/1/2021 0:00,Georgian Court ,Central Atlantic Collegiate Conference,
CHASE,SWANK,6/1/2021 0:00,Georgian Court ,Central Atlantic Collegiate Conference,
AUDREY,TUMBARELLO,6/1/2021 0:00,DePaul ,Big East Conference,
TANIECE,TYSON,6/1/2021 0:00,McNeese State,Southland Conference,
KAELENE,WALTER,6/1/2021 0:00,Iona College,Metro Atlantic Athletic Conference,
TEAGAN,WHITLEY,6/1/2021 0:00,McNeese,Southland Conference,
TIERRAH,WILLIAMS,6/1/2021 0:00,Houston,American Athletic Conference,
ITZEL,SOTO,5/31/2021 0:00,Fort Lewis College,Rocky Mountain Athletic Conference,
KARISSA,ORNELAS,5/30/2021 0:00,UCF,American Athletic Conference,Oregon
TAYLOR,BRODDICK,5/29/2021 0:00,Memphis,American Athletic Conference,Louisiana-Monroe
MYA,FELDER,5/28/2021 0:00,Oregon,Pac-12 Conference,Nebraska
ALYSSA,BRITO,5/28/2021 0:00,Oregon,Pac-12 Conference,Oklahoma
JAZMIN,CONTRERAS,5/28/2021 0:00,Oregon,Pac-12 Conference,San Francisco State
MEAGAN,SMITH,5/28/2021 0:00,Texas A&M University,Southeastern Conference,UT Arlington
JULIA,JIMENEZ,5/28/2021 0:00,Michigan,Big Ten Conference,Utah
GRACE,ABBONIZIO,5/28/2021 0:00,Drexel University,Colonial Athletic Association,
PRINCESS,VALENCIA,5/28/2021 0:00,Western Kentucky University,Conference USA,
TESSA,NUSS,5/27/2021 0:00,Binghamton University,America East Conference,Central Michigan
JORDAN,ALMASY,5/27/2021 0:00,UCF,American Athletic Conference,FGCU
ELEXIS,WEBB,5/27/2021 0:00,Fresno State,Mountain West Conference,Sacramento State
HANNAH,MAYO,5/27/2021 0:00,Texas A&M,Southeastern Conference,Tarleton
ANNA,HAZLEWOOD,5/27/2021 0:00,Tennessee,Southeastern Conference,UT-Martin
CHEYENNE,CHAVEZ,5/27/2021 0:00,Utah State University,Mountain West Conference,
KAYLEE,ERICKSON,5/27/2021 0:00,Brigham Young University,West Coast Conference,
MOLLY,GILBERT,5/27/2021 0:00,Tennessee Technological University,Ohio Valley Conference,
GRACE,GILBERT,5/27/2021 0:00,University of West Florida,Gulf South Conference,
MALLORY,KASINGER,5/27/2021 0:00,"California State University, San Bernardino",California Collegiate Athletic Association,
ALEXIS,MERKEL,5/27/2021 0:00,East Stroudsburg University of Pennsylvania,Pennsylvania State Athletic Conference,
SARA,SHAW,5/27/2021 0:00,Presbyterian College,Big South Conference,
CELYNA,SHAW,5/27/2021 0:00,The University of Tulsa,American Athletic Conference,
MACHAELA,SHORT,5/27/2021 0:00,Bluefield State College,Independent,
HANNAH,THOMPSON,5/27/2021 0:00,Baylor University,Big 12 Conference,
"CAITLYN ""KK""",MCCRARY,5/26/2021 0:00,Tennessee,Southeastern Conference,Auburn
KASEYÃ‚Â ,FAVA,5/26/2021 0:00,University of Central Florida,American Athletic Conference,Gardner-Webb
SALEEN,FLORES,5/26/2021 0:00,McNeese State University,Southland Conference,Houston
BREANNA,VASQUEZ,5/26/2021 0:00,UCF,American Athletic Conference,Iowa
ASHLAN,ARD,5/26/2021 0:00,Troy,Sun Belt Conference,Louisiana-Monroe
LOGAN,CAYMOL,5/26/2021 0:00,Clemson University,Atlantic Coast Conference,Loyola Marymount
AUTUMN,OWEN,5/26/2021 0:00,Gardner-Webb University,Big South Conference,Marshall
SAVANNAH,CHANNELL,5/26/2021 0:00,Liberty University,ASUN Conference,North Florida
BRINSON,ROGERS,5/26/2021 0:00,University of Louisiana at Lafayette,Sun Belt Conference,Pearl River Community College
BRIANNA,BUTLER,5/26/2021 0:00,Duke University,Atlantic Coast Conference,Princeton (academic)
"MCKENZIE ""MAC""",BARBARA,5/26/2021 0:00,University of Mississippi,Southeastern Conference,San Diego State
KAMA,WOODALL,5/26/2021 0:00,East Carolina,American Athletic Conference,UCF
JILLIAN,BOUSE,5/26/2021 0:00,Oklahoma Christian University,Lone Star Conference,
ALEAH,BOZARTH,5/26/2021 0:00,University of Central Oklahoma,Mid-America Intercollegiate Athletics Association,
GENISE,CHAVEZ,5/26/2021 0:00,New Mexico Highlands University,Rocky Mountain Athletic Conference,
HAYLEE,CLAY,5/26/2021 0:00,"University of Hawaii, Manoa",Big West Conference,
KYLIE,COFFELT,5/26/2021 0:00,Duke University,Atlantic Coast Conference,
CHRISTIANA,COTTRELL,5/26/2021 0:00,Colgate University,Patriot League,
RAEGAN,EDWARDS,5/26/2021 0:00,UT Arlington,Sun Belt Conference,
MADISON,FRALEY,5/26/2021 0:00,Kutztown University of Pennsylvania,Pennsylvania State Athletic Conference,
JADYN,JAMES,5/26/2021 0:00,Oklahoma Baptist University,Great American Conference,
SARAH,KOPP,5/26/2021 0:00,Davenport University,Great Lakes Intercollegiate Athletic Conference,
TAKIYA,LONDON,5/26/2021 0:00,UCF,American Athletic Conference,
CAMRYN,MCLEMORE,5/26/2021 0:00,South Alabam,Sun Belt Conference,
SERAFINE,PARRISH,5/26/2021 0:00,Portland State University,Big Sky Conference,
CELESTE,SOLIZ,5/26/2021 0:00,Mississippi State University,Southeastern Conference,
HOLLY,STEWART,5/26/2021 0:00,University of South Alabama,Sun Belt Conference,
MADISON,TAYLOR,5/26/2021 0:00,Santa Clara University,West Coast Conference,
GILLIAN,WALSH,5/26/2021 0:00,Kutztown University of Pennsylvania,Pennsylvania State Athletic Conference,
TIANNA,WILLIAMS,5/26/2021 0:00,Fresno State,Mountain West Conference,
MYA,ZETTLEMOYER,5/26/2021 0:00,Kutztown University of Pennsylvania,Pennsylvania State Athletic Conference,
SAMANTHA,RUSS,5/25/2021 0:00,North Carolina State University,Atlantic Coast Conference,Clemson
MACK,LEONARD,5/25/2021 0:00,Illinois State University,Missouri Valley Conference,Florida State
CHANDLER,DENNIS,5/25/2021 0:00,University of Michigan,Big Ten Conference,Georgia Tech
KENNEDY,SULLIVAN,5/25/2021 0:00,Western Kentucky,Conference USA,Kentucky
REAGEN,KANAGAWA,5/25/2021 0:00,BYU,West Coast Conference,Longwood
HAYLEY,BEJARANO,5/25/2021 0:00,University of Central Florida,American Athletic Conference,North Florida
MAGGIE,TRGO,5/25/2021 0:00,Western Kentucky University,Conference USA,North Florida
HARLEIGH,BRASWELL,5/25/2021 0:00,Arizona State University,Pac-12 Conference,Oregon State
ELLEN,EBBERS,5/25/2021 0:00,Morgan State University,Mid-Eastern Athletic Conf.,Saint Mary's
MACEY,KEESTER,5/25/2021 0:00,Ole Miss,Southeastern Conference,San Diego State
DANIELLE,ELDER,5/25/2021 0:00,"Texas A&M University, College Station",Southeastern Conference,Texas State
SAVANNAH,GIBSON,5/25/2021 0:00,Liberty University,ASUN Conference,Troy
SERINA,AGUILAR,5/25/2021 0:00,Texas A&M University-Commerce,Lone Star Conference,
KENDALL,ANDREWS,5/25/2021 0:00,University of Tennessee at Chattanooga,Southern Conference,
SERENA,ANTONE,5/25/2021 0:00,Prairie View A&M University,Southwestern Athletic Conf.,
HOPE,BRANDNER,5/25/2021 0:00,"University of Minnesota, Twin Cities",Big Ten Conference,
DAJIA,DAVIS,5/25/2021 0:00,Texas A&M University-Commerce,Lone Star Conference,
OLIVIA,FARRIS,5/25/2021 0:00,Drexel University,Colonial Athletic Association,
ASHLEIGH,INAE,5/25/2021 0:00,East Carolina University,American Athletic Conference,
LAUREN,KING,5/25/2021 0:00,Oklahoma Christian University,Lone Star Conference,
MADDISON,KOEPKE,5/25/2021 0:00,Auburn University,Southeastern Conference,
DELILAH,MALCZEWSKI,5/25/2021 0:00,Tusculum University,South Atlantic Conference,
TALIA,NIELSEN,5/25/2021 0:00,"California State University, Bakersfield",Big West Conference,
JENNA,NINK,5/25/2021 0:00,Northern Illinois University,Mid-American Conference,
MIKAYLA,POURBY,5/25/2021 0:00,East Stroudsburg University of Pennsylvania,Pennsylvania State Athletic Conference,
KELSIE,RIVERS,5/25/2021 0:00,University of South Alabama,Sun Belt Conference,
JAELYN,SANDERS,5/25/2021 0:00,Eastern Kentucky University,Ohio Valley Conference,
MAYA,SHELBY,5/25/2021 0:00,Texas A&M University-Commerce,Lone Star Conference,
SOPHIA,SLACK,5/25/2021 0:00,Walsh University,Great Midwest Athletic Conference,
MARY,SULLIVAN,5/25/2021 0:00,Queens University of Charlotte,South Atlantic Conference,
MORGAN,ZUEGE,5/24/2021 0:00,Eastern Kentucky,Ohio Valley Conference,Austin Peay
EMMA,SUMMERS,5/24/2021 0:00,Miami University (Ohio),Mid-American Conference,Belmont
MACY,SIMMONS,5/24/2021 0:00,Arizona State University,Pac-12 Conference,BYU
RILEY,OAKES,5/24/2021 0:00,Radford,Big South Conference,FGCU
MACKENSE,GREICO,5/24/2021 0:00,Furman University,Southern Conference,Maryland
HAILEY,HUDSON,5/24/2021 0:00,Houston,American Athletic Conference,McLennan CC
JESSICA,MABREY,5/24/2021 0:00,Pacific,West Coast Conference,Michigan State
KYLEIGH,SAND,5/24/2021 0:00,University of Louisiana at Lafayette,Sun Belt Conference,Rutgers
PEYTON,ELZEY,5/24/2021 0:00,Kennesaw State University,ASUN Conference,Siena
BAILEY,CURRY,5/24/2021 0:00,Louisiana,Sun Belt Conference,Western Kentucky
ROBYN,BALES,5/24/2021 0:00,Arkansas Tech University,Great American Conference,
MACY,BANKS,5/24/2021 0:00,Georgia State University,Sun Belt Conference,
MIKAYLA,BARNARD,5/24/2021 0:00,Morgan State University,Mid-Eastern Athletic Conf.,
ALYSSA,BATES,5/24/2021 0:00,University of Mary Hardin-Baylor,American Southwest Conference,
BRIANNA,CASTELLON,5/24/2021 0:00,Dixie State University,Western Athletic Conference,
HALEY,COOPER,5/24/2021 0:00,Chestnut Hill College,Central Atlantic Collegiate Conference,
KARRAH,DEAN,5/24/2021 0:00,Oklahoma Christian University,Lone Star Conference,
SANIAH,DORSEY,5/24/2021 0:00,Jackson State University,Southwestern Athletic Conf.,
MADISON,GARAY,5/24/2021 0:00,Marshall University,Conference USA,
KARA,GUNTER,5/24/2021 0:00,Eastern Kentucky University,Ohio Valley Conference,
CAROLINE,KENDRICK,5/24/2021 0:00,Hofstra University,Colonial Athletic Association,
LAURYN,KING,5/24/2021 0:00,West Virginia Wesleyan College,Mountain East Conference,
RALEIGH,LEWIS,5/24/2021 0:00,Tennessee Technological University,Ohio Valley Conference,
JORDAN,MCCLAIN,5/24/2021 0:00,Houston,American Athletic Conference,
IVANA,PEREZ,5/24/2021 0:00,Oregon State,Pac-12 Conference,
BERKELEY,QUINN,5/24/2021 0:00,UC- Riverside,Big West Conference,
JULIA,VARDIMAN,5/24/2021 0:00,The College of New Jersey,New Jersey Athletic Conference,
TRELLIS,WHALEY,5/24/2021 0:00,Auburn University at Montgomery,Gulf South Conference,
ELYSE,MORRIS,5/23/2021 0:00,St. John's University (New York),Big East Conference,
BRITTANY,STEENBERGEN,5/22/2021 0:00,Loyola Marymount University,West Coast Conference,
JORDAN,SCHURING,5/21/2021 0:00,Boise State,Mountain West Conference,Cal Baptist
CORA,BASSETT,5/21/2021 0:00,Purdue,Big Ten Conference,Indiana
AVA,BIENEMAN,5/21/2021 0:00,Southern Illinois University Edwardsville,Ohio Valley Conference,Loyola Chicago
MEGAN,MCMENEMY,5/21/2021 0:00,Ohio State,Big Ten Conference,Ohio
MADISON,KAHWATY,5/21/2021 0:00,Pacific,West Coast Conference,Seattle
DIANA,MURTHA,5/21/2021 0:00,Omaha,The Summit League,West Texas A&M
AMANDA,AGEMY,5/21/2021 0:00,Florida Gulf Coast University,ASUN Conference,
TELA,BEARD,5/21/2021 0:00,Howard University,Mid-Eastern Athletic Conf.,
TIANNA,BOONE,5/21/2021 0:00,Eastern New Mexico University,Lone Star Conference,
TAVA,BOONE,5/21/2021 0:00,Eastern New Mexico University,Lone Star Conference,
LAURYN,DEGUZMAN,5/21/2021 0:00,Minot State University,Northern Sun Intercollegiate Conference,
MADDISON,DEMERS,5/21/2021 0:00,University of Illinois Urbana-Champaign,Big Ten Conference,
CHAYNAU,JOHNSON,5/21/2021 0:00,Prairie View A&M University,Southwestern Athletic Conf.,
ALYSSA,RANO,5/21/2021 0:00,FGCU,ASUN Conference,
ALEXIS,SMITH,5/21/2021 0:00,"Arkansas, Pine Bluff",Southwestern Athletic Conf.,
AVERY,ZEIGLER,5/21/2021 0:00,Angelo State,Lone Star Conference,
BAILEY,GREENLEE,5/20/2021 0:00,Missouri State University,Missouri Valley Conference,Alabama State
BROOKE,DAVIS,5/20/2021 0:00,UAB,Conference USA,Lamar
AMBER,LINTON,5/20/2021 0:00,Indiana,Big Ten Conference,New Mexico
KAILEIGH,HOLLAND,5/20/2021 0:00,Grand Canyon University,Western Athletic Conference,Northern Colorado
MAKENNA,CALDERON,5/20/2021 0:00,University of Utah,Pac-12 Conference,Southern Utah
SOPHIA,HANNABAS,5/20/2021 0:00,Southeastern Louisiana,Southland Conference,Stephen F. Austin
REAGAN,CHISM,5/20/2021 0:00,Stephen F. Austin State University,Southland Conference,Tarleton
BRITTANY,COE,5/20/2021 0:00,UTSA,Conference USA,Tarleton
KENDALL,FRITZ,5/20/2021 0:00,Nevada,Mountain West Conference,Texas Tech
JOHNEISHA,ROWE,5/20/2021 0:00,Florida Gulf Coast University,ASUN Conference,UCF
SABRINA,ANGUIANO,5/20/2021 0:00,Rogers State University,Mid-America Intercollegiate Athletics Association,
SARAH,CANTLEY,5/20/2021 0:00,Canisius College,Metro Atlantic Athletic Conference,
EVEY,EVANS,5/20/2021 0:00,University of Illinois at Springfield,Great Lakes Valley Conference,
MADILYN,JOICE,5/20/2021 0:00,Mercer University,Southern Conference,
ALISON,KENNEDY,5/20/2021 0:00,Murray State University,Ohio Valley Conference,
ABIGAIL,KNIGHT,5/20/2021 0:00,Boston College,Atlantic Coast Conference,
OLIVIA,MARSHALL,5/20/2021 0:00,USC Upstate,Big South Conference,
KAYLIE,NORTHROP,5/20/2021 0:00,UNLV,Mountain West Conference,
SOPHIA,PEREZ,5/20/2021 0:00,Stony Brook University,America East Conference,
BAILEY,REID,5/20/2021 0:00,Adams State University,Rocky Mountain Athletic Conference,
ANALIESE,RODRIGUEZ,5/20/2021 0:00,Adams State University,Rocky Mountain Athletic Conference,
JENNIFER,ROMERO,5/20/2021 0:00,Colorado Christian University,Rocky Mountain Athletic Conference,
GRACE,TANGEN,5/20/2021 0:00,University of San Diego,West Coast Conference,
MADISON,YBARRA,5/20/2021 0:00,Cal State Dominguez Hills,California Collegiate Athletic Association,
RACHEL,HERTENBERGER,5/19/2021 0:00,Houston,American Athletic Conference,Baylor
RHEIN,TROCHIM,5/19/2021 0:00,University of Illinois Urbana-Champaign,Big Ten Conference,Baylor
MYKA,SUTHERLIN,5/19/2021 0:00,Pacific,West Coast Conference,Cal State Fullerton
SOFIA,GOMBOS,5/19/2021 0:00,"University of Minnesota, Crookston",Northern Sun Intercollegiate Conference,Cal State San Bernadino
STACY,PAYTON,5/19/2021 0:00,Ball State,Mid-American Conference,Charlotte
KENDALL,FIELDS,5/19/2021 0:00,Ball State,Mid-American Conference,Eastern Illinois
TIEGHAN,MORIO,5/19/2021 0:00,Ball State University,Mid-American Conference,Eastern Illinois
MIA,FAIETA,5/19/2021 0:00,St. John's University (New York),Big East Conference,Fairleigh Dickinson
JADA,CRITTENDON,5/19/2021 0:00,Pitt,Atlantic Coast Conference,Kent State
NYAH,VOGEL,5/19/2021 0:00,USC Upstate,Big South Conference,Lee University (D2)
MAGDALENE,JOSEPH,5/19/2021 0:00,Cal,Pac-12 Conference,Montana
MADISON,MCPHERSON,5/19/2021 0:00,Georgia Tech,Atlantic Coast Conference,NC State
MORGAN,DAY,5/19/2021 0:00,Illinois State,Missouri Valley Conference,Oklahoma State
EMMA,ANTHONY,5/19/2021 0:00,East Carolina University,American Athletic Conference,Southern Illinois
LOGAN,HULON,5/19/2021 0:00,Houston,American Athletic Conference,Texas
ALANA,BURGES,5/19/2021 0:00,San Jose State University,Mountain West Conference,
AMANDA,CARDEN,5/19/2021 0:00,Stephen F. Austin State University,Southland Conference,
KIRA,CAULEY,5/19/2021 0:00,"California State University, Northridge",Big West Conference,
DARCIE,HUBER,5/19/2021 0:00,Ball State University,Mid-American Conference,
RAYANNA,JANKE,5/19/2021 0:00,University of Tennessee at Chattanooga,Southern Conference,
CHLOE,LEE,5/19/2021 0:00,Marshall University,Conference USA,
KYLIE,MILANIC,5/19/2021 0:00,Oklahoma Baptist University,Great American Conference,
MADISON,MILLER,5/19/2021 0:00,UT-Arlington,Sun Belt Conference,
CASSIDY,MUNOZ,5/19/2021 0:00,New Mexico Highlands University,Rocky Mountain Athletic Conference,
SAVANNA,PARKER,5/19/2021 0:00,Stephen F. Austin State University,Southland Conference,
SHANNON,SISCO,5/19/2021 0:00,Mansfield University of Pennsylvania,Pennsylvania State Athletic Conference,
MEGAN,STAUFFER,5/19/2021 0:00,Marshall University,Conference USA,
SIDNEY,SWANTIC,5/19/2021 0:00,Chattanooga,Southern Conference,
KAYLA,WALLACE,5/19/2021 0:00,Stephen F. Austin State University,Southland Conference,
ASHLEY,PRANGE,5/18/2021 0:00,Ohio State,Big Ten Conference,Alabama
ALLISON,GARDINER,5/18/2021 0:00,UT Arlington,Sun Belt Conference,CSUN
LEAH,ZATKIEWICZ,5/18/2021 0:00,Jacksonville University,ASUN Conference,Florida Southern
ARIEL,THOMPSON,5/18/2021 0:00,North Texas,Conference USA,Grand Canyon
SYDNEY,NESTER,5/18/2021 0:00,North Carolina State,Atlantic Coast Conference,Marshall
TALIA,HANNAPPEL,5/18/2021 0:00,New Mexico,Mountain West Conference,North Carolina
NICOLE,HAYSLIP,5/18/2021 0:00,Florida Gulf Coast,ASUN Conference,Nova Southeastern
HOPE,TRAUTWEIN,5/18/2021 0:00,North Texas,Conference USA,Oklahoma
PAIGE,HALLIWILL,5/18/2021 0:00,Marshall University,Conference USA,Southeast Missouri
KATHERINE,SACKETT,5/18/2021 0:00,Marshall University,Conference USA,Southeast Missouri
KAYLEE,DIETRICH,5/18/2021 0:00,Grand Canyon University,Western Athletic Conference,Texas A&M-Kingsville
BAILEY,TINDELL,5/18/2021 0:00,North Texas,Conference USA,UAB
APRIL,VISSER,5/18/2021 0:00,North Carolina State,Atlantic Coast Conference,UNLV
KATIE,DREILING,5/18/2021 0:00,Southeast Missouri,Ohio Valley Conference,UT-Martin
ASHLYN,ADAMS,5/18/2021 0:00,Boise State University,Mountain West Conference,
MAKAYLA,CABALLERO,5/18/2021 0:00,Jackson State University,Southwestern Athletic Conf.,
DEJA,CAIN,5/18/2021 0:00,Texas Southern University,Southwestern Athletic Conf.,
ALICIA,ESTRADA,5/18/2021 0:00,University of Utah,Pac-12 Conference,
MARY ELIZABETH,FELDMAN,5/18/2021 0:00,University of Utah,Pac-12 Conference,
SOPHIE,GOLLIVER,5/18/2021 0:00,UAB,Conference USA,
MADELYN,HICKINGBOTTOM,5/18/2021 0:00,"University at Buffalo, the State University of New York",Mid-American Conference,
ANAYA,HUNTE,5/18/2021 0:00,Central Connecticut State University,Northeast Conference,
MALLORI,JENKINS,5/18/2021 0:00,Kennesaw State University,ASUN Conference,
RYLEE,LARA,5/18/2021 0:00,University of Louisiana Monroe,Sun Belt Conference,
BAILEY,MCLAUGHLIN,5/18/2021 0:00,Oregon State,Pac-12 Conference,
HALLIE,MELE,5/18/2021 0:00,University of South Carolina Upstate,Big South Conference,
MIRANDA,MORIN,5/18/2021 0:00,University of Texas at Arlington,Sun Belt Conference,
LYNNLEE,PARROTT,5/18/2021 0:00,Missouri Southern State University,Mid-America Intercollegiate Athletics Association,
MORGAN,RADFORD,5/18/2021 0:00,Bradley University,Missouri Valley Conference,
BRIANNA,SIMMS JOHNSON,5/18/2021 0:00,Jackson State University,Southwestern Athletic Conf.,
GABBY,TERAN,5/18/2021 0:00,Syracuse University,Atlantic Coast Conference,
GRACE,TOLLE,5/18/2021 0:00,Seton Hill University,Pennsylvania State Athletic Conference,
JESSICA,WILLIAMS,5/17/2021 0:00,Louisiana Monroe,Sun Belt Conference,Arkansas Tech
GRACIE,VOULGARIS,5/17/2021 0:00,Maryland,Big Ten Conference,Butler
MAKALAH,MITCHELL,5/17/2021 0:00,UAB,Conference USA,Charlotte
JALA,WRIGHT,5/17/2021 0:00,Michigan State,Big Ten Conference,Duke
MARISSA,MESIEMORE,5/17/2021 0:00,Florida Gulf Coast University,ASUN Conference,Florida
SAMANTHA,BEAN,5/17/2021 0:00,UAB,Conference USA,Lamar
LOURDES,BACON,5/17/2021 0:00,UTSA,Conference USA,Louisiana-Monroe
ASHLEY,PETERS,5/17/2021 0:00,Purdue,Big Ten Conference,North Texas
BREANNA,ROPER,5/17/2021 0:00,Georgia Tech,Atlantic Coast Conference,Ole Miss
SAVANAH LEE,WHATLEY,5/17/2021 0:00,University of Utah,Pac-12 Conference,Oregon State
YVONNE,WHALEY,5/17/2021 0:00,Texas Tech,Big 12 Conference,Pittsburgh
LAUREN,BLANKENSHIP,5/17/2021 0:00,Louisiana-Monroe,Sun Belt Conference,Rose State College
SARAH,LAWTON,5/17/2021 0:00,Florida Gulf Coast University,ASUN Conference,Sacred Heart
ERIN,EDMOUNDSON,5/17/2021 0:00,Texas Tech,Big 12 Conference,Tennessee
MURPHY,WILLIAMS,5/17/2021 0:00,Louisiana Monroe,Sun Belt Conference,Texas Lutheran
PAGE,MINDEDAHL,5/17/2021 0:00,Loyola Marymount University,West Coast Conference,Texas Tech
KALENA,SHEPHERD,5/17/2021 0:00,Southern Utah University,Big Sky Conference,Utah Valley
SAVANAH,HENLEY,5/17/2021 0:00,Purdue University,Big Ten Conference,Virginia
ARIELLE,JAMES,5/17/2021 0:00,Houston,American Athletic Conference,Wichita State
ZOE,JONES,5/17/2021 0:00,Texas Tech,Big 12 Conference,Wichita State
COURTNEY,BALL,5/17/2021 0:00,Chattanooga,Southern Conference,
HANNAH,BARDEEN,5/17/2021 0:00,Buffalo,Mid-American Conference,
ISABELLE,BOUDREAU,5/17/2021 0:00,Pace University,Northeast-10 Conference,
HOLLY,BREHM,5/17/2021 0:00,Ohio University,Mid-American Conference,
MCKENZIE,CHAMPAGNE,5/17/2021 0:00,Mississippi College,Gulf South Conference,
MAKENZIE,CHAPPELL,5/17/2021 0:00,Harding University,Great American Conference,
MAKAYLA,CYZICK,5/17/2021 0:00,Winthrop University,Big South Conference,
KIMBERLY,DEBOLD,5/17/2021 0:00,Maryville University of Saint Louis,Great Lakes Valley Conference,
KARA,DIAZ,5/17/2021 0:00,North Dakota State University,The Summit League,
SAVANNAH,FAVRE,5/17/2021 0:00,"California State University, Northridge",Big West Conference,
SHELBY,HARPE,5/17/2021 0:00,Austin Peay State University,Ohio Valley Conference,
SYDNEY,HARRIS,5/17/2021 0:00,Georgia Southern University,Sun Belt Conference,
MYA,HORNE,5/17/2021 0:00,Western Carolina University,Southern Conference,
ALEXANDRIA,HOWARD,5/17/2021 0:00,Jacksonville State University,Ohio Valley Conference,
ALYSSA,KUMIYAMA,5/17/2021 0:00,South Carolina,Southeastern Conference,
ALEX,MOLINAR,5/17/2021 0:00,Boston University,Patriot League,
TAYLOR,MURPHY,5/17/2021 0:00,Lamar University,Southland Conference,
ALEXA,NEIL,5/17/2021 0:00,California State Fullerton,Big West Conference,
SHELBY,NEWSOME,5/17/2021 0:00,Jacksonville State University,Ohio Valley Conference,
EMMA,NIGHTENGALE,5/17/2021 0:00,Southern Nazarene University,Great American Conference,
MORGAN,OLYNYK,5/17/2021 0:00,Lafayette College,Patriot League,
NATALIE,ORCHARD,5/17/2021 0:00,Providence College,Big East Conference,
KIANA,PARRISH,5/17/2021 0:00,"California State University, Fullerton",Big West Conference,
MAKAYLA,ROMEO,5/17/2021 0:00,Loyola Marymount University,West Coast Conference,
MADISON,ROSS,5/17/2021 0:00,Canisius College,Metro Atlantic Athletic Conference,
CHELSEA,SPAIN,5/17/2021 0:00,Northwestern State University,Southland Conference,
OLIVIA,STANSBURY,5/17/2021 0:00,Purdue University Fort Wayne,Horizon League,
KENNEDY,STEELE,5/17/2021 0:00,Purdue University Fort Wayne,Horizon League,
JADE,STRICKLAND,5/17/2021 0:00,Oklahoma Baptist University,Great American Conference,
KENDALL,TRAMEL,5/17/2021 0:00,Harding University,Great American Conference,
DANIELLE,VASQUEZ,5/17/2021 0:00,Southern Utah University,Big Sky Conference,
TATUM,WENTWORTH,5/17/2021 0:00,Cal State - Northridge,Big West Conference,
SAMANTHA,WITMER,5/17/2021 0:00,Trinity College (Connecticut),New England Small College Athletic Conference,
ESTELLE,CZECH,5/16/2021 0:00,North Carolina State,Atlantic Coast Conference,Texas
SAVANA,MATA,5/16/2021 0:00,Lamar University,Southland Conference,
KATELYN,SHEPHARD,5/16/2021 0:00,Mercy College,East Coast Conference,
MEKAYLA,FRAZIER,5/14/2021 0:00,Elon University,Colonial Athletic Association,Charlotte
LINDY,MILKOWSKI,5/14/2021 0:00,University of Iowa,Big Ten Conference,Eastern Illinois
KRISTINA,BURKHARDT,5/14/2021 0:00,North Carolina,Atlantic Coast Conference,Michigan
DANIELLE,JASON,5/14/2021 0:00,Robert Morris University,Horizon League,Morgan State
CAITLYN,SHUMAKER,5/14/2021 0:00,North Dakota,The Summit League,Northern Illinois
ALLY,REPKO,5/14/2021 0:00,Elon University,Colonial Athletic Association,Virginia Tech
MADISON,BESAW,5/14/2021 0:00,Lee University,Gulf South Conference,
MORGAN,BIHUN,5/14/2021 0:00,University of Wisconsin-Green Bay,Horizon League,
ALYSSA,CHAVEZ,5/14/2021 0:00,Saint Louis University,Atlantic 10 Conference,
TRISTIN,COURT,5/14/2021 0:00,Louisiana Tech University,Conference USA,
KAMRYN,GARVIE,5/14/2021 0:00,Washburn University,Mid-America Intercollegiate Athletics Association,
MADISON,HARRIS,5/14/2021 0:00,Henderson State University,Great American Conference,
ALEXIS,HEAD,5/14/2021 0:00,Columbus State University,Peach Belt Conference,
BAILEY,JOHNSON,5/14/2021 0:00,Indiana University-Purdue University Indianapolis,Horizon League,
JACQUELINE,LEY,5/14/2021 0:00,"University of Colorado, Colorado Springs",Rocky Mountain Athletic Conference,
SADIE,MCWILLIAMS,5/14/2021 0:00,Wingate University,South Atlantic Conference,
CARLIE,MONSOUR,5/14/2021 0:00,University of Alabama in Huntsville,Gulf South Conference,
MORGAN,NUNNERY,5/14/2021 0:00,Wingate University,South Atlantic Conference,
AVIANNA,PETERSON,5/14/2021 0:00,Niagara University,Metro Atlantic Athletic Conference,
ALESSANDRA,ROSALEZ,5/14/2021 0:00,Lubbock Christian University,Lone Star Conference,
LAURENNE,SANCHEZ,5/14/2021 0:00,University of Pittsburgh,Atlantic Coast Conference,
ALIVIA,SINNOTT,5/14/2021 0:00,Abilene Christian University,Southland Conference,
GABRIELLA,WILLIAMS,5/14/2021 0:00,Florida A&M,Mid-Eastern Athletic Conf.,
MADDIE,SWART,5/13/2021 0:00,Purdue University Fort Wayne,Horizon League,Eastern Illinois
SYDNEY,GUESS,5/13/2021 0:00,Coastal Carolina,Sun Belt Conference,Longwood
STAVI,AUGUR,5/13/2021 0:00,Coastal Carolina,Sun Belt Conference,Monmouth
AISHA,WEIXLMANN,5/13/2021 0:00,Winthrop University,Big South Conference,NC State
JOCELYNN,DE LA CRUZ,5/13/2021 0:00,Middle Tennessee State University,Conference USA,Seattle
LAUREN,SHAW,5/13/2021 0:00,University of Iowa,Big Ten Conference,UCLA
MAKAYLA,ALVEY,5/13/2021 0:00,Lipscomb University,ASUN Conference,
NEELEY,BELL,5/13/2021 0:00,Grand Canyon University,Western Athletic Conference,
ASHLYN,BETZ,5/13/2021 0:00,Valparaiso University,Missouri Valley Conference,
TYRA,CLARY,5/13/2021 0:00,University of San Diego,West Coast Conference,
ALLY,CLEGG,5/13/2021 0:00,Coastal Carolina University,Sun Belt Conference,
MICKAELA,COVARRUBIO,5/13/2021 0:00,Grand Canyon University,Western Athletic Conference,
TEAGAN,DOBSON,5/13/2021 0:00,Lipscomb University,ASUN Conference,
RYAN,KING,5/13/2021 0:00,Middle Tennessee State University,Conference USA,
ALLISON,KREYER,5/13/2021 0:00,Coastal Carolina University,Sun Belt Conference,
LEVI,LUNA,5/13/2021 0:00,University of Mary,Northern Sun Intercollegiate Conference,
BROOKE,MCCLURE,5/13/2021 0:00,Middle Tennessee State University,Conference USA,
NANCY-JO,ROBERTS,5/13/2021 0:00,Tusculum University,South Atlantic Conference,
KATHERINE,SANCHEZ,5/13/2021 0:00,Santa Clara University,West Coast Conference,
CHELSEA,SMITH,5/13/2021 0:00,The University of Texas at Tyler,Lone Star Conference,
MARY,SOBATAKA,5/13/2021 0:00,Coastal Carolina University,Sun Belt Conference,
SHELBIE,SUMMERLIN,5/13/2021 0:00,Coastal Carolina University,Sun Belt Conference,
MAKIYA,THOMAS,5/13/2021 0:00,Coastal Carolina University,Sun Belt Conference,
DANA,ZARN,5/13/2021 0:00,"Minnesota, Crookston",Northern Sun Intercollegiate Conference,
MORGYN,WYNNE,5/12/2021 0:00,Kansas,Big 12 Conference,Oklahoma State
MEADOW,SACADURA,5/12/2021 0:00,Maryland,Big Ten Conference,Robert Morris
GIULIANA,ABRUSCATO,5/12/2021 0:00,Binghamton,America East Conference,UConn
AVRY,BLUME,5/12/2021 0:00,Bradley University,Missouri Valley Conference,UT Martin
MIKAELA,THOMSON,5/12/2021 0:00,Dixie State ,Western Athletic Conference,Utah Valley
MEAGAN,ANDERS,5/12/2021 0:00,Dixie State University,Western Athletic Conference,
JACQUELINE,CAL,5/12/2021 0:00,Rider University,Metro Atlantic Athletic Conference,
CADEE,COOPER,5/12/2021 0:00,Southern Illinois University Edwardsville,Ohio Valley Conference,
CAITLYN,DANOVICH,5/12/2021 0:00,Rider University,Metro Atlantic Athletic Conference,
HOPE,DAVID,5/12/2021 0:00,Tarleton State University,Western Athletic Conference,
CHEYENNE,FLOYD,5/12/2021 0:00,Tarleton State University,Western Athletic Conference,
RACHEL,JONES,5/12/2021 0:00,"University of Minnesota, Crookston",Northern Sun Intercollegiate Conference,
TANIYAH,KILLETTE,5/12/2021 0:00,Winston-Salem State University,Central Intercollegiate Athletic Association,
SHANNON,MCGUIRE,5/12/2021 0:00,Queens University of Charlotte,South Atlantic Conference,
NYAH,MORGAN,5/12/2021 0:00,Stetson University,ASUN Conference,
HALEY,MORRELL,5/12/2021 0:00,Florida Gulf Coast University,ASUN Conference,
MADISON,NUNEZ,5/12/2021 0:00,North Alabama,ASUN Conference,
ELISA,PRINCIC,5/12/2021 0:00,San Diego,West Coast Conference,
SAMANTHA,THOMAS,5/12/2021 0:00,Texas A&M,Southland Conference,
ALLISON,TORSTENSEN,5/12/2021 0:00,George Mason ,Atlantic 10 Conference,
SOFIA,TRUJILLO,5/12/2021 0:00,George Mason ,Atlantic 10 Conference,
CHLOE,TEMPLES,5/11/2021 0:00,Stetson ,ASUN Conference,BYU
BROOKE,WINTLEND,5/11/2021 0:00,Wisconsin-Green Bay,Horizon League,Purdue Fort Wayne
CLAIRE,GINDER,5/11/2021 0:00,Furman,Southern Conference,Texas State
KARSEN,PIERCE,5/11/2021 0:00,Southern Mississippi,Conference USA,Texas State
TATUM,GOFF,5/11/2021 0:00,Kansas,Big 12 Conference,UT Tyler
KRYSTAL,BADILLO,5/11/2021 0:00,Le Moyne College,Northeast-10 Conference,
SAMANTHA,BREED,5/11/2021 0:00,Southern Illinois University Edwardsville,Ohio Valley Conference,
MACKENZIE,COLLINS,5/11/2021 0:00,Mississippi College,Gulf South Conference,
ALEXIS,DELIER,5/11/2021 0:00,Post University,Central Atlantic Collegiate Conference,
OLIVIA,DEPEW,5/11/2021 0:00,North Alabama,ASUN Conference,
GRETCHEN,EBERT,5/11/2021 0:00,FAU,Conference USA,
CAYLEE,ENGLISH,5/11/2021 0:00,Hartford,America East Conference,
YAMILA,EVANS,5/11/2021 0:00,Siena College,Metro Atlantic Athletic Conference,
MACEY,HARRINGTON,5/11/2021 0:00,Evansville,Missouri Valley Conference,
KALLIE,JONES,5/11/2021 0:00,FIU,Conference USA,
MADISEN,MELICE,5/11/2021 0:00,Rhode Island,Atlantic 10 Conference,
ISABELLA,MORALES,5/11/2021 0:00,Nyack College,Central Atlantic Collegiate Conference,
JORDAN,NASTOS,5/11/2021 0:00,Hartford,America East Conference,
GABRIELLE,PALISKA,5/11/2021 0:00,Wisconsin-Green Bay,Horizon League,
KARLIE,STINE,5/11/2021 0:00,Delta State ,Gulf South Conference,
ZOE,TRUXON,5/11/2021 0:00,Hartford,America East Conference,
TARYN,WESTBROOK,5/11/2021 0:00,Nicholls State ,Southland Conference,
KENZIE,YAMAKOSHI,5/11/2021 0:00,Santa Clara University,West Coast Conference,
HANNAH,TODD,5/10/2021 0:00,Kansas,Big 12 Conference,Houston
BRITTANY,JACKSON,5/10/2021 0:00,Kansas,Big 12 Conference,NC State
IZZY,DINO,5/10/2021 0:00,"Hawaii, Manoa",Big West Conference,Seattle
MADISON,LINDSEY,5/10/2021 0:00,Baylor,Big 12 Conference,Southern Utah
LEXY,MILLS,5/10/2021 0:00,Kansas,Big 12 Conference,UC Santa Barbara
BILLIE,AGUGLIA,5/10/2021 0:00,Walsh University,Great Midwest Athletic Conference,
KAMERON,AITKEN,5/10/2021 0:00,FIU,Conference USA,
EMMA,ARMSTRONG,5/10/2021 0:00,Hartford,America East Conference,
ANTONIA,BROWNING,5/10/2021 0:00,Monmouth ,Metro Atlantic Athletic Conference,
HANNAH,CHAMBLISS,5/10/2021 0:00,Drury ,Great Lakes Valley Conference,
JAYLYN,DAVIS,5/10/2021 0:00,Lamar University,Southland Conference,
SKYLER,DAVIS,5/10/2021 0:00,Tennessee at Martin,Ohio Valley Conference,
ISABELLA,HANSON,5/10/2021 0:00,UTEP,Conference USA,
MACY,HARRIS,5/10/2021 0:00,Belmont ,Ohio Valley Conference,
MIAH,HARTVIGSEN,5/10/2021 0:00,Minnesota State Moorhead,Northern Sun Intercollegiate Conference,
MORGAN,HEARN,5/10/2021 0:00,Delaware State ,Mid-Eastern Athletic Conf.,
CATRIN,HOFFMAN,5/10/2021 0:00,Nicholls State ,Southland Conference,
GRACE,JEFFRIES,5/10/2021 0:00,Northwest Missouri State ,Mid-America Intercollegiate Athletics Association,
CORI,JONES,5/10/2021 0:00,Hartford,America East Conference,
RIAHNA,JORDAN,5/10/2021 0:00,Mary Washington,Coast-To-Coast Athletic Conference,
KENNEDY,LEHN,5/10/2021 0:00,SIUE,Ohio Valley Conference,
LEXIS,LUCAS,5/10/2021 0:00,IUPUI,Horizon League,
LEANNE,MATTHEWS,5/10/2021 0:00,Penn State,Big Ten Conference,
JORDANNE,MCNEILLY,5/10/2021 0:00,Minnesota State Moorhead,Northern Sun Intercollegiate Conference,
CHANDLER,MITCHELL,5/10/2021 0:00,UHartford,America East Conference,
ASHLYN,REAVIS,5/10/2021 0:00,Nicholls State,Southland Conference,
JOCELYN,RIGGIN,5/10/2021 0:00,Southern Nazarene ,Great American Conference,
KAISHA,WELLS,5/10/2021 0:00, Omaha,The Summit League,
KYLIE,BROWN,5/9/2021 0:00,Texas at Tyler,Lone Star Conference,
TABITHA,FORMON,5/9/2021 0:00,Flagler College,Peach Belt Conference,
KATELYN,MACHADO,5/9/2021 0:00,Idaho State ,Big Sky Conference,
LINDSEY,MCELROY,5/8/2021 0:00,Northwestern Oklahoma State ,Great American Conference,
ALLISON,ZANCA,5/8/2021 0:00,Northwestern Oklahoma State ,Great American Conference,
JORDYN,WOLFE,5/7/2021 0:00,Louisville,Atlantic Coast Conference,Saint Leo
GABRIELLE,COMEAU,5/7/2021 0:00,Merrimack College,Northeast Conference,
MADYSON,DEVERS,5/7/2021 0:00,South Dakota,The Summit League,
KARMEN,DRAKE,5/7/2021 0:00,Union ,Gulf South Conference,
SARAH,KEAGY,5/7/2021 0:00,George Mason,Atlantic 10 Conference,
JAMIE,MEAD,5/7/2021 0:00,Embry-Riddle Aeronautical University (Florida),Sunshine State Conference,
KENLEY,POWELL,5/7/2021 0:00,Mars Hill ,South Atlantic Conference,
LAUREN,BAKER,5/6/2021 0:00,North Carolina at Pembroke,Peach Belt Conference,
MADISON,BERNER,5/6/2021 0:00,Austin Peay ,Ohio Valley Conference,
HARLIE,DUNCAN,5/6/2021 0:00,Anderson University (South Carolina),South Atlantic Conference,
MAKAYLA,JOHNSON,5/6/2021 0:00,North Carolina State ,Atlantic Coast Conference,
HALEY,LAMBERSON,5/6/2021 0:00,Missouri-St. Louis,Great Lakes Valley Conference,
LEASELLE,NASH,5/6/2021 0:00,Tarleton State,Western Athletic Conference,
SIENA,SANDOVAL,5/6/2021 0:00,Utah Valley ,Western Athletic Conference,
TALIYA,TALLEY,5/6/2021 0:00,Alabama State ,Southwestern Athletic Conf.,
JAZMYN,ROLLIN,5/5/2021 0:00,Missouri,Southeastern Conference,Arizona State
LILIANNE,BOWEN,5/5/2021 0:00,East Tennessee State ,Southern Conference,
CALLA,COOKSEY,5/5/2021 0:00,Glenville State College,Mountain East Conference,
ANNABELLE,GUTIERREZ,5/5/2021 0:00,California Baptist,Western Athletic Conference,
HAILEY-ANN,HATFIELD,5/5/2021 0:00,"Minnesota, Crookston",Northern Sun Intercollegiate Conference,
GRASYN,HOLLAND,5/5/2021 0:00,Flagler College,Peach Belt Conference,
CHELSEA,MCGUFF,5/5/2021 0:00,Georgia Southwestern State ,Peach Belt Conference,
CHEYENNE,POTTS,5/5/2021 0:00,East Central University,Great American Conference,
EMILY,PRICE,5/5/2021 0:00,Missouri-St. Louis,Great Lakes Valley Conference,
CATHERYN,RODMAN,5/5/2021 0:00,Northeastern State ,Mid-America Intercollegiate Athletics Association,
MICHELLE,SANTIAGO,5/5/2021 0:00,Flagler College,Peach Belt Conference,
JAELYN,ZUNIGA,5/5/2021 0:00,Lubbock Christian ,Lone Star Conference,
LINDSEY,WARICK,5/4/2021 0:00,Missouri,Southeastern Conference,Indiana
BRANDY,BARQUIN,5/4/2021 0:00,Flagler College,Peach Belt Conference,
CARRIE,BOSWELL,5/4/2021 0:00,Louisiana,Sun Belt Conference,
JACLYN,DEASON,5/4/2021 0:00,Delta State ,Gulf South Conference,
BAILEY,KNAGGS,5/4/2021 0:00,North Greenville ,Conference Carolinas,
MARIA,LEEDOM,5/4/2021 0:00,Shippensburg University of Pennsylvania,Pennsylvania State Athletic Conference,
CARA,LEONE,5/4/2021 0:00,Buffalo,Mid-American Conference,
MARIA,LUCE,5/4/2021 0:00,Converse College,Conference Carolinas,
GIAVANNA,MARCO,5/4/2021 0:00,Massachusetts College of Liberal Arts,Massachusetts State Collegiate Athletic Conference,
SAMANTHA,MARTZ,5/4/2021 0:00,Edinboro University of Pennsylvania,Pennsylvania State Athletic Conference,
CAMERON,MCCUTCHEN,5/4/2021 0:00,Fayetteville State ,Central Intercollegiate Athletic Association,
EMMA,NORTON,5/4/2021 0:00,Quincy ,Great Lakes Valley Conference,
JULIA,TUBBS,5/4/2021 0:00,West Alabama,Gulf South Conference,
MAKENNA,DOWELL,5/3/2021 0:00,Auburn ,Southeastern Conference,Minnesota
LAUREN,ESPALIN,5/3/2021 0:00,Cal,Pac-12 Conference,Minnesota
MICAELA,ABBATINE,5/3/2021 0:00,Maryland,Big Ten Conference,Providence
CASEY,GOGUTS,5/3/2021 0:00,Georgia Institute of Technology,Atlantic Coast Conference,USC Upstate
ANSLEE,ANDERSON,5/3/2021 0:00,Shorter University,Gulf South Conference,
ASHLEE,BAKER,5/3/2021 0:00,Gardner-Webb ,Big South Conference,
SIDNEY,CAMPBELL,5/3/2021 0:00,Kentucky State ,Southern Intercol. Ath. Conf.,
SIERRA,CHAPA,5/3/2021 0:00,Southwestern Oklahoma State University,Great American Conference,
LAKEN,DISTEFANO,5/3/2021 0:00,North Alabama,ASUN Conference,
NOELLE,DOAN,5/3/2021 0:00,Hampton ,Big South Conference,
KENYAAMARI,JONES,5/3/2021 0:00,Florida A&M ,Mid-Eastern Athletic Conf.,
LAUREN,MINOR,5/3/2021 0:00,Northeastern State ,Mid-America Intercollegiate Athletics Association,
ALICIA,PETERS,5/3/2021 0:00,Buffalo,Mid-American Conference,
MACKIENZEE,RASHEED,5/3/2021 0:00,Albany State University (Georgia),Southern Intercol. Ath. Conf.,
KEELI,WELDEN,5/3/2021 0:00,Northeastern State ,Mid-America Intercollegiate Athletics Association,
DOMINIQUE,VARELA,5/1/2021 0:00,North Carolina A&T,Mid-Eastern Athletic Conf.,
