First Name,Last Name,Date Entered,Division,Previous School,Previous Conference,New School
KASSIDY,TUCKER,8/8/2022,III,Southwestern University (Texas),Southern Collegiate Athletic Conference,
ALLESHIA,PULLEN,8/8/2022,II,Winston-Salem State University,Central Intercollegiate Athletic Association,
MEGAN,ESCOBAR,8/5/2022,II,"California State Polytechnic University, Humboldt",California Collegiate Athletic Association,
ALICIA,HABIB,8/4/2022,II,Assumption University,Northeast-10 Conference,
HANNAH,KEIPER,8/2/2022,III,University of Rochester,Liberty League,
SARAH,SCHNEIDER,8/1/2022,I,University of Pennsylvania,The Ivy League,
ALLIE,KLONOWSKI,8/1/2022,III,St. John Fisher University,Empire 8,
JULIA,COTTRILL,7/11/2022,I,Oklahoma State University,Big 12 Conference,Texas A&M
HANNAH,EDWARDS,7/8/2022,I,Santa Clara University,West Coast Conference,
JANYSSA,MARTIN,7/5/2022,I,"University of Nevada, Las Vegas",Mountain West Conference,Withdrawn
CAITLIN ,FOGUE,7/5/2022,I,Ohio University,Mid-American Conference,
LAUREN,FLANDERS,7/4/2022,I,Brigham Young University,West Coast Conference,
TURIYA,COLEMAN,7/1/2022,I,University of Oklahoma,Big 12 Conference,Houston
BROOKE,BLANKENSHIP,7/1/2022,I,Florida State University,Atlantic Coast Conference,South Carolina
SHARLIZE,PALACIOS,7/1/2022,I,University of Arizona,Pac-12 Conference,UCLA
JANELLE,MEONO,7/1/2022,I,University of Arizona,Pac-12 Conference,UCLA
AMAYA,LEE,7/1/2022,I,Marshall University,Conference USA,UTEP
KRISTIN ,GIERY,7/1/2022,I,Boston College,Atlantic Coast Conference,
ANNA ,JOHNSON,7/1/2022,I,Clemson University,Atlantic Coast Conference,
JENESSA,SILVA,7/1/2022,I,Prairie View A&M University,Southwestern Athletic Conf.,
MAREN ,BERNAL,7/1/2022,I,Coppin State University,Mid-Eastern Athletic Conf.,
ALAINA,FLETCHER,7/1/2022,I,"University of Arkansas, Pine Bluff",Southwestern Athletic Conf.,
CASEY,STOUT,7/1/2022,I,University of Missouri-Kansas City,The Summit League,
KATLYN ,PAVLICK,6/30/2022,I,University of Pittsburgh,Atlantic Coast Conference,NC State
ABIGAIL ,ANDERSEN,6/30/2022,I,Arizona State University,Pac-12 Conference,Nicholls
LAUREN,FIENE,6/30/2022,II,Drury University,Great Lakes Valley Conference,Park
MADISON ,PRESTON,6/30/2022,I,Arizona State University,Pac-12 Conference,Texas A&M
ASHTON,LANSDELL,6/30/2022,I,Kennesaw State University,ASUN Conference,Florida International
REESE,MATTLEY,6/30/2022,I,"University of California, Davis",Big West Conference,
MACKENZIE,MARELL,6/30/2022,I,The University of North Carolina at Charlotte,Conference USA,
JORDAN,JENKINS,6/29/2022,I,Northern Kentucky University,Horizon League,IUPUI
GRACE,LORSUNG,6/29/2022,I,"Indiana University, Bloomington",Big Ten Conference,Kentucky
HALEY,LEE,6/29/2022,I,"Texas A&M University, College Station",Southeastern Conference,Oklahoma
MELISSA,MURAS,6/29/2022,I,Texas State University,Sun Belt Conference,Texas Lutheran
CHASSETY ,RAINES,6/29/2022,III,Texas Lutheran University,Southern Collegiate Athletic Conference,Texas Tech
LOGANNE,STEPP,6/29/2022,I,San Diego State University,Mountain West Conference,
MALLORY,FLETCHER,6/29/2022,I,Georgia State University,Sun Belt Conference,
REBECCA,MUH,6/28/2022,I,University of Georgia,Southeastern Conference,James Madison
SHANNON,LASEY,6/28/2022,II,Arkansas Tech University,Great American Conference,South Dakota State
SAVANNAH ,TOURVILLE,6/28/2022,I,Grand Canyon University,Western Athletic Conference,
MAKENZIE,ADDIS,6/28/2022,II,Arkansas Tech University,Great American Conference,
HALLE ,KISAMORE,6/28/2022,I,University of Delaware,Colonial Athletic Association,
CAITLYN,WELLS,6/28/2022,II,Arkansas Tech University,Great American Conference,UT Tyler
MADISON,PROUGH,6/28/2022,II,Arkansas Tech University,Great American Conference,
MADELYN,SAUVE,6/28/2022,II,Southern Connecticut State University,Northeast-10 Conference,
AYANNA,COLE,6/27/2022,I,Alabama A&M University,Southwestern Athletic Conf.,
TAYLOR,MCKENZIE,6/27/2022,III,Southwestern University (Texas),Southern Collegiate Athletic Conference,
CIARA,JENSEN,6/27/2022,I,North Dakota State University,The Summit League,
LILLIAN,HOLSTON,6/26/2022,I,East Tennessee State University,Southern Conference,Carson Newman
EMMA,JONES,6/25/2022,I,Appalachian State University,Sun Belt Conference,
SOFIA,TUNON,6/25/2022,I,Georgia State University,Sun Belt Conference,
ABIGAIL,OTA,6/24/2022,I,University of South Florida,American Athletic Conference,Florida Atlantic
JAMIE,SUPPA,6/24/2022,I,Purdue University Fort Wayne,Horizon League,Gardner-Webb
SAVANNAH,BEHABETZ,6/24/2022,I,University of the Incarnate Word,Southland Conference,Middle Tennessee
JORDE,CHARTRAND,6/24/2022,I,University of Central Arkansas,ASUN Conference,UNC Greensboro
ELIZABETH,RODEBAUGH,6/24/2022,I,University of Tennessee at Chattanooga,Southern Conference,
LAUREN,BROWN,6/23/2022,III,University of Dubuque,American Rivers Conference,
LINDSEY,WALLJASPER,6/22/2022,I,The University of North Carolina at Charlotte,Conference USA,Boise State
CAYDEN,BAKER,6/22/2022,I,"Texas A&M University, College Station",Southeastern Conference,Georgia Tech
KYNDALL,HOPKINS,6/22/2022,I,Coppin State University,Mid-Eastern Athletic Conf.,
ALLISON,GONZALEZ,6/22/2022,II,Texas A&M University-Commerce,Lone Star Conference,
DANIELA ,ALVAREZ,6/21/2022,I,Providence College,Big East Conference,Concordia Irvine
JESSICA,LEBEAU,6/21/2022,I,Kent State University,Mid-American Conference,Michigan
ANGELA,CIRONE,6/21/2022,I,University of Akron,Mid-American Conference,
HOSANNA,GATTLE,6/21/2022,III,North Central University,Upper Midwest Athletic Conference,
REESE,WHITELEY,6/21/2022,I,Long Island University,Northeast Conference,
REAGAN,LOWRIE,6/21/2022,I,University of Tennessee at Chattanooga,Southern Conference,
CYDNEY,SANDERS,6/20/2022,I,Arizona State University,Pac-12 Conference,Oklahoma
MORGAN,SCOTT,6/20/2022,I,The University of North Carolina at Greensboro,Southern Conference,Oregon
SHEALYN ,OLEARY,6/20/2022,I,University of Texas at Austin,Big 12 Conference,UT Tyler
CYLIE,HALVORSON,6/18/2022,I,South Dakota State University,The Summit League,Arkansas
JAYDEN,SMITH,6/17/2022,I,University of Texas at Austin,Big 12 Conference,Texas State
ARABIAH,JEFFERSON,6/17/2022,I,University of North Dakota,The Summit League,
SAMANTHA,BERTONCINO,6/17/2022,II,Pittsburg State University,Mid-America Intercollegiate Athletics Association,
SERRINA ,CABRAL,6/17/2022,III,Linfield University,Northwest Conference,
DAONDALYN ,SIMMONS,6/17/2022,II,Savannah State University,Southern Intercol. Ath. Conf.,
ALISON,CARTER,6/16/2022,I,Virginia Polytechnic Institute and State University,Atlantic Coast Conference,Jacksonville
KATHRYN,ZAUN,6/16/2022,II,East Stroudsburg University of Pennsylvania,Pennsylvania State Athletic Conference,Rhode Island
AUBREE,SEANEY,6/16/2022,I,Oregon State University,Pac-12 Conference,Withdrawn
TAYLOR,ROWLEY,6/16/2022,II,Cameron University,Lone Star Conference,
ANSLEIGH,HOLLIFIELD,6/16/2022,I,"University of Minnesota, Twin Cities",Big Ten Conference,
TAYLOR ,TIDWELL,6/15/2022,I,Louisiana State University,Southeastern Conference,Utah
TAYLOR,CURRIE,6/15/2022,II,Columbus State University,Peach Belt Conference,
AUDREY,DANIELSON,6/15/2022,I,University of Missouri-Kansas City,The Summit League,
REESE,TAYLOR,6/15/2022,II,Union University,Gulf South Conference,
NATALIA ,FRIAS,6/15/2022,II,Pace University,Northeast-10 Conference,
ALEXIS,SMITH,6/15/2022,I,University of Missouri-Kansas City,The Summit League,
CARLEE,RATCLIFF,6/15/2022,I,University of Texas at Austin,Big 12 Conference,
SAMANTHA ,DUTTON,6/15/2022,II,Texas A&M University-Commerce,Lone Star Conference,
LANI ,RODRIGUEZ,6/15/2022,I,Middle Tennessee State University,Conference USA,
TAYLOR ,BORN,6/15/2022,II,Tiffin University,Great Midwest Athletic Conference,
MACKENZIE,WOODS,6/15/2022,I,University of North Florida,ASUN Conference,
TEREISE,TOSI,6/15/2022,II,"California State University, San Bernardino",California Collegiate Athletic Association,
GABRIELLA,RODRIGUEZ,6/15/2022,I,Niagara University,Metro Atlantic Athletic Conference,
ANIYAH,BLACK,6/14/2022,I,University of Georgia,Southeastern Conference,South Carolina
BETHANY,ELLETT,6/14/2022,I,Tarleton State University,Western Athletic Conference,Southeastern Louisiana
MIA,HAYNES,6/14/2022,I,Southern Illinois University Edwardsville,Ohio Valley Conference,Stony Brook
MACKENZIE,MORGAN,6/14/2022,I,Arizona State University,Pac-12 Conference,Texas
HALEY,PITTMAN,6/14/2022,I,University of Florida,Southeastern Conference,Troy
BROOKE ,YANEZ,6/14/2022,I,University of Oregon,Pac-12 Conference,UCLA
GIANNA ,CAROSONE,6/14/2022,I,Southern Utah University,Big Sky Conference,UNLV
MAKENA,GOLDBECK,6/14/2022,II,University of Hawaii at Hilo,Pacific West Conference,
BRIANNA ,ARANZETA,6/14/2022,I,University of Texas at Austin,Big 12 Conference,
ALONDRA,NATERA,6/14/2022,II,Rogers State University,Mid-America Intercollegiate Athletics Association,
SHAELYN,SHOQUIST,6/14/2022,II,"University of Arkansas, Monticello",Great American Conference,
BAILEY,WALLACE,6/14/2022,II,"California State University, San Bernardino",California Collegiate Athletic Association,
ADRICA,BELLAMY,6/14/2022,II,Miles College,Southern Intercol. Ath. Conf.,
MORGAN,MAX,6/14/2022,I,University of Texas at Arlington,Sun Belt Conference,
SKYLAR,JACOB,6/14/2022,I,Western Kentucky University,Conference USA,
LAUREN,ESMAN,6/13/2022,I,University of Michigan,Big Ten Conference,Alabama
ALI,BLANCHARD,6/13/2022,I,Princeton University,The Ivy League,Arizona
ALYSSA,DANIELL,6/13/2022,I,Loyola Marymount University,West Coast Conference,Oregon
JENNIFER,CUMMINGS,6/13/2022,I,University of Washington,Pac-12 Conference,South Carolina
ALEXA,WILLIAMS,6/13/2022,I,University of Texas at San Antonio,Conference USA,South Dakota State
SYDNEY,JONAS,6/13/2022,I,University of Texas at San Antonio,Conference USA,
BREYANNA,COLLINS,6/13/2022,I,South Carolina State University,Mid-Eastern Athletic Conf.,
UXUA,MODREGO LOPEZ,6/13/2022,II,Texas A&M University-Commerce,Lone Star Conference,
ELIZABETH,GUERRERO,6/13/2022,II,Texas A&M University-Commerce,Lone Star Conference,
ARIANA,FAIR,6/13/2022,II,Coker University,South Atlantic Conference,
MAKAYLA,CUTHBERTSON,6/13/2022,II,Coker University,South Atlantic Conference,
MADELINE,BOLDT,6/11/2022,I,University of the Incarnate Word,Southland Conference,New Mexico
ALLISON,ROYALTY,6/10/2022,I,Arizona State University,Pac-12 Conference,Florida State
MADISON ,SCHAEFER,6/10/2022,II,Texas A&M University-Commerce,Lone Star Conference,Grand Canyon
KARLI ,PETTY,6/10/2022,I,Oklahoma State University,Big 12 Conference,LSU
TATUM,KRESLEY,6/10/2022,I,University of Maryland Eastern Shore,Mid-Eastern Athletic Conf.,Maryland
MARISSA ,SCHULD,6/10/2022,I,Arizona State University,Pac-12 Conference,Returning to Arizona State
JORDYN,VANHOOK,6/10/2022,I,Arizona State University,Pac-12 Conference,Returning to Arizona State
MACKENZIE,DUGI,6/10/2022,II,Texas A&M University-Commerce,Lone Star Conference,St. Mary's
AVERY ,BOLEY,6/10/2022,II,Texas A&M University-Commerce,Lone Star Conference,Texas Woman's
ALYSSA,LEBLANC,6/10/2022,II,Texas A&M University-Commerce,Lone Star Conference,Texas Woman's
DELANEY,BOLEY,6/10/2022,II,Texas A&M University-Commerce,Lone Star Conference,Texas Woman's
ERIN,LEDESMA,6/10/2022,I,"Southern University, Baton Rouge",Southwestern Athletic Conf.,
CLARISA,RAMIREZ,6/10/2022,II,"California State University, Dominguez Hills",California Collegiate Athletic Association,
KUEA ,ANGILAU,6/10/2022,II,Texas A&M University-Commerce,Lone Star Conference,
CYNTHIA,SMITH,6/10/2022,II,University of Montevallo,Gulf South Conference,
ASHLEY,MARTIN,6/9/2022,I,Michigan State University,Big Ten Conference,Austin Peay
ALYNAH,TORRES,6/9/2022,I,Arizona State University,Pac-12 Conference,Oklahoma
MADILYNN,ELISH,6/9/2022,I,University of Arizona,Pac-12 Conference,Purdue
LINDSAY,LOPEZ,6/9/2022,I,Arizona State University,Pac-12 Conference,Washington
ALI,ASHNER,6/9/2022,I,Grand Canyon University,Western Athletic Conference,Arizona
BRIANNA,BAILEY,6/9/2022,I,Troy University,Sun Belt Conference,
KATHERYN,HASTINGS,6/9/2022,I,Wagner College,Northeast Conference,
PHOEBE,FLORIAN,6/9/2022,I,Mississippi State University,Southeastern Conference,
TEAH ,THIES,6/9/2022,I,"University of California, Santa Barbara",Big West Conference,
KIYRA,MOODY,6/9/2022,I,San Diego State University,Mountain West Conference,
ARIANA,WRIGHT,6/9/2022,I,Virginia Polytechnic Institute and State University,Atlantic Coast Conference,
KATE,WOULFE,6/9/2022,I,Saint Joseph's University,Atlantic 10 Conference,
BRYCE ,WEST,6/9/2022,III,University of Rochester,Liberty League,
AMBER,TOVEN,6/8/2022,I,University of Arizona,Pac-12 Conference,Baylor
AINSLEY,LAMBERT,6/8/2022,I,Oregon State University,Pac-12 Conference,Florida Atlantic
SOPHIA,MOONEY,6/8/2022,I,Georgia State University,Sun Belt Conference,North Georgia
SARAH ,LEHMAN,6/8/2022,I,DePaul University,Big East Conference,San Diego State
VIVIAN,DECKER,6/8/2022,I,University of Florida,Southeastern Conference,San Diego State
GIULIA METAXIA ,KOUTSOYANOPULOS,6/8/2022,I,University of Arizona,Pac-12 Conference,Tennessee
ALLIE,ENRIGHT,6/8/2022,I,University of Arizona,Pac-12 Conference,Texas A&M
BRIANNA,EVANS,6/8/2022,I,Oklahoma State University,Big 12 Conference,Texas A&M
JESSIE,FONTES,6/8/2022,I,University of Arizona,Pac-12 Conference,UNLV
MORGAN,FLESLAND,6/8/2022,I,Oregon State University,Pac-12 Conference,Valparaiso
AVERY,HOBSON,6/8/2022,I,Oklahoma State University,Big 12 Conference,Washington
KAYLA,THOMAS,6/8/2022,I,Quinnipiac University,Metro Atlantic Athletic Conference,
SKYLER,SHAW,6/8/2022,I,Missouri State University,Missouri Valley Conference,
ATAJUA,WREN,6/8/2022,I,Mississippi Valley State University,Southwestern Athletic Conf.,
CAMRYN,STEELE,6/8/2022,I,St. John's University (New York),Big East Conference,
SOPHIA,CICCHETTI,6/8/2022,II,Adelphi University,Northeast-10 Conference,
FAITH,BARTH,6/7/2022,I,University of Georgia,Southeastern Conference,Georgia Southern
MALIA ,GIN,6/7/2022,I,Oregon State University,Pac-12 Conference,Hawaii
MADISON,WEBBER,6/7/2022,I,"University of Tennessee, Knoxville",Southeastern Conference,Johnson University
AMY,MICHELLI,6/7/2022,I,Tarleton State University,Western Athletic Conference,Rollins
CHLOE,DOYLE,6/7/2022,I,Stanford University,Pac-12 Conference,Utah
ALYSSA,RUE,6/7/2022,II,Georgian Court University,Central Atlantic Collegiate Conference,
BRITTANY ,CROWSON,6/7/2022,II,Newberry College,South Atlantic Conference,
MADELYN ,BUCHERT,6/7/2022,III,College of Saint Benedict,Minnesota Intercollegiate Athletic Conference,
PAYTON,GOTTSHALL,6/6/2022,I,Bowling Green State University,Mid-American Conference,Tennessee
KENEDI,JACKSON,6/6/2022,I,"University of Arkansas, Pine Bluff",Southwestern Athletic Conf.,
REENA,FALISI,6/6/2022,I,Auburn University,Southeastern Conference,
BROOKLYN ,TRUJILLO,6/6/2022,I,Rider University,Metro Atlantic Athletic Conference,
ALEXIS ,LAUDENSLAGER,6/6/2022,I,Princeton University,The Ivy League,Notre Dame (after 2023 season)
PATRICIA,GALLARDO,6/6/2022,II,Western New Mexico University,Lone Star Conference,
REAGAN,LOWE,6/6/2022,II,Notre Dame College (Ohio),Mountain East Conference,
CADANCE,WINDER,6/6/2022,II,Valdosta State University,Gulf South Conference,
ADRIANA,ROMANO,6/5/2022,I,Siena College,Metro Atlantic Athletic Conference,
SYDNEY ,HIXENBAUGH,6/5/2022,I,Howard University,Mid-Eastern Athletic Conf.,
MACKENZIE,OSBORNE,6/3/2022,I,Virginia Polytechnic Institute and State University,Atlantic Coast Conference,Arizona State
CHLOE,NADLER,6/3/2022,II,Emmanuel College (Georgia),Conference Carolinas,Georgia State
RYLIE,BOUVIER,6/3/2022,I,Baylor University,Big 12 Conference,McNeese
JESSICA,CARREON,6/3/2022,I,University of Texas at Arlington,Sun Belt Conference,New Mexico State
IVY,ROSENBERRY,6/3/2022,I,Virginia Polytechnic Institute and State University,Atlantic Coast Conference,Oklahoma State
MARIAH,CASTELLANOS,6/3/2022,I,"University of Nevada, Las Vegas",Mountain West Conference,
GIANNA,NIEMEIER,6/3/2022,I,University of North Florida,ASUN Conference,
KAYLA ,BOSEMAN,6/3/2022,I,James Madison University,Colonial Athletic Association,
CRISTINA,LOPEZ,6/3/2022,I,Coppin State University,Mid-Eastern Athletic Conf.,
KRISTIANA,WATSON,6/2/2022,I,Arizona State University,Pac-12 Conference,Duke
MADISYN,FEDERICO,6/2/2022,I,Virginia Polytechnic Institute and State University,Atlantic Coast Conference,North Florida
MCKENZIE,SWINSON,6/2/2022,I,University at Albany,America East Conference,Siena
JADEN,CHEEK,6/2/2022,I,Clemson University,Atlantic Coast Conference,UNC Greensboro
MADELYN ,RUFFIN,6/2/2022,I,Long Beach State University,Big West Conference,
SYDNEY,WESLEY,6/2/2022,I,Mississippi Valley State University,Southwestern Athletic Conf.,
MAYA,MONGELLI,6/2/2022,I,Lamar University,Western Athletic Conference,
ALEXIS,FINDLEY,6/2/2022,I,Southeastern Louisiana University,Southland Conference,
CASSIDY ,CANGEMI,6/2/2022,I,University of Central Florida,American Athletic Conference,
ELIZABETH,JARNAC,6/2/2022,I,Duke University,Atlantic Coast Conference,
MADELINE,POSCHKE,6/2/2022,I,Western Kentucky University,Conference USA,
ALEXIS,BAILEY,6/2/2022,I,Iona College,Metro Atlantic Athletic Conference,
EMILY ,PIERGUSTAVO,6/2/2022,I,University of Connecticut,Big East Conference,
REMI',FOKINE,6/2/2022,II,Malone University,Great Midwest Athletic Conference,
CARLEIGH,LUZZO,6/2/2022,II,Georgian Court University,Central Atlantic Collegiate Conference,
KALI,KAHALEKOMO,6/2/2022,III,North Central University,Upper Midwest Athletic Conference,
NICOLETTE,DEPALMA,6/2/2022,III,Salisbury University,Coast-To-Coast Athletic Conference,
MADELYN,BEJARANO,6/1/2022,I,University of Central Florida,American Athletic Conference,BYU
SUMMER,CLARK,6/1/2022,I,Syracuse University,Atlantic Coast Conference,Florida Atlantic
JORDAN,TALLMAN,6/1/2022,I,Georgetown University,Big East Conference,George Mason
REBECCA,VAILLANCOURT,6/1/2022,I,University of Massachusetts Lowell,America East Conference,Hofstra
ADDISON,PURVIS,6/1/2022,I,Mississippi State University,Southeastern Conference,Kansas
SARAH,HARNESS,6/1/2022,I,Southern Illinois University at Carbondale,Missouri Valley Conference,Nebraska
JOLIE,GUSTAVE,6/1/2022,I,Syracuse University,Atlantic Coast Conference,North Florida
ALLY,BIGHAM,6/1/2022,I,Samford University,Southern Conference,Wofford
SARAH,REISLER,6/1/2022,I,Merrimack College,Northeast Conference,
SYDNEY,CARTER,6/1/2022,I,Mississippi State University,Southeastern Conference,
SIERRA,KERSTEN,6/1/2022,I,University of Michigan,Big Ten Conference,
ALEXYS,CAMPOS,6/1/2022,I,University of North Dakota,The Summit League,
ELICIA,ACOSTA,6/1/2022,I,"University of California, Santa Barbara",Big West Conference,
JULYANA,GOMEZ,6/1/2022,I,DePaul University,Big East Conference,
CRYSTAL,RODRIGUEZ,6/1/2022,I,"Southern University, Baton Rouge",Southwestern Athletic Conf.,
MACKENZIE,MING,6/1/2022,II,Gannon University,Pennsylvania State Athletic Conference,
ALAYSHA,MOORE,6/1/2022,II,Lane College,Southern Intercol. Ath. Conf.,
KAILIN,LIAN,6/1/2022,II,Northwestern Oklahoma State University,Great American Conference,
BRIANNA,BELISLE,6/1/2022,II,Saint Anselm College,Northeast-10 Conference,
ADRIANA,BUENO,6/1/2022,II,Wilmington University (Delaware),Central Atlantic Collegiate Conference,
FAITH,HENSLEY,5/31/2022,I,Ball State University,Mid-American Conference,Alabama
BAILEY,SAMPLE,5/31/2022,I,Bowling Green State University,Mid-American Conference,Bradley
KIEARA,EDWARDS,5/31/2022,I,Mississippi State University,Southeastern Conference,Georgia State
RILEY,PRICE,5/31/2022,II,The University of Texas at Tyler,Lone Star Conference,Harding
MAREN,JUDISCH,5/31/2022,I,Baylor University,Big 12 Conference,Iowa
REILI,GARDNER,5/31/2022,I,Illinois State University,Missouri Valley Conference,Minnesota
HANNA,FRADKIN,5/31/2022,II,The University of Texas at Tyler,Lone Star Conference,No longer playing
SARA,LLAMAS-HOWELL,5/31/2022,I,The University of Tulsa,American Athletic Conference,Rogers State
GABRIELLA ,NORI,5/31/2022,I,Lehigh University,Patriot League,South Florida
MORGAN,MCALEXANDER,5/31/2022,II,The University of Texas at Tyler,Lone Star Conference,Southern Arkansas
MADISON,SPELL,5/31/2022,I,George Washington University,Atlantic 10 Conference,UNC Greensboro
LIBBIE,HAWKER,5/31/2022,I,Utah State University,Mountain West Conference,Utah Valley
JENNIFER ,BRESSLER,5/31/2022,I,"University of Nevada, Las Vegas",Mountain West Conference,Virginia
LAUREN,HOWELL,5/31/2022,I,"University of Arkansas, Fayetteville",Southeastern Conference,Wichita State
TAYLOR,STINGEL,5/31/2022,II,Lincoln Memorial University,South Atlantic Conference,Wofford
MADISON,WATHEN,5/31/2022,I,Valparaiso University,Missouri Valley Conference,
JOELLA,CASTILLO,5/31/2022,I,East Carolina University,American Athletic Conference,
KALEA,BROWN,5/31/2022,I,"Southern University, Baton Rouge",Southwestern Athletic Conf.,
CAROLINE,DEEM,5/31/2022,I,"University of Massachusetts, Amherst",Atlantic 10 Conference,
CAYLEE,DRISKILL,5/31/2022,I,University of Texas at San Antonio,Conference USA,
SAMANTHA,DEES,5/31/2022,I,Bowling Green State University,Mid-American Conference,
MAKAILAH,DEES,5/31/2022,I,Bowling Green State University,Mid-American Conference,
COURTNEY,CYGAN,5/31/2022,I,Winthrop University,Big South Conference,
NATALIE,CONTRERAS,5/31/2022,II,Georgian Court University,Central Atlantic Collegiate Conference,
CALLIE,THORNTON,5/31/2022,II,Coker University,South Atlantic Conference,
TRISTIN,PEACE,5/31/2022,II,Rollins College,Sunshine State Conference,
PAYTON�,FOSTER,5/31/2022,II,The University of Texas at Tyler,Lone Star Conference,
NAOMI,BUTTERFIELD,5/31/2022,III,Wilson College,Colonial States Athletic Conference,
DESTANY,BLAKE,5/31/2022,III,The College of Wooster,North Coast Athletic Conference,
EMILY,PERRY,5/29/2022,I,University of Central Arkansas,ASUN Conference,Missouri Southern
KATELYN,MCMAHAN,5/29/2022,I,University of Central Arkansas,ASUN Conference,
JOSIE,WILLINGHAM,5/28/2022,I,McNeese State University,Southland Conference,Central Arkansas
JADA,SMALLWOOD,5/27/2022,I,"University of Maryland, College Park",Big Ten Conference,East Stroudsburg
SAMANTHA ,BENDER,5/27/2022,I,"University of Tennessee, Knoxville",Southeastern Conference,Florida
KAYLEIGH,ROPER,5/27/2022,I,Michigan State University,Big Ten Conference,Florida Gulf Coast
GABRIELLE,HERRERA,5/27/2022,I,University of Oregon,Pac-12 Conference,Nevada
BAILEY,MCCACHREN,5/27/2022,I,"University of Tennessee, Knoxville",Southeastern Conference,North Carolina
ARIANA ,ROLLE,5/27/2022,III,Virginia Wesleyan University,Old Dominion Athletic Conf.,Southern Arkansas
RACHEL ,CID,5/27/2022,I,University of Oregon,Pac-12 Conference,UCLA
HANNAH,VARGAS,5/27/2022,I,"University of Missouri, Columbia",Southeastern Conference,Utah State
JACQUELINE,ROOKAIRD,5/27/2022,I,San Jose State University,Mountain West Conference,
LILLIAN,AGAN,5/27/2022,I,University of Washington,Pac-12 Conference,
BAILEY,MYERS,5/27/2022,I,University of Tennessee at Chattanooga,Southern Conference,
AUDREY,KULL,5/27/2022,I,San Diego State University,Mountain West Conference,
SHAYLAN,WHATMAN,5/27/2022,I,San Diego State University,Mountain West Conference,
SAYLOR,KNEELAND,5/27/2022,I,Morgan State University,Mid-Eastern Athletic Conf.,
SOPHIA,MARGELOT,5/27/2022,I,Northern Kentucky University,Horizon League,
PEYTON,NORVELLE,5/27/2022,II,University of Central Oklahoma,Mid-America Intercollegiate Athletics Association,
MATTISON,LEE,5/27/2022,II,University of Central Oklahoma,Mid-America Intercollegiate Athletics Association,
CARLA,DUARTE,5/27/2022,II,Holy Names University,Pacific West Conference,
DESIRAE,SALESE,5/27/2022,II,Wilmington University (Delaware),Central Atlantic Collegiate Conference,
JOLYNN,NIEGOCKI,5/27/2022,II,Fort Lewis College,Rocky Mountain Athletic Conference,
EMMa,BROADFOOT,5/26/2022,I,University of North Alabama,ASUN Conference,Alabama
MADELINE,KAPSIMALIS,5/26/2022,I,Drexel University,Colonial Athletic Association,Dayton
BROOKE,LORENZO,5/26/2022,I,University of Mississippi,Southeastern Conference,Houston
MADISON,TAYLOR,5/26/2022,I,Ball State University,Mid-American Conference,Michigan State
ASHLEY,CONNOR,5/26/2022,II,Nova Southeastern University,Sunshine State Conference,North Florida
CLARISSA,MORENO,5/26/2022,I,Boise State University,Mountain West Conference,Northwest Nazarene
MICAELA,WARK,5/26/2022,I,University of Kansas,Big 12 Conference,Oklahoma State
MAKENNA,KLIETHERMES,5/26/2022,I,University of Oregon,Pac-12 Conference,Ole Miss
KELSEY,SCHMIDT,5/26/2022,I,Auburn University,Southeastern Conference,Western Kentucky
JASMINE,FREED,5/26/2022,I,University of Oregon,Pac-12 Conference,
PEYTON,PRIGGE,5/26/2022,I,Utah Valley University,Western Athletic Conference,
SYDNEY,MCKEEVER,5/26/2022,I,University of Toledo,Mid-American Conference,
ANNA,CARREON,5/26/2022,I,Oregon State University,Pac-12 Conference,
ELISA,ROSADO,5/26/2022,I,Mercer University,Southern Conference,
SABRINA,JAVORSKY,5/26/2022,I,"Fairleigh Dickinson University, Metropolitan Campus",Northeast Conference,
ALYSSA,HERNANDEZ,5/26/2022,I,"California State University, Fullerton",Big West Conference,
GRACE,CANTU,5/26/2022,I,McNeese State University,Southland Conference,
TAYLOR,MCKITTRICK,5/26/2022,II,University of Central Oklahoma,Mid-America Intercollegiate Athletics Association,
JADA,YOUNG,5/26/2022,II,Western Oregon University,Great Northwest Athletic Conference,
TRINITY,WHITFIELD,5/26/2022,II,Georgia Southwestern State University,Peach Belt Conference,
NICHOLE,KIDDY,5/26/2022,II,Lewis University,Great Lakes Valley Conference,
EMILEE,ERICKSON,5/26/2022,II,Winona State University,Northern Sun Intercollegiate Conference,
SYDNEY,HOOVER,5/26/2022,III,Ohio Wesleyan University,North Coast Athletic Conference,
DEBORAH,JONES,5/25/2022,I,Ball State University,Mid-American Conference,Arizona State
GRACE,GRESSLY,5/25/2022,I,University of Dayton,Atlantic 10 Conference,Belmont
BRIANNA,SANTOS,5/25/2022,I,McNeese State University,Southland Conference,Binghamton
ALLY ,MIKLESH,5/25/2022,I,University of Wisconsin-Madison,Big Ten Conference,Clemson
LARISSA,ORTIZ,5/25/2022,I,University of Wisconsin-Madison,Big Ten Conference,Illinois-Chicago
GRACE,NEWELL,5/25/2022,I,The University of North Carolina at Charlotte,Conference USA,James Madison
EMILY,PHILLIPS,5/25/2022,I,James Madison University,Colonial Athletic Association,McNeese
MARIANA,TORRES,5/25/2022,I,"Texas A&M University, College Station",Southeastern Conference,McNeese
ANNA ,LONCHAR,5/25/2022,I,"University of Maryland, Baltimore County",America East Conference,Purdue
TAYLOR ,KEINATH,5/25/2022,I,Loyola Marymount University,West Coast Conference,
VALERIE,ORNELAS,5/25/2022,I,"California State University, Fullerton",Big West Conference,
KENNEDY,REYNOLDS,5/25/2022,I,McNeese State University,Southland Conference,
MAKENA,FIDLER,5/25/2022,I,Syracuse University,Atlantic Coast Conference,
PEYTON ,ANGULO,5/25/2022,I,Loyola Marymount University,West Coast Conference,
TAYLOR,KERN,5/25/2022,I,Cleveland State University,Horizon League,
KATIE,VANDERMARK,5/25/2022,I,McNeese State University,Southland Conference,
CANDAIN,CALLAHAN,5/25/2022,I,University of North Texas,Conference USA,
RILEIGH,DE WEESE,5/25/2022,I,University of Connecticut,Big East Conference,
PAYTON,KELLY,5/25/2022,I,"California State University, Fullerton",Big West Conference,
LAURYN,DEGUZMAN,5/25/2022,I,"California State University, Fullerton",Big West Conference,
MADISON,MAJORS,5/25/2022,I,Auburn University,Southeastern Conference,
JANELLE,MARWITZ,5/25/2022,I,Lamar University,Western Athletic Conference,
SHELBY,SHEPHERD,5/25/2022,II,Regis University (Colorado),Rocky Mountain Athletic Conference,
SAVANNA,DISBROW,5/25/2022,II,Bemidji State University,Northern Sun Intercollegiate Conference,
PATIA,WOLFE,5/25/2022,II,Southwest Minnesota State University,Northern Sun Intercollegiate Conference,
ANNABELLE,WIDRA,5/24/2022,I,University of Michigan,Big Ten Conference,Auburn
PRESLEIGH,PILON,5/24/2022,I,Louisiana State University,Southeastern Conference,Baylor
GEORGEANNA,BAREFOOT,5/24/2022,I,Campbell University,Big South Conference,Charlotte
AINSLEY,YOSHIZUMI,5/24/2022,I,University of Rhode Island,Atlantic 10 Conference,Furman
DALLIS,GOODNIGHT,5/24/2022,I,University of Alabama,Southeastern Conference,Georgia
KAITLYN,WOODARD,5/24/2022,I,University of Alabama,Southeastern Conference,Liberty
KAYLEN,MADREY,5/24/2022,I,Louisiana State University,Southeastern Conference,Liberty
HANNAH ,CARSON,5/24/2022,I,University of Michigan,Big Ten Conference,LSU
KAMRYN,CARCICH,5/24/2022,I,Murray State University,Ohio Valley Conference,Middle Tennessee State
MCKENZIE,WAGONER,5/24/2022,I,Liberty University,ASUN Conference,North Texas
ALEX ,STORAKO,5/24/2022,I,University of Michigan,Big Ten Conference,Oklahoma
KARSYN,ILTIS,5/24/2022,I,University of North Texas,Conference USA,Oklahoma Christian
MEGAN,BLOODWORTH,5/24/2022,I,University of Alabama,Southeastern Conference,Oklahoma State
ALEXIS,KILFOYL,5/24/2022,I,University of Alabama,Southeastern Conference,Oklahoma State
SAVANA ,SIKES,5/24/2022,I,University of Georgia,Southeastern Conference,Ole Miss
RAYNA,LEWIS,5/24/2022,I,University of North Texas,Conference USA,Prairie View A&M
COURTNEY,POULICH,5/24/2022,I,Liberty University,ASUN Conference,Robert Morris
DIANA,PARKER,5/24/2022,I,Campbell University,Big South Conference,Siena
EMILY,LEAVITT,5/24/2022,I,"University of Minnesota, Twin Cities",Big Ten Conference,Texas A&M
MADDIE,GARDNER,5/24/2022,I,University of South Florida,American Athletic Conference,Towson
MACKENZIE,DENSON,5/24/2022,I,"University of Minnesota, Twin Cities",Big Ten Conference,Tulsa
ELLIANA,ZELLIEN,5/24/2022,I,"California State University, Fullerton",Big West Conference,UNLV
RYLAN,DOONER,5/24/2022,I,University of North Texas,Conference USA,UTEP
EMILY,MOORE,5/24/2022,III,University of Puget Sound,Northwest Conference,
MADISON ,WALTER,5/24/2022,III,Messiah University,Middle Atlantic Conference Commonwealth,
SABRINA,MORALES,5/24/2022,II,"California State University, San Marcos",California Collegiate Athletic Association,
EMILY,ALLPHIN,5/24/2022,II,Walsh University,Great Midwest Athletic Conference,
RYLIE,GRANTZ,5/24/2022,II,University of West Alabama,Gulf South Conference,
KAITLIN,BRUNELLI,5/24/2022,II,Chowan University,Conference Carolinas,
ABIGAIL,LOCHALA,5/24/2022,II,Arkansas Tech University,Great American Conference,
BELEN,SANCHEZ,5/24/2022,II,Arkansas Tech University,Great American Conference,
ASHLEY ,WORRELL,5/24/2022,II,Rollins College,Sunshine State Conference,
JAYCI,CHAMBERLAIN,5/24/2022,I,North Carolina State University,Atlantic Coast Conference,
BROOKE,OWENS,5/24/2022,I,Grand Canyon University,Western Athletic Conference,
KENNEDIE,MAGORIAN,5/24/2022,I,Grand Canyon University,Western Athletic Conference,
LILLIE,FILGER,5/24/2022,I,South Dakota State University,The Summit League,
JORDAN,CAPLE,5/24/2022,I,Murray State University,Ohio Valley Conference,
MADISON,MUXEN,5/24/2022,I,New Mexico State University,Western Athletic Conference,
AMY,MACNAB,5/24/2022,I,Mercer University,Southern Conference,
ASHLYN,WALKER,5/24/2022,I,University of North Texas,Conference USA,
MADISON,LEACH,5/24/2022,I,"University of Maryland, Baltimore County",America East Conference,
NATALIE ,MORGAN,5/24/2022,I,Furman University,Southern Conference,
MEAGAN,YOUNGMAN,5/24/2022,I,University of North Texas,Conference USA,
SHELBY,MCHUGHES,5/24/2022,I,University of North Texas,Conference USA,
SARAH ,SCHNEIDER,5/24/2022,I,University of Pennsylvania,The Ivy League,
TORI,TOLLEFSON,5/24/2022,I,South Dakota State University,The Summit League,
SAVANNAH,HOWZE,5/24/2022,I,Coppin State University,Mid-Eastern Athletic Conf.,
AMANDA,DESANTIS,5/24/2022,I,Villanova University,Big East Conference,
JORDYN,PIPKIN,5/24/2022,I,Wichita State University,American Athletic Conference,
SAVANNAH,BEAVER,5/24/2022,I,Campbell University,Big South Conference,
HAILEY,HARRIS,5/23/2022,I,University of Utah,Pac-12 Conference,Cal State Fullerton
FRANKIE,IZARD,5/23/2022,I,University of Louisiana at Lafayette,Sun Belt Conference,Florida International
KENADIE,GONZALEZ,5/23/2022,I,Murray State University,Ohio Valley Conference,Iona
KARYANA,MITCHELL,5/23/2022,I,The University of North Carolina at Charlotte,Conference USA,Lamar
HAYDEN,BROWN,5/23/2022,I,Louisiana State University,Southeastern Conference,Lubbock Christian
JACIE,HAMBRICK,5/23/2022,I,Grand Canyon University,Western Athletic Conference,Minnesota
ANJOLEE,AGUILAR-BEAUCAGE,5/23/2022,I,Grand Canyon University,Western Athletic Conference,North Dakota State
JENNA,LORD,5/23/2022,I,University of Alabama,Southeastern Conference,Ole Miss
ABBY,DOERR,5/23/2022,I,University of Alabama,Southeastern Conference,Oregon State
MORGAN,SMITH,5/23/2022,I,Louisiana State University,Southeastern Conference,Rutgers
BAYLEA,BRANDON,5/23/2022,I,Louisiana State University,Southeastern Conference,Texas
SARAH,WILLIS,5/23/2022,I,University of Washington,Pac-12 Conference,UCF
CHLOE,EVANS,5/23/2022,I,"University of Minnesota, Twin Cities",Big Ten Conference,UCF
SADIE,LEVANDOWSKI,5/23/2022,II,Lindenwood University,Great Lakes Valley Conference,
JENNA,O'REILLY,5/23/2022,II,Dominican College (New York),Central Atlantic Collegiate Conference,
MAKANA,MORTON,5/23/2022,II,Southern Arkansas University,Great American Conference,
KALI,CRANDALL,5/23/2022,II,Oklahoma Christian University,Lone Star Conference,
RAYNA,ROCK,5/23/2022,II,Rogers State University,Mid-America Intercollegiate Athletics Association,
HANNAH,EVANS,5/23/2022,II,Lees-McRae College,Conference Carolinas,
JACQUELINE ,CHERRY,5/23/2022,II,Saint Michael's College,Northeast-10 Conference,
ALIYA,HARMON,5/23/2022,I,Weber State University,Big Sky Conference,
ANGEL,MORALES,5/23/2022,I,University of Houston,American Athletic Conference,
RYLIE,COSTA,5/23/2022,I,"University of Minnesota, Twin Cities",Big Ten Conference,
NICOLETTE,GERAGHTY,5/23/2022,I,Auburn University,Southeastern Conference,
ALEXYS,LAWSON,5/23/2022,I,Florida International University,Conference USA,
MADISYN,ESTORGA,5/23/2022,I,University of Connecticut,Big East Conference,
ADRIANNA,NORIEGA,5/23/2022,I,"California State University, Fresno",Mountain West Conference,
SAMANTHA,FERGUSON,5/23/2022,I,University of Illinois Chicago,Horizon League,
VICTORIA,GARLAND,5/23/2022,I,Murray State University,Ohio Valley Conference,
ISABELLA,WILSON,5/23/2022,I,Murray State University,Ohio Valley Conference,
BREANNA,REYNA,5/23/2022,I,Lamar University,Western Athletic Conference,
MADISON ,PACINI,5/23/2022,I,"University of Tennessee, Knoxville",Southeastern Conference,
RYLEE,NICHOLSON,5/23/2022,I,University of South Dakota,The Summit League,
REGAN ,KERR,5/23/2022,I,"University of Maryland, College Park",Big Ten Conference,
GRACE ,GARCIA,5/23/2022,I,University of South Dakota,The Summit League,
FAITH,DENNING,5/22/2022,I,University of Missouri-Kansas City,The Summit League,
SYDNEY,REID,5/22/2022,I,University of Missouri-Kansas City,The Summit League,
REYNA,HEREDIA,5/22/2022,I,Saint Mary's College of California,West Coast Conference,
KYLEIGH,WAUGH,5/21/2022,II,Georgian Court University,Central Atlantic Collegiate Conference,
IVORY,JONES,5/21/2022,I,Tennessee State University,Ohio Valley Conference,
INDYA,SMITH,5/20/2022,I,Saint Mary's College of California,West Coast Conference,Coastal Carolina
SOPHIA,MARAS,5/20/2022,I,University of Iowa,Big Ten Conference,Iowa State
MAYA,WEIGEL-MURPHY,5/20/2022,II,San Francisco State University,California Collegiate Athletic Association,
ALESSANDRA,ROSALEZ,5/20/2022,II,West Texas A&M University,Lone Star Conference,
JESSICA,WATSON,5/20/2022,II,Rogers State University,Mid-America Intercollegiate Athletics Association,
TAYLOR,ULLERY,5/20/2022,II,Newman University,Mid-America Intercollegiate Athletics Association,
ISABELLA,ANDUJAR,5/20/2022,II,Saint Leo University,Sunshine State Conference,
MAYA,ZAVALA,5/20/2022,I,Nicholls State University,Southland Conference,
TAYLOR,YEAGER,5/20/2022,I,University of Alabama at Birmingham,Conference USA,
BROOKLYN,HIMMELBERG,5/20/2022,I,University of Northern Colorado,Big Sky Conference,
MEGAN,BANIECKE,5/20/2022,I,University of St. Thomas (Minnesota),The Summit League,
NAYAH,POLA,5/20/2022,I,"University of California, Santa Barbara",Big West Conference,
TAYLOR,HILLIARD,5/20/2022,I,North Carolina Central University,Mid-Eastern Athletic Conf.,
JALYNN,FORD,5/20/2022,I,Florida Atlantic University,Conference USA,
NORA ,CAMPO,5/20/2022,I,Georgetown University,Big East Conference,
JADEN,GOODWIN,5/20/2022,I,University of Alabama at Birmingham,Conference USA,
ARIANNA ,CASTILLO,5/20/2022,I,University of Rhode Island,Atlantic 10 Conference,
JENNA,LIS,5/20/2022,I,University of Evansville,Missouri Valley Conference,
MEGHAN,GOLDEN,5/19/2022,I,University of Northern Colorado,Big Sky Conference,Grand Canyon
ADRIANNA,BERGER,5/19/2022,I,Utah Valley University,Western Athletic Conference,Idaho State
HANNAH,GOODWIN,5/19/2022,I,Clemson University,Atlantic Coast Conference,NC State
CARLEY,BROWN,5/19/2022,I,Brigham Young University,West Coast Conference,Nevada
BRIDGETTE,GILLIANO,5/19/2022,I,Mount St. Mary's University,Northeast Conference,Nevada
CHLOE,RENEAU,5/19/2022,II,Texas A&M University-Commerce,Lone Star Conference,Stephen F. Austin
SOPHIA,BUCKBERGER,5/19/2022,II,Gannon University,Pennsylvania State Athletic Conference,
CAROLINE,CHILTON,5/19/2022,II,Lubbock Christian University,Lone Star Conference,
KYLIE,PARSONS,5/19/2022,II,Saint Martin's University,Great Northwest Athletic Conference,
KELSIE,HARDESTER,5/19/2022,II,Maryville University of Saint Louis,Great Lakes Valley Conference,
ELYSIA,SMITH,5/19/2022,II,Colorado Mesa University,Rocky Mountain Athletic Conference,
KILEY,BENNETT,5/19/2022,II,Mars Hill University,South Atlantic Conference,
TAISHA,BRATTON,5/19/2022,II,University of Hawaii at Hilo,Pacific West Conference,
VANESSA,FOREMAN,5/19/2022,I,University of Louisiana at Lafayette,Sun Belt Conference,
MAKENZI,SCHULTZ,5/19/2022,I,Utah Valley University,Western Athletic Conference,
JAMSINE,HOUSE,5/19/2022,I,University of Houston,American Athletic Conference,
AUBREE,HOGAN,5/19/2022,I,Utah Valley University,Western Athletic Conference,
RILEY,TUCKER,5/19/2022,I,East Tennessee State University,Southern Conference,
ALEXIS,DALEXANDER,5/19/2022,I,University of Toledo,Mid-American Conference,
MACKENZIE ,PURCELL,5/19/2022,I,Texas A&M University-Corpus Christi,Southland Conference,
SAMANTHA ,VILLARREAL,5/19/2022,I,University of Rhode Island,Atlantic 10 Conference,
ELIZABETH,BOWERS,5/19/2022,I,Presbyterian College,Big South Conference,
ALEXIS,DALE,5/19/2022,I,University of Memphis,American Athletic Conference,
ASHLYNN,GRIFFITH,5/19/2022,I,San Jose State University,Mountain West Conference,
JASLYN,SANCHEZ,5/19/2022,I,Coppin State University,Mid-Eastern Athletic Conf.,
KYLEY ,FIJALKOWSKI,5/19/2022,I,Morgan State University,Mid-Eastern Athletic Conf.,
TIANNA,WILLIAMS,5/19/2022,I,"California State University, Fresno",Mountain West Conference,
RILEY ,DE LAVAL,5/19/2022,I,"Fairleigh Dickinson University, Metropolitan Campus",Northeast Conference,
DESIREE,SMITH,5/19/2022,I,Long Island University,Northeast Conference,
MARISSA,TRIVELPIECE,5/19/2022,I,Michigan State University,Big Ten Conference,
KENNEDY,JARRARD,5/19/2022,I,Rider University,Metro Atlantic Athletic Conference,
KYLEE,JONES,5/19/2022,I,Rider University,Metro Atlantic Athletic Conference,
LYNN ,PORTER,5/19/2022,I,Coppin State University,Mid-Eastern Athletic Conf.,
SHAYLON,GOVAN,5/18/2022,I,Stephen F. Austin State University,Western Athletic Conference,Baylor
DESTINY,QUILES WHITE,5/18/2022,I,University of Utah,Pac-12 Conference,Cal State Northridge
KAYLEE,POND,5/18/2022,I,Iowa State University,Big 12 Conference,California
MADELEINE,SCHMEISER,5/18/2022,I,North Carolina State University,Atlantic Coast Conference,Lehigh
ALYSSA,DEAN,5/18/2022,I,University of Memphis,American Athletic Conference,Louisiana Tech
ALIVIA,MILITELLO,5/18/2022,I,University of Utah,Pac-12 Conference,Michigan State
TAYLOR ,OKADA,5/18/2022,I,"University of Maryland, College Park",Big Ten Conference,San Diego State
SHELBY,BASSO,5/18/2022,I,Furman University,Southern Conference,Southern Utah
FAITH ,HEGH,5/18/2022,I,University of Alabama at Birmingham,Conference USA,Western Kentucky
MARINA,COSTELLO,5/18/2022,III,The College of New Jersey,New Jersey Athletic Conference,
MORGAN,COOPER,5/18/2022,II,Columbus State University,Peach Belt Conference,
ALEXIS,RUELAS-MARTINEZ,5/18/2022,II,San Francisco State University,California Collegiate Athletic Association,
ANNA,HINKLE,5/18/2022,II,University of Montevallo,Gulf South Conference,
HANNAH,FRY,5/18/2022,II,Drury University,Great Lakes Valley Conference,
KIANA,POGROSZEWSKI,5/18/2022,II,Southern Arkansas University,Great American Conference,
GABRIELLA,BULGER,5/18/2022,II,Georgian Court University,Central Atlantic Collegiate Conference,
MANUEL,TOVAR,5/18/2022,II,"California State University, Chico",California Collegiate Athletic Association,
ALANI,NGUYEN,5/18/2022,II,"California State University, Chico",California Collegiate Athletic Association,
REAGAN,MORE,5/18/2022,II,Lander University,Peach Belt Conference,
MARIAH,WILLIAMS,5/18/2022,II,Savannah State University,Southern Intercol. Ath. Conf.,
JAKIYRA,LEMMON,5/18/2022,II,Fort Valley State University,Southern Intercol. Ath. Conf.,
ALLISON,PRADY,5/18/2022,II,Fairmont State University,Mountain East Conference,
VALERIE,INGHRAM,5/18/2022,II,Arkansas Tech University,Great American Conference,
CHLOE,BRYANT,5/18/2022,II,Arkansas Tech University,Great American Conference,
ARIEL,GOMEZ,5/18/2022,I,"California State University, Northridge",Big West Conference,
ABIGAIL,LARSEN,5/18/2022,I,"University of Nevada, Reno",Mountain West Conference,
KATHERINE,TOBIAS,5/18/2022,I,Central Michigan University,Mid-American Conference,
SHELBIE,CARO,5/18/2022,I,"University of California, Riverside",Big West Conference,
SYDNEY,FRANKENBERGER,5/18/2022,I,California Polytechnic State University,Big West Conference,
HAILEY,PRAHM,5/18/2022,I,California Polytechnic State University,Big West Conference,
MAKAYLI,HARRIS,5/18/2022,I,Tennessee Technological University,Ohio Valley Conference,
BRIANNA ,BRYANT,5/18/2022,I,Campbell University,Big South Conference,
JENNIFER,GONZALES,5/18/2022,I,Abilene Christian University,Western Athletic Conference,
KENDALL,OWENS,5/18/2022,I,Mercer University,Southern Conference,
MADISON,HENDRIX,5/18/2022,I,Bowling Green State University,Mid-American Conference,
KATI ,WAALK,5/18/2022,I,Appalachian State University,Sun Belt Conference,
JAILYN,TINEO,5/18/2022,I,North Carolina A&T State University,Big South Conference,
HAILEY,TANORI,5/18/2022,I,New Mexico State University,Western Athletic Conference,
MAKAIYA,GOMEZ,5/18/2022,I,University of Utah,Pac-12 Conference,
MARIYN,WATERMAN,5/18/2022,I,Lipscomb University,ASUN Conference,
MAKENZIE ,STILES,5/18/2022,I,University of Pittsburgh,Atlantic Coast Conference,
KAELEIGH,VEGA,5/18/2022,I,Stephen F. Austin State University,Western Athletic Conference,
ALEXIS,FREDERICK,5/18/2022,I,University at Albany,America East Conference,
EMILY,LAND,5/18/2022,I,Stephen F. Austin State University,Western Athletic Conference,
KASSIE,RHODES,5/18/2022,I,Stephen F. Austin State University,Western Athletic Conference,
MADISON,NGUYEN,5/18/2022,I,Stephen F. Austin State University,Western Athletic Conference,
RILEY,PHILLIPS,5/18/2022,I,"Fairleigh Dickinson University, Metropolitan Campus",Northeast Conference,
MAKENZIE,BROWN,5/18/2022,I,The University of Tulsa,American Athletic Conference,
KAYLIN,JACKSON,5/18/2022,I,University of Texas at El Paso,Conference USA,
ADISON,YODER,5/18/2022,I,University of South Carolina Upstate,Big South Conference,
MADELEINE ,KATONA,5/18/2022,I,Dartmouth College,The Ivy League,
MERISSA,BORKOWSKI,5/17/2022,I,"University of Maryland, College Park",Big Ten Conference,Cal Baptist
MOLLY,GATES,5/17/2022,I,North Dakota State University,The Summit League,Colorado State
MACKENZIE,SELMAN,5/17/2022,I,Baylor University,Big 12 Conference,Louisiana-Monroe
SHELBY,ECHOLS,5/17/2022,I,Houston Baptist University,Southland Conference,Middle Tennessee
PAYTON,JACKSON,5/17/2022,I,Texas Tech University,Big 12 Conference,Missouri
REBECCA ,MURRAY,5/17/2022,I,Elon University,Colonial Athletic Association,NC State
CAMYRN,WINEINGER,5/17/2022,I,University of Memphis,American Athletic Conference,Tampa
KAIYA,LUNECKAS,5/17/2022,I,Saint Louis University,Atlantic 10 Conference,Tulsa
HALEY,BOXWELL,5/17/2022,I,University of Northern Colorado,Big Sky Conference,Western Michigan
ANITA,HASSEN,5/17/2022,III,Montclair State University,New Jersey Athletic Conference,
MAKENNA ,BURSLIE,5/17/2022,II,University of Minnesota Duluth,Northern Sun Intercollegiate Conference,
KAYLA,MCDUFFIE,5/17/2022,II,Savannah State University,Southern Intercol. Ath. Conf.,
JESSICA,WILKENS,5/17/2022,II,Kutztown University of Pennsylvania,Pennsylvania State Athletic Conference,
JORDAN,POLLAK,5/17/2022,II,Bloomfield College,Central Atlantic Collegiate Conference,
BRIANNA,MACIAS,5/17/2022,II,Lindenwood University,Great Lakes Valley Conference,
JORDYN,MELNICK,5/17/2022,II,Kutztown University of Pennsylvania,Pennsylvania State Athletic Conference,
SHAYE,ZLATUNICH,5/17/2022,II,"California State University, Chico",California Collegiate Athletic Association,
ABIGAIL,BROWN,5/17/2022,II,Colorado Christian University,Rocky Mountain Athletic Conference,
ALEXA,DURAN,5/17/2022,I,"University of California, Riverside",Big West Conference,
JERZIE,NUTILE,5/17/2022,I,Longwood University,Big South Conference,
RIEN ,MILLIKEN,5/17/2022,I,Utah Valley University,Western Athletic Conference,
KENDALL,ANGULO,5/17/2022,I,"University of Nevada, Reno",Mountain West Conference,
ABIGAIL ,MORGAN,5/17/2022,I,Florida Atlantic University,Conference USA,
MORGAN ,ZAMORA,5/17/2022,I,"University of California, Berkeley",Pac-12 Conference,
BAILEY ,PATTISON,5/17/2022,I,Mercer University,Southern Conference,
ARMANI ,BROWN,5/17/2022,I,Marshall University,Conference USA,
TAYLOR,JOHNSON,5/17/2022,I,University of Nebraska Omaha,The Summit League,
ADRIANA ,OTERO,5/17/2022,I,Florida International University,Conference USA,
MAIA,WILKINS,5/17/2022,I,Towson University,Colonial Athletic Association,
AUTUMN,ACORD,5/17/2022,I,Kent State University,Mid-American Conference,
HALEY,VANLAAR,5/17/2022,I,Merrimack College,Northeast Conference,
LOVE ,DRUMGOLE,5/17/2022,I,University at Albany,America East Conference,
HOLLY,FLETCHER,5/17/2022,I,University of South Dakota,The Summit League,
MIKELLE,ANTHONY,5/17/2022,I,Boise State University,Mountain West Conference,
JESSICA ,BROWN,5/17/2022,I,Lipscomb University,ASUN Conference,
MADISON,GARZA,5/17/2022,I,Texas A&M University-Corpus Christi,Southland Conference,
KAYLA,KEITH,5/17/2022,I,Texas A&M University-Corpus Christi,Southland Conference,
OLYVIA,SMITH,5/17/2022,I,Saint Peter's University,Metro Atlantic Athletic Conference,
JANIE,WORTHINGTON,5/17/2022,I,University of North Texas,Conference USA,
MEGAN,FORTNER,5/17/2022,I,Jacksonville State University,ASUN Conference,
KYNDAL,TINNELL,5/17/2022,I,Jacksonville State University,ASUN Conference,
GIANNA,EDWARDS,5/17/2022,I,East Carolina University,American Athletic Conference,
KASSIDY ,KRUPIT,5/16/2022,I,"University of South Carolina, Columbia",Southeastern Conference,Charlotte
DIAMOND ,WILLIAMS,5/16/2022,I,Mercer University,Southern Conference,Coastal Carolina
ASHLEY,BLESSIN,5/16/2022,I,Marshall University,Conference USA,Florida Southern
ISABEL,ROCCO,5/16/2022,I,Boise State University,Mountain West Conference,Fresno State
RAMSAY,LOPEZ,5/16/2022,I,New Mexico State University,Western Athletic Conference,Grand Canyon
YASMINE,AVILA,5/16/2022,I,New Mexico State University,Western Athletic Conference,Illinois
MIKAILA,KENNEY,5/16/2022,I,Marshall University,Conference USA,Lamar
SAVANNAH,RICE,5/16/2022,I,Western Carolina University,Southern Conference,Marshall
SYDNEY,BICKEL,5/16/2022,I,University of Louisville,Atlantic Coast Conference,Marshall
KATHERINE,JOTEN,5/16/2022,I,University of Wisconsin-Green Bay,Horizon League,North Dakota
SOPHIA,PAGE,5/16/2022,I,University of Alabama at Birmingham,Conference USA,Oklahoma State
MYA ,STEVENSON,5/16/2022,I,Marshall University,Conference USA,Ole Miss
HAILEY,HAYES,5/16/2022,I,Boise State University,Mountain West Conference,Purdue
REBECCA,EDWARDS,5/16/2022,I,University of Wisconsin-Green Bay,Horizon League,Purdue
DONTAYSHA ,GOBOURNE,5/16/2022,I,Florida Atlantic University,Conference USA,South Carolina
MACKENZIE,DONIHOO,5/16/2022,I,University of Oklahoma,Big 12 Conference,Tennessee
SARAH,LADD,5/16/2022,I,Michigan State University,Big Ten Conference,Utah
ASHLEIGH ,SGAMBELLURI,5/16/2022,I,Texas A&M University-Corpus Christi,Southland Conference,UT-Arlington
SHANAN ,HESTER,5/16/2022,III,Roanoke College,Old Dominion Athletic Conf.,
HALEY ,MULLINS,5/16/2022,II,King University,Conference Carolinas,
JULIANNE,OUTLAW,5/16/2022,II,Converse University,Conference Carolinas,
RUTH,ALLEN,5/16/2022,II,Carson-Newman University,South Atlantic Conference,
ALINA,JASSO,5/16/2022,II,Texas A&M University-Commerce,Lone Star Conference,
MADELINE ,MCINTYRE,5/16/2022,II,Northeastern State University,Mid-America Intercollegiate Athletics Association,
CAMRYN ,OLSON,5/16/2022,II,Hillsdale College,Great Midwest Athletic Conference,
MYAH ,MURRAY,5/16/2022,I,Florida Atlantic University,Conference USA,
ANISA,REYNOLDS,5/16/2022,I,North Carolina Central University,Mid-Eastern Athletic Conf.,
MORGAN,TESSER,5/16/2022,I,Bryant University,Northeast Conference,
SIDNEY,JONES,5/16/2022,I,Miami University (Ohio),Mid-American Conference,
ABBY,FREISMUTH,5/16/2022,I,University of Wisconsin-Green Bay,Horizon League,
AVA,JUSTMAN,5/16/2022,I,University of Wisconsin-Madison,Big Ten Conference,
DAIJA,WILLIAMS,5/16/2022,I,University of Wisconsin-Green Bay,Horizon League,
PAYTON ,HUDSON,5/16/2022,I,University of Louisville,Atlantic Coast Conference,
EMMA,MELCHER,5/16/2022,I,Ohio University,Mid-American Conference,
JULIA,GARCIA,5/16/2022,I,University of Maryland Eastern Shore,Mid-Eastern Athletic Conf.,
ANDREA,SAMPSON,5/16/2022,I,Eastern Illinois University,Ohio Valley Conference,
MAREENA,RAMIREZ,5/16/2022,I,Idaho State University,Big Sky Conference,
TAYLOR,HANKINS,5/16/2022,I,James Madison University,Colonial Athletic Association,
EMMA,MONTOYA,5/16/2022,I,Idaho State University,Big Sky Conference,
KELBY,ROBINSON,5/16/2022,I,Southeast Missouri State University,Ohio Valley Conference,
TAYLOR,MONTGOMERY,5/16/2022,I,University of Nebraska Omaha,The Summit League,
EMMA,NIECE,5/16/2022,I,Ball State University,Mid-American Conference,
BRIANNA,MCCOWN,5/16/2022,I,Marshall University,Conference USA,
SAVANNAH,RICKETTS,5/16/2022,I,East Tennessee State University,Southern Conference,
RACHEL,BAKER,5/16/2022,I,Mercer University,Southern Conference,
ADELE,BRAUN,5/16/2022,I,Mercer University,Southern Conference,
JORDAN,MOORE,5/16/2022,I,Samford University,Southern Conference,
REAGAN,JONES,5/16/2022,I,Lamar University,Western Athletic Conference,
SADIE,WELLS,5/16/2022,I,Nicholls State University,Southland Conference,
TAYLOR ,RONDON,5/16/2022,I,Saint Peter's University,Metro Atlantic Athletic Conference,
KASSIDY,MOORE,5/16/2022,I,"Southern University, Baton Rouge",Southwestern Athletic Conf.,
BAILEY ,LEDVINA,5/16/2022,I,East Carolina University,American Athletic Conference,
JUSTICE,PALMER,5/16/2022,I,Houston Baptist University,Southland Conference,
KYRSTEN,CHANDLER,5/16/2022,I,Houston Baptist University,Southland Conference,
ALYSSA,DROGEMULLER,5/16/2022,I,University of North Alabama,ASUN Conference,
SHELBY ,SLOAN,5/16/2022,I,University of South Alabama,Sun Belt Conference,
JORDAN,MOSS,5/16/2022,I,Radford University,Big South Conference,
SARAH ,CLINTON,5/16/2022,I,Drexel University,Colonial Athletic Association,
JADYN,GILLEY,5/15/2022,II,Fort Lewis College,Rocky Mountain Athletic Conference,
HALEY,MOUNTAIN,5/15/2022,I,University of Texas at Arlington,Sun Belt Conference,
JAIDA,CHOICE,5/15/2022,I,Nicholls State University,Southland Conference,
DARIANE,CRAM,5/15/2022,I,University of Texas at Arlington,Sun Belt Conference,
AALIYAH,WHITE,5/15/2022,I,University of Texas at Arlington,Sun Belt Conference,
DAISY,HESS,5/14/2022,I,Georgia State University,Sun Belt Conference,Louisville
SOPHIA,MOONEY,5/14/2022,I,Georgia State University,Sun Belt Conference,North Georgia
SAMANTHA,MADER,5/14/2022,I,Idaho State University,Big Sky Conference,
MEAH,ALMARAZ,5/14/2022,I,Idaho State University,Big Sky Conference,
HAILA,LINTON,5/14/2022,I,Lamar University,Western Athletic Conference,
HANNAH,KINKADE,5/14/2022,I,Lamar University,Western Athletic Conference,
HALEY,RAINEY,5/13/2022,I,Idaho State University,Big Sky Conference,Cal State Fullerton
SAMANTHA,GRESS,5/13/2022,I,North Carolina State University,Atlantic Coast Conference,Charlotte
HANNAH,POOLE,5/13/2022,I,Radford University,Big South Conference,Furman
SAGE,HOOVER,5/13/2022,I,Northwestern State University,Southland Conference,Texas Tech
MAKAYLA,VENEZIALE,5/13/2022,I,Lipscomb University,ASUN Conference,Towson
CARSON,ZACHRY,5/13/2022,I,Northwestern State University,Southland Conference,UT-Tyler
ALISYN ,FERRELL,5/13/2022,II,Savannah State University,Southern Intercol. Ath. Conf.,
JAYDEN,MOORE,5/13/2022,II,Savannah State University,Southern Intercol. Ath. Conf.,
BRYERLY,AVINA,5/13/2022,II,Colorado Mesa University,Rocky Mountain Athletic Conference,
ISABEL,CARGILL,5/13/2022,I,Idaho State University,Big Sky Conference,
HAILEY,JACKSON,5/13/2022,I,University of the Incarnate Word,Southland Conference,
CALEY,MCGUFF,5/13/2022,I,University of Louisiana Monroe,Sun Belt Conference,
CHRISTINE,BILLMEIER,5/13/2022,I,Sam Houston State University,Western Athletic Conference,
JULIA,KRAMER,5/13/2022,I,Nicholls State University,Southland Conference,
GENNAHLYN,SANCHEZ,5/13/2022,I,"University of Nevada, Reno",Mountain West Conference,
AUDREY,MCNEILL,5/13/2022,I,Texas A&M University-Corpus Christi,Southland Conference,
MADILYN,WICKER,5/13/2022,I,Florida Gulf Coast University,ASUN Conference,
LAUREN,DANIELS,5/13/2022,I,Winthrop University,Big South Conference,
TARYN,WESTBROOK,5/13/2022,I,Nicholls State University,Southland Conference,
JORDYN,GENDRON,5/13/2022,I,Florida Gulf Coast University,ASUN Conference,
HALEY,FONTENOT,5/13/2022,I,Nicholls State University,Southland Conference,
MIA,MISASI,5/13/2022,I,"University of Nevada, Reno",Mountain West Conference,
CHEVELLE ,SARTIN,5/13/2022,I,University of North Dakota,The Summit League,
KENEDY,VRABLE,5/13/2022,I,Youngstown State University,Horizon League,
MADISON,WEAVER,5/13/2022,I,University of Iowa,Big Ten Conference,
MARIANA,VAZQUEZ,5/13/2022,I,Nicholls State University,Southland Conference,
MCKENZIE ,LAWRENCE,5/13/2022,I,Gardner-Webb University,Big South Conference,
FRANCYS,KING,5/13/2022,I,Tennessee State University,Ohio Valley Conference,
TATUM,SPARKS,5/12/2022,I,Oklahoma State University,Big 12 Conference,North Texas
CASSADY ,GREENWOOD,5/12/2022,I,University of Louisville,Atlantic Coast Conference,UAB
BROOKLYN,CORNS,5/12/2022,II,Colorado Mesa University,Rocky Mountain Athletic Conference,
PEYTON ,COOTS,5/12/2022,II,University of West Alabama,Gulf South Conference,
LANDRY,DUPONT,5/12/2022,II,University of West Florida,Gulf South Conference,
KALEIGH,FOWLER,5/12/2022,II,Emmanuel College (Georgia),Conference Carolinas,
PAIGE,KEETON,5/12/2022,II,Delta State University,Gulf South Conference,
RAHKELL,HOLDEN,5/12/2022,II,Savannah State University,Southern Intercol. Ath. Conf.,
HANNAH,KALER,5/12/2022,II,Emporia State University,Mid-America Intercollegiate Athletics Association,
MORGAN,GREEN,5/12/2022,II,Savannah State University,Southern Intercol. Ath. Conf.,
VALERIE,BELTRE,5/12/2022,II,Flagler College,Peach Belt Conference,
DEZIRAE,SIMON,5/12/2022,II,Holy Names University,Pacific West Conference,
AVERIE,GUNTHER,5/12/2022,II,"University of Arkansas, Monticello",Great American Conference,
VICTORIA,FLORES,5/12/2022,II,Lee University,Gulf South Conference,
HARLEY,STURM,5/12/2022,II,Emporia State University,Mid-America Intercollegiate Athletics Association,
RASHEEDAH,HASAN,5/12/2022,II,Fort Valley State University,Southern Intercol. Ath. Conf.,
KAYTLYN,CRIPPS,5/12/2022,II,Colorado Mesa University,Rocky Mountain Athletic Conference,
NICOLE,NEWCOMER,5/12/2022,II,Salem University (West Virginia),Independent,
LILLIANA,WEIR,5/12/2022,I,Western Illinois University,The Summit League,
PEYTON,COLEMAN,5/12/2022,I,East Tennessee State University,Southern Conference,
JESSICA,REED,5/12/2022,I,Towson University,Colonial Athletic Association,
PRESLIE ,HEWITT,5/12/2022,I,"University of Nevada, Reno",Mountain West Conference,
SOFIA ,EARLE,5/12/2022,I,Saint Mary's College of California,West Coast Conference,
KAILEY,LARCINESE,5/12/2022,I,Towson University,Colonial Athletic Association,
KENDALL,MACAULEY,5/12/2022,I,North Carolina A&T State University,Big South Conference,
SHALEE,JENSEN,5/12/2022,I,Dixie State University,Western Athletic Conference,
MARISSA,PEEK,5/12/2022,I,University of Iowa,Big Ten Conference,
MAKAYLA,JORDAN,5/12/2022,I,California Baptist University,Western Athletic Conference,
JESSICA,RUIZ,5/12/2022,I,Sacred Heart University,Northeast Conference,
ALYSSA,GONZALEZ,5/12/2022,I,Sacred Heart University,Northeast Conference,
E'NECIA,SYKES,5/12/2022,I,"University of Arkansas, Pine Bluff",Southwestern Athletic Conf.,
SYDNEY,GREEN,5/12/2022,I,"University of Arkansas, Pine Bluff",Southwestern Athletic Conf.,
GENEVIEVE,BOWER,5/12/2022,I,University of Rhode Island,Atlantic 10 Conference,
MACEE,ROBERTS,5/11/2022,I,Miami University (Ohio),Mid-American Conference,Austin Peay
SAMANTHA,BODELL,5/11/2022,I,Florida International University,Conference USA,Florida Atlantic
EMILY,ESTROFF,5/11/2022,I,Florida Gulf Coast University,ASUN Conference,Liberty
PHOEBE,SCHULTZ,5/11/2022,I,Dixie State University,Western Athletic Conference,San Francisco State
KATELYN ,KELLER,5/11/2022,I,Northern Illinois University,Mid-American Conference,Wisconsin
YALINA,ELLIS,5/11/2022,III,Ithaca College,Liberty League,
EMILY,BECHTEL,5/11/2022,II,"California State University, San Bernardino",California Collegiate Athletic Association,
JADEN,REDUS,5/11/2022,II,Fort Lewis College,Rocky Mountain Athletic Conference,
ANNABELLA,PHILLIPS,5/11/2022,II,Barry University,Sunshine State Conference,
CHRISTIN,HARTMAN,5/11/2022,II,University of Minnesota Duluth,Northern Sun Intercollegiate Conference,
SOPHIA,HECKENDORF,5/11/2022,II,Upper Iowa University,Northern Sun Intercollegiate Conference,
AUBREE,TERRIS,5/11/2022,II,Upper Iowa University,Northern Sun Intercollegiate Conference,
MACIE,LOPARO,5/11/2022,II,Walsh University,Great Midwest Athletic Conference,
NATHALIE,BLATTMANN,5/11/2022,II,New Mexico Highlands University,Rocky Mountain Athletic Conference,
JENNA,CRAMPTON,5/11/2022,II,East Stroudsburg University of Pennsylvania,Pennsylvania State Athletic Conference,
AMANDA,ENGEL,5/11/2022,II,San Francisco State University,California Collegiate Athletic Association,
SAVANNAH,HOISINGTON,5/11/2022,II,Adams State University,Rocky Mountain Athletic Conference,
LINDSEY,PHARES,5/11/2022,II,West Virginia State University,Mountain East Conference,
SERENA,PEREZ,5/11/2022,I,Tarleton State University,Western Athletic Conference,
ASHLYN,ROBERTS,5/11/2022,I,University of New Mexico,Mountain West Conference,
SCARLETT,LLOYD,5/11/2022,I,Wagner College,Northeast Conference,
ASHLEY ,DARAKJIAN,5/11/2022,I,Jacksonville University,ASUN Conference,
LILLIAN,WILKERSON,5/11/2022,I,Florida Gulf Coast University,ASUN Conference,
ANNA,FEIL,5/11/2022,I,Georgia Southern University,Sun Belt Conference,
MARGAUX,LESSER,5/11/2022,I,University of Rhode Island,Atlantic 10 Conference,
MADELYN,WILSON,5/11/2022,I,Fairfield University,Metro Atlantic Athletic Conference,
JACEY,BOYKIN,5/11/2022,I,Georgia Southern University,Sun Belt Conference,
BROOKE,DICKENSON,5/11/2022,I,Central Connecticut State University,Northeast Conference,
RAYNE,GRAY,5/11/2022,I,Tennessee State University,Ohio Valley Conference,
RYANN,GLENN,5/11/2022,I,Creighton University,Big East Conference,
KILEY,LEWANDOWSKI,5/11/2022,I,Kent State University,Mid-American Conference,
SANAE,ORME,5/11/2022,I,California Baptist University,Western Athletic Conference,
MAILE,MALETTA,5/11/2022,I,Dixie State University,Western Athletic Conference,
JILLIAN,VITAMANTI,5/10/2022,II,Young Harris College,Peach Belt Conference,Coastal Carolina
HANNAH ,GEORGE,5/10/2022,I,"University of North Carolina, Chapel Hill",Atlantic Coast Conference,Michigan
MAILE,OLSEN,5/10/2022,I,California Baptist University,Western Athletic Conference,Nevada
MAKAELA,CARR,5/10/2022,I,Florida International University,Conference USA,North Dakota
MIRANDA,LOPEZ,5/10/2022,I,Eastern Kentucky University,ASUN Conference,Southern Utah
HANNAH,CAREY,5/10/2022,II,University of Montevallo,Gulf South Conference,Young Harris
MELODY,KAPPEL,5/10/2022,III,Ithaca College,Liberty League,
BROOK,REAVES,5/10/2022,III,Manchester University,Heartland Collegiate Athletic Conference,
CALYN,BRISTER,5/10/2022,II,University of Texas Permian Basin,Lone Star Conference,
ARISSA,LUGO,5/10/2022,II,University of Hawaii at Hilo,Pacific West Conference,
SARAH,ZUNIGA,5/10/2022,II,University of Hawaii at Hilo,Pacific West Conference,
RIANNE ,MAYER,5/10/2022,II,Post University,Central Atlantic Collegiate Conference,
MADELEINE,SHWALUK,5/10/2022,II,Southwest Minnesota State University,Northern Sun Intercollegiate Conference,
PAIGE,SHWALUK,5/10/2022,II,Southwest Minnesota State University,Northern Sun Intercollegiate Conference,
MACKENZIE,JAMIESON,5/10/2022,II,Metropolitan State University of Denver,Rocky Mountain Athletic Conference,
BROOKE,DE LA GARZA,5/10/2022,II,New Mexico Highlands University,Rocky Mountain Athletic Conference,
ABIGAIL,LOYD,5/10/2022,II,West Virginia State University,Mountain East Conference,
LAUREN,SCHALLERT,5/10/2022,II,Cameron University,Lone Star Conference,
REAGAN,JENKINS,5/10/2022,II,Southwest Baptist University,Great Lakes Valley Conference,
KAYLEE,HAWKINS,5/10/2022,II,University of Montevallo,Gulf South Conference,
SYDNEY,NEWBERRY,5/10/2022,II,Georgia College,Peach Belt Conference,
BELLA,CARNES,5/10/2022,II,Georgia College,Peach Belt Conference,
CAROLINE,WATSON,5/10/2022,I,Jacksonville University,ASUN Conference,
BREA ,CROSLIN,5/10/2022,I,Murray State University,Ohio Valley Conference,
BROOKLYNN,LINNEMAN,5/10/2022,I,Florida International University,Conference USA,
TARYN ,PERU,5/10/2022,I,University of Detroit Mercy,Horizon League,
ABBY,BOXRUD,5/10/2022,I,University of St. Thomas (Minnesota),The Summit League,
MAKAYLA,GALLAGHER,5/10/2022,I,Florida International University,Conference USA,
PEYTON ,SCHNACKENBERG,5/10/2022,I,Boston College,Atlantic Coast Conference,
KAITLYN,YOUNG,5/10/2022,I,Eastern Kentucky University,ASUN Conference,
ELLIE,GARCIA,5/10/2022,I,"University of Nevada, Reno",Mountain West Conference,
ISABELLA,GONZALEZ,5/10/2022,I,Eastern Kentucky University,ASUN Conference,
ISABELLA,SANCHEZ,5/10/2022,I,Eastern Kentucky University,ASUN Conference,
CELIME,GARCIA,5/10/2022,I,"University of Nevada, Reno",Mountain West Conference,
JONAH ,CUNNIGAN,5/10/2022,I,Delaware State University,Mid-Eastern Athletic Conf.,
KAYLA ,HOOKS,5/10/2022,I,Wagner College,Northeast Conference,
MALIA,BABASA,5/10/2022,I,Eastern Kentucky University,ASUN Conference,
KAYLA,ALEXANDRE,5/10/2022,I,Florida International University,Conference USA,
GIANNA ,BOCCAGNO,5/10/2022,I,Boston College,Atlantic Coast Conference,
HANNAH,DUKES,5/10/2022,I,Alcorn State University,Southwestern Athletic Conf.,
BRIANNA,SANCHEZ,5/10/2022,I,University of New Mexico,Mountain West Conference,
ARIYANA,MIRANDA,5/10/2022,I,Eastern Kentucky University,ASUN Conference,
SCARLET,ANDERSON,5/10/2022,I,University of Rhode Island,Atlantic 10 Conference,
MEREDITH,WELLS,5/9/2022,I,James Madison University,Colonial Athletic Association,Elon
TAYLOR,HOELSCHER,5/9/2022,II,Missouri Western State University,Mid-America Intercollegiate Athletics Association,Northern State
KELCI,HILL,5/9/2022,I,Middle Tennessee State University,Conference USA,Tarleton
ERIN ,BROWN,5/9/2022,I,St. John's University (New York),Big East Conference,Towson
LAYLA,MENDOZA,5/9/2022,II,West Virginia State University,Mountain East Conference,
JESSICA,STRANDLUND,5/9/2022,II,Chadron State College,Rocky Mountain Athletic Conference,
KENNEDY,WARBRITTON,5/9/2022,II,Bluefield State College,Independent,
JORDAN,BLAIR,5/9/2022,II,University of Montevallo,Gulf South Conference,
KAELYN,LEVERSON,5/9/2022,II,Lewis University,Great Lakes Valley Conference,
KINLEY,ADAMS,5/9/2022,II,University of Montevallo,Gulf South Conference,
KATELYNN,RALSTON,5/9/2022,II,Colorado State University Pueblo,Rocky Mountain Athletic Conference,
CAMPBELL,KRAFT,5/9/2022,II,Delta State University,Gulf South Conference,
JAYLYN ,MELENDEZ,5/9/2022,II,American International College,Northeast-10 Conference,
JORDAN,SCHURING,5/9/2022,I,California Baptist University,Western Athletic Conference,
DESTINY,SALINAS,5/9/2022,I,Tarleton State University,Western Athletic Conference,
MIRANDA ,PRUITT,5/9/2022,I,Tarleton State University,Western Athletic Conference,
GREENLEE,SMITH,5/9/2022,I,The University of Southern Mississippi,Conference USA,
JAYA,HERRING,5/9/2022,I,Middle Tennessee State University,Conference USA,
JESSICA,FORTE,5/9/2022,I,Seton Hall University,Big East Conference,
MAKENZIE,HUTCHINSON,5/9/2022,I,Middle Tennessee State University,Conference USA,
DANIELLE,TAITT,5/9/2022,I,Middle Tennessee State University,Conference USA,
JACQUELINE,BUSCH,5/9/2022,I,University of Pittsburgh,Atlantic Coast Conference,
ANGELINA,CAMEN,5/9/2022,I,Texas A&M University-Corpus Christi,Southland Conference,
BRITTNEY ,MANTHIE,5/9/2022,I,Creighton University,Big East ConferenceBig East Conference,
JAQUELIN,GARZA,5/9/2022,I,Texas A&M University-Corpus Christi,Southland Conference,
ASHLEY,SHELTON,5/9/2022,I,Indiana University-Purdue University Indianapolis,Horizon League,
HANNAH,GARTRELL,5/9/2022,I,University of Akron,Mid-American Conference,
CHANDLER,MITCHELL,5/8/2022,I,University of Hartford,America East Conference,
ICESS,TRESVIK,5/8/2022,I,North Carolina A&T State University,Big South Conference,
AVA,CINO,5/7/2022,I,Liberty University,ASUN Conference,Central Connecticut State
LISETTE,URQUIDEZ,5/7/2022,II,Eastern New Mexico University,Lone Star Conference,
KAMDYN,BARRIENTOS,5/7/2022,II,Northern State University,Northern Sun Intercollegiate Conference,
EMMA,ROTE,5/6/2022,I,Southeast Missouri State University,Ohio Valley Conference,Abilene Christian
ARIANA,GAMBALA,5/6/2022,II,"University of Minnesota, Crookston",Northern Sun Intercollegiate Conference,
ANNJELICA,MORENO-ENGLEBRECHT,5/6/2022,II,"University of Minnesota, Crookston",Northern Sun Intercollegiate Conference,
AMANDA ,CRISS,5/6/2022,II,Lock Haven University of Pennsylvania,Pennsylvania State Athletic Conference,
BAILEY,FERNANDEZ,5/6/2022,II,Lynn University,Sunshine State Conference,
MIKAYLA ,SANTA CRUZ,5/6/2022,I,Creighton University,Big East Conference,
DONNA ,FRIEDMAN,5/6/2022,I,University of Virginia,Atlantic Coast Conference,
KATRIANA,BAIN,5/6/2022,I,Oakland University,Horizon League,
JASMINE,HOGAN,5/6/2022,I,South Carolina State University,Mid-Eastern Athletic Conf.,
KARI,SHEDRICK,5/6/2022,I,Providence College,Big East Conference,
MADISON,SILBER,5/5/2022,I,Wagner College,Northeast Conference,Siena
LEAH,HERRERA,5/5/2022,II,Texas A&M University-Kingsville,Lone Star Conference,
KAIA,BRADFORD,5/5/2022,II,University of Hawaii at Hilo,Pacific West Conference,
LEANNA,EDGINGTON,5/5/2022,II,Florida Southern College,Sunshine State Conference,
GABRIELLE,KING,5/5/2022,II,Francis Marion University,Conference Carolinas,
AMAYA,RUIZ,5/5/2022,II,Chadron State College,Rocky Mountain Athletic Conference,
NATASHA,ELLISON,5/5/2022,II,Fort Hays State University,Mid-America Intercollegiate Athletics Association,
AALIYAH,NEWMAN,5/5/2022,II,Converse University,Conference Carolinas,
CASSANDRA,ROMAN,5/5/2022,II,Wheeling University,Mountain East Conference,
LOGAN,MONKUS,5/5/2022,II,Belmont Abbey College,Conference Carolinas,
JAZMIN,KARUNUNGAN,5/5/2022,II,Minot State University,Northern Sun Intercollegiate Conference,
JASMINE,SOLIS,5/5/2022,II,Lincoln University (Pennsylvania),Central Intercollegiate Athletic Association,
HALEY,SCHOELING,5/5/2022,II,Newman University,Mid-America Intercollegiate Athletics Association,
KAYLEE,HIGGINS,5/5/2022,II,Tusculum University,South Atlantic Conference,
MAYA,MARTINEZ,5/5/2022,I,New Mexico State University,Western Athletic Conference,
KADEDRA ,TEMPLE,5/5/2022,I,Tennessee Technological University,Ohio Valley Conference,
BERNICE,PRECIADO,5/5/2022,I,Canisius College,Metro Atlantic Athletic Conference,
MCKENNA,KOSTYSZYN,5/4/2022,I,University of New Mexico,Mountain West Conference,Hawaii
HAILEIGH,REED,5/4/2022,III,Washington and Jefferson College,Presidents' Athletic Conference,
SAMANTHA ,KOSTEK,5/4/2022,III,Nichols College,Commonwealth Coast Conference,
SARA,BHATT,5/4/2022,II,University of Hawaii at Hilo,Pacific West Conference,
TAYLOR ,SCOTT,5/4/2022,II,Flagler College,Peach Belt Conference,
CAMRYN,OHARA,5/4/2022,II,The College of Saint Rose,Northeast-10 Conference,
MARIAH,SALVATTO,5/4/2022,II,Queens College (New York),East Coast Conference,
ALLISON,ZANCA,5/4/2022,II,Northwestern Oklahoma State University,Great American Conference,
SIERRA,GREGG,5/4/2022,II,Lane College,Southern Intercol. Ath. Conf.,
JULIANNA,TABIAN,5/4/2022,II,Edward Waters University,Southern Intercol. Ath. Conf.,
VANESSA,HUNT,5/4/2022,II,Western New Mexico University,Lone Star Conference,
CASEY,BEAULAC,5/4/2022,I,"University of Hawaii, Manoa",Big West Conference,
EMMA ,GUINDON,5/4/2022,I,University of New Mexico,Mountain West Conference,
DANIELLE ,DOMINIK,5/4/2022,I,Monmouth University,Metro Atlantic Athletic Conference,
KENNEDY ,LABSHERE,5/4/2022,I,Boston College,Atlantic Coast Conference,
BRIANNA,ENTER,5/3/2022,I,Florida State University,Atlantic Coast Conference,Minnesota
DELANEY ,RUSSELL,5/3/2022,III,Occidental College,Southern California Intercollegiate Athletic Conf.,
FALLYN,MARSHALL,5/3/2022,II,Black Hills State University,Rocky Mountain Athletic Conference,
DELANEY,HUSE-DAVISON,5/3/2022,II,"California State University, Monterey Bay",California Collegiate Athletic Association,
EMILY,SHRADER,5/3/2022,II,Ursuline College,Great Midwest Athletic Conference,
MADISON,JEAN,5/3/2022,II,Mansfield University of Pennsylvania,Pennsylvania State Athletic Conference,
MADISON ,SHEMWELL,5/3/2022,II,Ohio Dominican University,Great Midwest Athletic Conference,
VICTORIA,CLARK,5/3/2022,II,Trevecca Nazarene University,Great Midwest Athletic Conference,
HANNAH,SATTLER,5/3/2022,II,Southern Nazarene University,Great American Conference,
BAYLEE ,STEWART,5/3/2022,II,Union University,Gulf South Conference,
AUBRIE,LAFFERTY,5/3/2022,II,Wheeling University,Mountain East Conference,
MACY,TARBOX,5/3/2022,II,Western Washington University,Great Northwest Athletic Conference,
JILLIAN,NGUYEN,5/3/2022,I,Idaho State University,Big Sky Conference,
MADISON ,ANDERSON,5/3/2022,I,Western Illinois University,The Summit League,
KAYLIE,REYNOLDS,5/3/2022,I,Western Illinois University,The Summit League,
SYDNEY ,HOFFMAN,5/3/2022,I,Delaware State University,Mid-Eastern Athletic Conf.,
JULIE,MANNERS,5/3/2022,I,South Carolina State University,Mid-Eastern Athletic Conf.,
DAELYNN,EATMON,5/3/2022,I,Florida Gulf Coast University,ASUN Conference,
MORGAN,MCCONNELL,5/3/2022,I,University of North Dakota,The Summit League,
TATIANNA,ROMAN,5/2/2022,I,Alabama A&M University,Southwestern Athletic Conf.,Iowa
ZAIA,CASTRUITA,5/2/2022,I,Utah State University,Mountain West Conference,UT-Arlington
BRITTANY,IRELAND,5/2/2022,II,Catawba College,South Atlantic Conference,
MYKAYLA,PARISE-KING,5/2/2022,II,Mars Hill University,South Atlantic Conference,
JAIDYN,AHL,5/2/2022,II,Oklahoma Christian University,Lone Star Conference,
SARA,FESSLER,5/2/2022,II,Ursuline College,Great Midwest Athletic Conference,
CATHERINE ,HIGGINS,5/2/2022,II,Assumption University,Northeast-10 Conference,
ALEXANDRA,TENERO,5/2/2022,II,University of New Haven,Northeast-10 Conference,
DESTINY,BECKHAM,5/2/2022,II,Shaw University,Central Intercollegiate Athletic Association,
LOGYN ,CHAMBERLIN,5/2/2022,II,Tiffin University,Great Midwest Athletic Conference,
BROOKLYNNE,ESQUIBEL,5/2/2022,I,Idaho State University,Big Sky Conference,
HEAVEN,VONROSENBERG,5/2/2022,I,South Carolina State University,Mid-Eastern Athletic Conf.,
CHARLESE,BUTLER,5/2/2022,I,University of Louisville,Atlantic Coast Conference,
OLIVIA,WOLK,5/2/2022,I,University of Hartford,America East Conference,
GABRIELLA,BELYEU,5/2/2022,I,Alabama A&M University,Southwestern Athletic Conf.,
SHALIN,CHARLES,5/2/2022,I,Alabama A&M University,Southwestern Athletic Conf.,
AMAYA,GAINER,5/2/2022,I,Florida Gulf Coast University,ASUN Conference,
ANNISSA,DORRES,5/1/2022,I,Morgan State University,Mid-Eastern Athletic Conf.,
TAZALEEN,BACCHUS,4/30/2022,II,Palm Beach Atlantic University,Sunshine State Conference,
ALYSSA,AGUILAR,4/29/2022,I,Texas A&M University-Corpus Christi,Southland Conference,BYU
MAISIE,SPIVEY,4/29/2022,III,Mary Baldwin University,USA South Athletic Conference,
LACEY,BATEMAN,4/29/2022,III,Salisbury University,Coast-To-Coast Athletic Conference,
AVA ,JAY,4/29/2022,II,Coker University,South Atlantic Conference,
BRIE,FRAZIER,4/29/2022,II,Montana State University Billings,Great Northwest Athletic Conference,
EMILY,ICKES,4/29/2022,II,University of Findlay,Great Midwest Athletic Conference,
EMMA   ,WALBERT,4/29/2022,II,Truman State University,Great Lakes Valley Conference,
HANNA,ALDRICH,4/29/2022,I,Lehigh University,Patriot League,
JOCELYN,OLIVAREZ,4/29/2022,I,Rider University,Metro Atlantic Athletic Conference,
MALIA,BENSON,4/29/2022,I,University of San Diego,West Coast Conference,
GABRIELLE,LOPEZ,4/29/2022,I,University of Rhode Island,Atlantic 10 Conference,
ALYSSA ,RAYLE,4/29/2022,I,University of Virginia,Atlantic Coast Conference,
JOSEPHINE,POLK,4/28/2022,I,James Madison University,Colonial Athletic Association,Lipscomb
ALEXIS,HANDEL,4/28/2022,II,Northwest Missouri State University,Mid-America Intercollegiate Athletics Association,
JENNA,KISTER,4/28/2022,II,Montana State University Billings,Great Northwest Athletic Conference,
JENNA,MCDERMOTT,4/28/2022,II,The University of Virginia's College at Wise,South Atlantic Conference,
SOPHIA,DEL VECCHIO,4/28/2022,II,Glenville State University,Mountain East Conference,
LINDSAY,MAYO,4/28/2022,II,Newman University,Mid-America Intercollegiate Athletics Association,
AERIN,TALLEY,4/28/2022,I,Southern Illinois University Edwardsville,Ohio Valley Conference,
MCKENNA,CRUM,4/28/2022,I,Seattle University,Western Athletic Conference,
BAILEY ,GRIFFITH,4/27/2022,II,Lincoln Memorial University,South Atlantic Conference,
SHANIYA,JACKSON,4/27/2022,II,Allen University,Southern Intercol. Ath. Conf.Southern Intercol. Ath. Conf.,
MADISON,FIELDS,4/27/2022,II,Ursuline College,Great Midwest Athletic Conference,
KILEY,GALLAGHER,4/27/2022,II,Ursuline College,Great Midwest Athletic Conference,
ANNA   ,THOMAS,4/27/2022,II,Emory & Henry College,South Atlantic Conference,
LONDON,LEWIS,4/27/2022,II,Southern Nazarene University,Great American Conference,
JANTZEN ,OWEN,4/27/2022,I,"University of California, Riverside",Big West Conference,
JULIA,ALLEN,4/27/2022,I,Georgia State University,Sun Belt Conference,
ALEXIA,SCOTT,4/26/2022,II,Savannah State University,Southern Intercol. Ath. Conf.,
ALEXIS,MCCRARY,4/26/2022,II,Mars Hill University,South Atlantic Conference,
SADIE,LEE,4/26/2022,II,Belmont Abbey College,Conference Carolinas,
DEJA,SMITH,4/26/2022,II,Mars Hill University,South Atlantic Conference,
EMILY ,SCAGGS,4/26/2022,II,Emory & Henry College,South Atlantic Conference,
ANISTON,JOHNSON,4/26/2022,I,Georgia Southern University,Sun Belt Conference,
JAELAH,BURRELL,4/26/2022,I,New Mexico State University,Western Athletic Conference,
SHELBY,BARNETT,4/26/2022,I,West Virginia University,Sport not sponsored,
MORGAN,KENDRICK,4/26/2022,I,Florida State University,Atlantic Coast Conference,
KAMRYN,CALDWELL,4/26/2022,I,Appalachian State University,Sun Belt Conference,
CIARA,HANSON,4/26/2022,I,The University of North Carolina at Charlotte,Conference USA,
REBECCA,DAOUST,4/26/2022,I,University of Toledo,Mid-American Conference,
CASSIDY,SMITH,4/25/2022,II,Northwood University,Great Lakes Intercollegiate Athletic Conference,
MADELINE,LINK,4/25/2022,II,Queens University of Charlotte,South Atlantic Conference,
TYMARIE,HUTCHINSON,4/25/2022,II,Lake Erie College,Great Midwest Athletic Conference,
MALLORY,SKELLY,4/25/2022,II,Seton Hill University,Pennsylvania State Athletic Conference,
AIDAN,DAYBERRY,4/25/2022,II,Lincoln University (Missouri),Mid-America Intercollegiate Athletics Association,
ELENA ,GONZALEZ,4/25/2022,I,Rider University,Metro Atlantic Athletic Conference,
CASSIDY,CHURCH,4/25/2022,I,South Carolina State University,Mid-Eastern Athletic Conf.,
KAITLYN,BRANNSTROM,4/25/2022,I,Purdue University,Big Ten Conference,
JAZMINE ,DODD,4/25/2022,I,Alabama State University,Southwestern Athletic Conf.,
ALEXIS,MURPHY,4/25/2022,I,University of Detroit Mercy,Horizon League,
BOBBIE,MYERS,4/25/2022,I,Alabama State University,Southwestern Athletic Conf.,
KRISTINA,SHERWIN,4/24/2022,III,Illinois Wesleyan University,College Conference of Illinois & Wisconsin,
JENNA,HOOPS,4/23/2022,II,Saint Michael's College,Northeast-10 ConferenceNew England Womens Hockey Alliance,
MAKAYLA ,JACKSON,4/22/2022,I,The University of Tulsa,American Athletic Conference,Rogers State
KALIN ,HUBBLE,4/22/2022,III,Defiance College,Heartland Collegiate Athletic Conference,
SKYLER,WANTLAND,4/22/2022,II,Quincy University,Great Lakes Valley Conference,
SKYLAR,PAGE,4/22/2022,I,Presbyterian College,Big South Conference,
TAYLOR,NICHOLSON,4/21/2022,I,"University of Missouri, Columbia",Southeastern Conference,Arizona State
AUTUMN,PORTER,4/21/2022,II,Black Hills State University,Rocky Mountain Athletic Conference,
SAVANNA ,SWICKARD,4/21/2022,II,Wingate University,South Atlantic Conference,
MIA,ALVAREZ,4/21/2022,I,California Baptist University,Western Athletic Conference,
PEYTON   ,MOEDER,4/21/2022,I,Valparaiso University,Missouri Valley Conference,
JACEY,HENDERSON,4/20/2022,II,Indiana University of Pennsylvania,Pennsylvania State Athletic Conference,
RYCCA,HINTON,4/20/2022,I,The University of Southern Mississippi,Conference USA,
ERICA,HOLT,4/20/2022,I,Michigan State University,Big Ten Conference,
ISABELLA,THERRIEN,4/20/2022,I,University of Hartford,America East Conference,
CAROLINE ,TURNER,4/19/2022,II,University of Findlay,Great Midwest Athletic Conference,
SABRINA,KAFFL,4/19/2022,II,University of the Sciences,Central Atlantic Collegiate Conference,
PAIGE ,SCHLECHTER,4/19/2022,II,University of the Sciences,Central Atlantic Collegiate Conference,
SAMANTHA,SANCHEZ,4/19/2022,II,American International College,Northeast-10 Conference,
REBECCA ,JONES,4/18/2022,I,Purdue University,Big Ten Conference,Florida Atlantic
SAMANTHA ,MOLL,4/18/2022,I,St. Bonaventure University,Atlantic 10 Conference,
JERSEY ,SILVER,4/18/2022,I,Presbyterian College,Big South Conference,
COURTNEY,EYLER,4/18/2022,I,Pennsylvania State University,Big Ten Conference,
GABRIELLE ,SLATER,4/15/2022,III,St. Lawrence University,Liberty League,
EMILY,ALLEN,4/14/2022,I,North Carolina State University,Atlantic Coast Conference,Marshall
CLARA,DISCENZO,4/14/2022,II,West Virginia Wesleyan College,Mountain East Conference,
ALEXANDRIA,STURGILL,4/14/2022,II,Carson-Newman University,South Atlantic Conference,
KIRSTEN,STROUD,4/14/2022,II,Miles College,Southern Intercol. Ath. Conf.,
JAELYNN,BARRIOS,4/14/2022,II,Lincoln University (Pennsylvania),Central Intercollegiate Athletic Association,
MAKENZIE,LYALL,4/14/2022,I,Appalachian State University,Sun Belt Conference,
MADISON ,BANKS,4/13/2022,I,University of Mississippi,Southeastern Conference,Miami Ohio
TONI,SCHAFER,4/13/2022,II,Fort Hays State University,Mid-America Intercollegiate Athletics Association,
RYLEE,SEYMOUR,4/13/2022,II,Washburn University,Mid-America Intercollegiate Athletics Association,
JORDANNA ,SHORTS,4/13/2022,II,Belmont Abbey College,Conference Carolinas,
BRIGHTON,HARDER,4/13/2022,II,Emmanuel College (Georgia),Conference Carolinas,
CARIDAD,ESTES,4/13/2022,I,Ball State University,Mid-American Conference,
SYDNEY,SHIMKUS,4/13/2022,I,Merrimack College,Northeast Conference,
ALLISON,TORSTENSEN,4/13/2022,I,Merrimack College,Northeast Conference,
LYNDSEY,EVIX,4/13/2022,I,Providence College,Big East Conference,
KATHRYN,HEENAN,4/13/2022,I,University of Rhode Island,Atlantic 10 Conference,
BREANNA,SEXTON,4/13/2022,I,Morehead State University,Ohio Valley Conference,
ALLYSSA,SPACE,4/12/2022,III,Shenandoah University,Old Dominion Athletic Conf.,
TRINADEY,SANTIAGO,4/12/2022,II,American International College,Northeast-10 Conference,
MILYTZA,PEREZ,4/12/2022,II,Molloy College,East Coast Conference,
KATELYN,HUNTER,4/12/2022,I,Canisius College,Metro Atlantic Athletic Conference,
ALEXA,CAULDER,4/11/2022,II,Shippensburg University of Pennsylvania,Pennsylvania State Athletic Conference,
KENSLEY,DURRANCE,4/11/2022,II,Eckerd College,Sunshine State Conference,
JOCELYN ,LOZANO,4/11/2022,II,Savannah State University,Southern Intercol. Ath. Conf.,
CAMRYN SKYLER,MCCOY,4/11/2022,II,Belmont Abbey College,Conference Carolinas,
HARLIE,VANNATTER,4/11/2022,I,Bowling Green State University,Mid-American Conference,
ALEXA,ROSS,4/11/2022,I,Saint Peter's University,Metro Atlantic Athletic Conference,
TAYLOR,SNOW,4/10/2022,I,University of Louisiana at Lafayette,Sun Belt Conference,New Mexico
GABRIELLE ,SIMMS,4/9/2022,II,University of the Sciences,Central Atlantic Collegiate Conference,
"AARIYANA ""PAL""",EGAN,4/8/2022,I,Texas A&M University-Corpus Christi,Southland Conference,Florida
ANITA,KRAUS,4/8/2022,II,Quincy University,Great Lakes Valley Conference,
TORI ,GILBERT,4/8/2022,I,University of Virginia,Atlantic Coast Conference,
KAMERON,LEE,4/7/2022,II,Limestone University,South Atlantic Conference,
JOLIE ,FISH,4/7/2022,I,University of Wisconsin-Madison,Big Ten Conference,
CARLI ,BACKLUND,4/6/2022,I,Central Connecticut State University,Northeast Conference,Florida Gulf Coast
EMMA ,WHITFIELD,4/6/2022,I,Clemson University,Atlantic Coast Conference,Jacksonville
ARIANNA,SYLVESTER,4/6/2022,II,Saint Anselm College,Northeast-10 Conference,
CLAIRE,HENIGE,4/6/2022,II,Malone University,Great Midwest Athletic Conference,
KATRINA,PALMER,4/6/2022,II,Northern State University,Northern Sun Intercollegiate Conference,
SHAYLIN,POLLOCK,4/6/2022,II,Benedict College,Southern Intercol. Ath. Conf.Southern Intercol. Ath. Conf.,
TYLER ,TROTT,4/6/2022,I,Colorado State University,Mountain West Conference,
TAYLOR,NORTON,4/5/2022,I,Villanova University,Big East Conference,Western Carolina
ISABELLA ,MUNOZ,4/5/2022,II,Flagler College,Peach Belt Conference,
KATHRYN,MCGLAMRY,4/5/2022,I,Alabama State University,Southwestern Athletic Conf.,
CARISSA ,BURGESS,4/5/2022,I,Dixie State University,Western Athletic Conference,
AVERY,BELLAI,4/4/2022,I,The University of North Carolina at Charlotte,Conference USA,Francis Marion
KATHERINE ,CLAYPOOL,4/4/2022,I,University of Iowa,Big Ten Conference,Purdue
JORDAN,PINNERI,4/4/2022,II,California University of Pennsylvania,Pennsylvania State Athletic Conference,
TAYLOR ,BABCOCK,4/4/2022,II,Belmont Abbey College,Conference Carolinas,
MAURI,VINESS,4/4/2022,II,Francis Marion University,Conference Carolinas,
ASHLEY ,DELANY,4/4/2022,I,Cornell University,The Ivy League,
TAYLOR ,HALE,4/4/2022,I,Cornell University,The Ivy League,
LILIANA,MEJIA,4/4/2022,I,"California State University, Fresno",Mountain West Conference,
ANNIE,BECHTOLD,4/1/2022,II,East Stroudsburg University of Pennsylvania,Pennsylvania State Athletic Conference,
SYDNEY,CAMMON,3/31/2022,I,Eastern Illinois University,Ohio Valley Conference,Butler
KILEY,DEHART,3/31/2022,I,University of Louisiana Monroe,Sun Belt Conference,McNeese
MACKENZIE,PISANI,3/31/2022,II,Saint Michael's College,Northeast-10 Conference,
TIFFANY ,WILLIAMS,3/30/2022,II,Oklahoma Baptist University,Great American Conference,
LANA ,REED,3/30/2022,II,Fayetteville State University,Central Intercollegiate Athletic Association,
ALEXANDRIA,HOWARD,3/30/2022,II,Auburn University at Montgomery,Gulf South Conference,
JOCELYN,GARCIA,3/30/2022,II,Colorado State University Pueblo,Rocky Mountain Athletic Conference,
JESSICA,ACOSTA,3/30/2022,I,University of Houston,American Athletic Conference,
ALEXIS ,OROZCO,3/29/2022,I,Utah State University,Mountain West Conference,Notre Dame
ALYSSA,FLORES,3/29/2022,II,St. Mary's University (Texas),Lone Star Conference,
LAUREN,MOORE,3/29/2022,II,Trevecca Nazarene University,Great Midwest Athletic Conference,
ANDRAYA,ALVARADO,3/29/2022,II,Eastern New Mexico University,Lone Star Conference,
ALICIA,WITTENHAGEN,3/29/2022,II,Mars Hill University,South Atlantic Conference,
LINDSEY,BAYES,3/28/2022,III,New England College,New England Collegiate Conference,
MARISSA ,ADAME,3/28/2022,II,Mars Hill University,South Atlantic Conference,
LEXI,CARLOS,3/28/2022,II,Saint Martin's University,Great Northwest Athletic Conference,
KENNEDY,PARKER,3/28/2022,II,Malone University,Great Midwest Athletic Conference,
MACLAI ,BRANSON,3/28/2022,I,Miami University (Ohio),Mid-American Conference,
VIRGINIA,NEMETH,3/25/2022,I,Seattle University,Western Athletic Conference,Concordia Irvine
HALEY,PAINTER,3/25/2022,I,"California State University, Fresno",Mountain West Conference,Nevada
KATY ,NEWTON,3/25/2022,III,Immaculata University,Atlantic East Conference,
LACEY,LINNE,3/25/2022,II,Malone University,Great Midwest Athletic Conference,
FAITH,HERNANDEZ,3/25/2022,I,University of San Diego,West Coast Conference,
DESTINEE,DIXON,3/25/2022,I,Alabama State University,Southwestern Athletic Conf.,
MYA ,TINO,3/24/2022,II,Virginia Union University,Central Intercollegiate Athletic Association,
ALAINA,SPATES,3/24/2022,II,Molloy College,East Coast Conference,
HOPE,BANALES,3/24/2022,I,New Mexico State University,Western Athletic Conference,
D'AUN,RIGGS,3/24/2022,I,Florida State University,Atlantic Coast Conference,
KIARA ,MILLS,3/23/2022,I,Creighton University,Big East Conference,Delaware
JAKAYLA ,SULLIVAN,3/23/2022,II,Augusta University,Peach Belt Conference,Delaware State
KIERA,PARKER,3/23/2022,III,Stevenson University,Middle Atlantic Conference Commonwealth,
FAITH     R,BARBIERI,3/23/2022,III,Keene State College,Little East Conference,
MADISEN,MANN,3/23/2022,II,Harding University,Great American Conference,
RACHEL,WICKER,3/23/2022,I,Iowa State University,Big 12 Conference,
PEYTON,MAHER,3/23/2022,I,University of South Dakota,The Summit League,
CAITLYN ,BROCKWAY,3/22/2022,I,Houston Baptist University,Southland Conference,UTEP
ALEXIS,RIDGELL,3/22/2022,II,Flagler College,Peach Belt Conference,
SHANIYA ,THOMAS,3/22/2022,II,Claflin University,Central Intercollegiate Athletic Association,
MARION ,GOINS,3/22/2022,II,Claflin University,Central Intercollegiate Athletic Association,
MICAYLA,GALLOWAY,3/22/2022,II,Southeastern Oklahoma State University,Great American Conference,
EMILY,BARRAS,3/22/2022,I,Mercer University,Southern Conference,
MADISON,BURNITE,3/22/2022,I,Delaware State University,Mid-Eastern Athletic Conf.,
GENESIS,JOHNSON,3/21/2022,I,California Baptist University,Western Athletic Conference,
KEELEY,YEAGER,3/21/2022,I,University of St. Thomas (Minnesota),The Summit League,
MAKAYLA,TSAGALIS,3/21/2022,I,University of South Dakota,The Summit League,
CATARINA,ESTEVES,3/18/2022,I,University of the Incarnate Word,Southland Conference,St. Edward's
STEFANIE,PRICE,3/18/2022,III,Birmingham-Southern College,Southern Athletic Association,
SEANNA,MCDOUGALL,3/17/2022,II,Malone University,Great Midwest Athletic Conference,
SAMANTHA,WIBERG,3/17/2022,II,University of Tampa,Sunshine State Conference,
EMILY,GARZA,3/17/2022,I,Coastal Carolina University,Sun Belt Conference,
HALEY,REMINGTON,3/16/2022,II,University of Missouri-St. Louis,Great Lakes Valley Conference,
MADISON,BURNS,3/15/2022,I,Hofstra University,Colonial Athletic Association,
QUINN   ,BIGGIO,3/12/2022,I,University of Notre Dame,Atlantic Coast Conference,
BAILEY,DOHERTY,3/11/2022,I,California Polytechnic State University,Big West Conference,
SHAI-ANN,CURRIE,3/10/2022,III,Concordia University Chicago,Northern Athletics Collegiate Conference,
ALEXIS,MASSIE,3/10/2022,I,Alabama State University,Southwestern Athletic Conf.,
TATUM,LONG,3/10/2022,I,Wichita State University,American Athletic Conference,
KIERSTEN ,LANDERS,3/9/2022,I,Florida State University,Atlantic Coast Conference,Mississippi State 
KYNDEL,RANDALL,3/9/2022,II,Newman University,Mid-America Intercollegiate Athletics Association,
ANGELLE,SIDERS,3/8/2022,II,Francis Marion University,Conference Carolinas,
SIMIA,SPAHIEV,3/8/2022,I,Eastern Illinois University,Ohio Valley Conference,
BAYLEE,LEMONS,3/8/2022,I,Texas State University,Sun Belt Conference,
ANGELINA ,BIELE,3/5/2022,I,Duke University,Atlantic Coast Conference,
KELSEY ,BYERS,3/4/2022,II,Malone University,Great Midwest Athletic Conference,
FELICIA,DRAKE,3/4/2022,I,"University of Arkansas, Pine Bluff",Southwestern Athletic Conf.,
CARSON,SAABYE,3/2/2022,I,Florida State University,Atlantic Coast Conference,Oregon State
CAMRYN ,DOLBY,3/2/2022,I,University of South Florida,American Athletic Conference,
KAITLYN,JEFFRIES,3/1/2022,II,Mars Hill University,South Atlantic Conference,
TRINITY,FAVELA,3/1/2022,II,Saint Martin's University,Great Northwest Athletic Conference,
ANSLEY,EASON,3/1/2022,II,Shorter University,Gulf South Conference,
