university_link_id,UniversityID,ncaa_universityID,university_name,ncaa_university_name,division_ID
2085,1307,26172,Texas A&M University - Corpus Christi,A&M-Corpus Christi,2
1203,1,2,Abilene Christian University,Abilene Christian,2
2421,2,,Abraham Baldwin Agricultural College,Abraham Baldwin,6
2139,3,30123,Academy of Art University,Academy of Art,3
1873,4,929,Adams State University,Adams St.,3
1204,5,3,Adelphi University,Adelphi,3
1205,7,4,Adrian College,Adrian,4
2048,8,11324,Agnes Scott College,Agnes Scott,4
1206,1357,5,University of Akron,Akron,2
1209,1358,8,University of Alabama,Alabama,1
1207,9,6,Alabama A&M University,Alabama A&M,2
1211,1360,10,University of Alabama in Huntsville,Alabama Huntsville,3
1208,10,7,Alabama State University,Alabama St.,2
1212,11,13,Albany State University,Albany St. (GA),3
2006,12,2798,Albertus Magnus College,Albertus Magnus,4
1214,13,15,Albion College,Albion,4
1215,14,16,Albright College,Albright,4
1216,15,17,Alcorn State University,Alcorn,2
1874,16,934,Alderson Broaddus University,Alderson Broaddus,3
1217,18,18,Alfred University,Alfred,4
2162,17,30170,Alfred State College,Alfred St.,4
2195,19,,Alice Lloyd College,Alice Lloyd (KY),5
2422,20,,Allan Hancock College,Allan Hancock,8
2423,21,,Allegany College of Maryland,Allegany Maryland,7
1218,22,19,Allegheny College,Allegheny,4
2182,24,30240,Allen University,Allen,3
2424,23,,Allen Community College,Allen County,7
1220,26,21,Alma College,Alma,4
2425,27,,Alpena Community College,Alpena,7
1875,28,938,Alvernia University,Alvernia,4
2090,29,28746,Alverno College,Alverno,4
2426,30,,Alvin Community College,Alvin,6
1221,31,22,American International College,American Int'l,3
2427,32,,American River College,American River,8
1222,33,24,Amherst College,Amherst,4
1876,35,939,Anderson University (IN),Anderson (IN),4
2058,34,13028,Anderson University (SC),Anderson (SC),3
2428,36,,Andrew College,Andrew,6
2429,37,,Angelina College,Angelina,6
1223,38,25,Angelo State University,Angelo St.,3
1224,39,26,Anna Maria College,Anna Maria,4
2430,40,,Anne Arundel Community College,Anne Arundel,7
2431,41,,Anoka Ramsey Community College,Anoka-Ramsey,8
2196,42,,Antelope Valley College,Antelope Valley,5
2432,43,,Antelope Valley Community College,Antelope Valley,8
1225,44,27,Appalachian State University,App State,2
2197,45,,Aquinas College,Aquinas (Mich.),5
1880,46,966,Arcadia University,Arcadia,4
1227,1361,29,University of Arizona,Arizona,1
2198,47,,Arizona Christian University,Arizona Christian,5
1226,48,28,Arizona State University,Arizona St.,1
2433,49,,Arizona Western College,Arizona Western,6
2012,1363,8411,University of Arkansas at Monticello,Ark.-Monticello,3
1991,1364,2678,University of Arkansas at Pine Buff,Ark.-Pine Bluff,2
1228,1362,31,University of Arkansas,Arkansas,1
1877,50,947,Arkansas Tech University,Arkansas Tech,3
2199,51,,Arlington Baptist University,Arlington Baptist,5
1803,1352,725,United States Military Academy West Point,Army West Point,2
2183,53,30243,Asbury University,Asbury,4
1229,54,35,Ashland University,Ashland,3
1230,55,36,Assumption University,Assumption,3
1231,56,37,Auburn University,Auburn,1
1232,58,38,Augsburg University,Augsburg,4
1233,59,39,Augusta University,Augusta,3
1234,60,40,Augustana College (IL),Augustana (IL),4
1235,61,41,Augustana University (SD),Augustana (SD),3
2131,57,30093,Auburn University at Montgomery,AUM,3
1236,62,42,Aurora University,Aurora,4
1878,63,953,Austin College,Austin,4
1237,64,43,Austin Peay State University,Austin Peay,2
2200,65,,Ave Maria University,Ave Maria,5
1238,66,44,Averett University,Averett,4
2201,67,,Avila University,Avila,5
2152,68,30146,Azusa Pacific University,Azusa Pacific,3
1239,69,45,Babson College,Babson,4
2202,70,,Bacone College,Bacone (OK),5
2203,71,,Baker University,Baker,5
2434,72,,Bakersfield College,Bakersfield,8
1240,73,46,Baldwin Wallace University,Baldwin Wallace,4
1241,74,47,Ball State University,Ball St.,2
1243,75,49,Barry University,Barry,3
2435,76,,Barstow Community College,Barstow,8
2063,77,15646,Barton College,Barton,3
2436,78,,Barton County Community College,Barton,6
1251,79,58,Baruch College,Baruch,4
1244,80,50,Bates College,Bates,4
2437,81,,Baton Rouge Community College,Baton Rouge,6
2438,82,,Bay College,Bay College,7
2192,83,506555,Bay Path University,Bay Path,4
1245,84,51,Baylor University,Baylor,1
2173,86,30197,Belhaven University,Belhaven,4
1246,87,52,Bellarmine University,Bellarmine,2
2204,88,,Bellevue University,Bellevue (NE),5
2062,90,14927,Belmont University,Belmont,2
1992,89,2683,Belmont Abbey College,Belmont Abbey,3
1247,91,53,Beloit College,Beloit,4
1248,92,54,Bemidji State University,Bemidji St.,3
1249,93,55,Benedict College,Benedict,3
1448,95,296,Benedictine University (IL),Benedictine (IL),4
2205,94,,Benedictine College (KS),Benedictine (KS),5
2206,96,,Benedictine University Mesa,Benedictine Mesa,5
1250,97,56,Bentley University,Bentley,3
2163,98,30171,Berea College,Berea,4
2439,99,,Bergen Community College,Bergen,8
1881,100,973,Berry College,Berry,4
2207,102,,Bethany College (KS),Bethany (KS),5
1252,101,59,Bethany College (WV),Bethany (WV),4
2103,103,30038,Bethany Lutheran College,Bethany Lutheran,4
2209,107,,Bethel University (IN),Bethel (IN),5
2208,104,,Bethel College,Bethel (KS),5
1253,105,60,Bethel University (MN),Bethel (MN),4
2210,106,,Bethel University (TN),Bethel (TN),5
1254,1655,61,Bethune-Cookman University,Bethune-Cookman,2
2440,108,,Bevill State Community College - Fayette,Bevill State,6
1255,109,62,Binghamton University,Binghamton,2
2178,110,30220,Biola University,Biola,3
2088,111,28593,Birmingham - Southern College,Birmingham-So.,4
2441,112,,Bishop State Community College,Bishop State,6
2442,113,,Bismarck State College,Bismarck State,7
2443,114,,Black Hawk College,Black Hawk-Moline,7
2145,115,30134,Black Hills State University,Black Hills St.,3
1256,116,64,Blackburn College,Blackburn,4
2444,117,,Blinn College,Blinn,6
1882,118,984,Bloomfield College,Bloomfield,3
1257,119,65,Bloomsburg University of Pennsylvania,Bloomsburg,3
2211,120,,Blue Mountain College,Blue Mountain Christian (MS),5
1883,121,985,Bluefield State University,Bluefield St.,3
2212,122,,Bluefield University,Bluefield State,5
1884,123,987,Bluffton University,Bluffton,4
1258,124,66,Boise State University,Boise St.,2
2445,125,,Bossier Parish Community College,Bossier Parish,6
1259,126,67,Boston College,Boston College,1
1260,127,68,Boston University,Boston U.,2
1261,128,69,Bowdoin College,Bowdoin,4
1262,129,70,Bowie State University,Bowie St.,3
1263,130,71,Bowling Green State University,Bowling Green,2
1264,131,72,Bradley University,Bradley,2
1265,132,73,Brandeis University,Brandeis,4
2213,133,,Brenau University,Brenau (GA),5
2214,134,,Brescia University,Brescia (KY),5
2132,135,30094,Brevard College,Brevard,4
2215,136,,Brewton-Parker College,Brewton-Parker (GA),5
2216,137,,Briar Cliff University,Briar Cliff (IA),5
1266,1365,74,University of Bridgeport,Bridgeport,3
1267,138,75,Bridgewater College,Bridgewater (VA),4
1268,139,76,Bridgewater State University,Bridgewater St.,4
2446,141,,Brookdale Community College,Brookdale,8
1272,723,79,Long Island University Brooklyn,Brooklyn,2
1271,142,79,Brooklyn College,Brooklyn College,4
1273,144,80,Brown University,Brown,2
2447,145,,Brunswick Community College,Brunswick,7
2217,146,,Bryan College,Bryan (TN),5
1274,151,81,Bryant University,Bryant,2
2448,149,,Bryant & Stratton College - VA,Bryant & Stratton (VA),7
2449,150,,Bryant & Stratton College - Wisconsin,Bryant and Stratton College (WI),7
1275,152,83,Bucknell University,Bucknell,2
1276,154,84,Buena Vista Univeristy,Buena Vista,4
1278,1256,86,State University of New York at Buffalo,Buffalo,2
1277,1267,85,State University of New York Buffalo State,Buffalo St.,4
2218,155,,Bushnell University,Bushnell (OR),5
1279,158,87,Butler University,Butler,2
2450,156,,Butler Community College,Butler,6
2451,157,,Butler County Community College - Pensylvania,Butler County,8
2452,159,,Butte College,Butte,8
1269,140,77,Brigham Young University,BYU,1
2453,160,,Cabrillo Community College,Cabrillo,8
1280,161,88,Cabrini University,Cabrini,4
1957,162,1305,Cairn University,Cairn,4
1294,167,105,California Lutheran University,Cal Lutheran,4
1281,168,90,California Polytechnic State University,Cal Poly,2
1444,169,291,"California State Polytechnic University, Humboldt",Cal Poly Humboldt,3
1282,172,92,"California State University, Dominguez Hills",Cal St. Dom. Hills,3
1288,173,98,"California State University, East Bay",Cal St. East Bay,3
1287,175,97,"California State University, Fullerton",Cal St. Fullerton,2
2115,176,30055,"California State University, Monterey Bay",Cal St. Monterey Bay,3
2174,170,30198,"California State University, San Marcos",Cal St. San Marcos,3
1885,164,995,Caldwell University,Caldwell,3
2454,163,,Caldwell Community College and Technical Institute,Caldwell Tech,7
2455,165,,Calhoun Community College,Calhoun,6
1296,1366,107,"University of California, Berkeley",California,1
1295,1020,106,"Pennsylvania Western University, California",California (PA),3
2146,166,30135,California Baptist University,California Baptist,2
2219,180,,Calumet College of St. Joseph,Calumet (IN),5
1301,181,114,Calvin University,Calvin,4
2456,182,,Camden County College,Camden County,8
1886,183,996,Cameron University,Cameron,3
2457,1008,,Paul D Camp Community College,Camp,7
1302,184,115,Campbell University,Campbell,2
2220,185,,Campbellsville University,Campbellsville (KY),5
1303,186,116,Canisius University,Canisius,2
2458,289,,College of the Canyons,Canyons,8
1304,187,117,Capital University,Capital,4
2221,188,,Cardinal Stritch University,Cardinal Stritch,5
2459,189,,Carl Albert State College,Carl Albert State,7
2460,190,,Carl Sandburg College,Carl Sandburg,7
1305,191,118,Carleton College,Carleton,4
2222,192,,Carlow University,Carlow (PA),5
1306,193,119,Carnegie Mellon University,Carnegie Mellon,4
2186,194,504130,Carolina University,CarolinaU,4
2223,195,,Carroll College,Carroll (MT),5
1307,196,120,Carroll University,Carroll (WI),4
1887,197,1000,Carson-Newman University,Carson-Newman,3
1308,198,121,Carthage College,Carthage,4
1888,201,1001,Catawba College,Catawba,3
2461,202,,Catawba Valley Community College,Catawba Valley,7
1311,203,124,Catholic University of America,Catholic,4
2407,204,,Cayuga Community College,Cayuga,8
2462,307,,Community College of Baltimore County Catonsville,CCBC Catonsville,7
2402,206,,Cecil College,Cecil,7
2061,207,14795,Cedar Crest College,Cedar Crest,4
2140,208,30124,Cedarville University,Cedarville,3
1312,209,12885,Centenary University,Centenary (NJ),4
2224,1656,125,Centenary College of Louisiana,Centenary College,5
2463,215,,Central Community College - Columbus,Central,7
1313,214,126,Central College,Central (IA),4
2464,210,,Central Alabama Community College,Central Alabama,6
2465,211,,Central Arizona College,Central Arizona,6
1889,1372,1004,University of Central Arkansas,Central Ark.,2
2225,212,,Central Baptist College,Central Baptist (AR),5
1314,216,127,Central Connecticut State University,Central Conn. St.,2
2466,270,,College of Central Florida,Central Florida,6
2467,217,,Central Lakes College,Central Lakes,8
2227,218,,Central Methodist University,Central Methodist,5
1316,219,129,Central Michigan University,Central Mich.,2
1317,1374,130,University of Central Missouri,Central Mo.,3
1890,1375,1009,University of Central Oklahoma,Central Okla.,3
1891,220,1010,Central Washington University,Central Wash.,3
1318,221,132,Centre College,Centre,4
2468,223,,Cerritos College,Cerritos,8
2469,224,,Cerro Coso Community College,Cerro Coso,8
2470,225,,Chabot College,Chabot,8
1892,226,1012,Chadron State College,Chadron St.,3
2471,227,,Chaffey College,Chaffey,8
1319,228,133,Chaminade University of Honolulu,Chaminade,3
2472,229,,Chandler-Gilbert Community College,Chandler-Gilbert,7
1320,230,134,Chapman University,Chapman,4
1893,1376,1013,University of Charleston,Charleston (WV),3
1242,231,48,Charleston Southern University,Charleston So.,2
1582,1443,458,University of North Carolina at Charlotte,Charlotte,2
2045,232,10972,Chatham University,Chatham,4
2473,233,,Chattahoochee Valley Community College,Chattahoochee Valley,6
1780,1494,693,University of Tennessee at Chattanooga,Chattanooga,2
2474,234,,Chattanooga State Community College,Chattanooga State,6
2475,235,,Chesapeake College,Chesapeake,7
2071,236,21323,Chestnut Hill College,Chestnut Hill,3
1285,171,95,"California State University, Chico",Chico St.,3
2476,237,,Chipola College,Chipola,6
2025,238,8875,Chowan University,Chowan,3
1322,240,139,Christopher Newport University,Chris. Newport,4
1895,239,1015,Christian Brothers University,Christian Brothers,3
2477,241,,Cisco College,Cisco,6
2478,242,,Citrus College,Citrus,8
2193,304,,Columbia International University,CIU (SC),5
2116,243,30058,Claflin University,Claflin,3
1323,244,142,Claremont-Mudd-Scripps,Claremont-M-S,4
2479,245,,Clarendon College,Clarendon,6
1324,1021,143,"Pennsylvania Western University, Clarion",Clarion,3
1326,248,145,Clark University,Clark (MA),4
1325,246,144,Clark Atlanta University,Clark Atlanta,3
2480,247,,Clark State College,Clark State,7
2228,249,,Clarke University,Clarke (IA),5
1879,250,958,Clarks Summit University,Clarks Summit,4
1327,251,146,Clarkson University,Clarkson,4
2229,252,,Cleary University,Cleary (MI),5
1328,253,147,Clemson University,Clemson,1
2481,254,,Cleveland Community College,Cleveland,7
1329,256,148,Cleveland State University,Cleveland St.,2
2482,255,,Cleveland State Community College,Cleveland State,6
2483,257,,Cloud County Community College,Cloud County,7
1575,276,451,College of Mount Saint Vincent,CMSV,4
2484,258,,Coahoma Community College,Coahoma,7
1802,1351,722,United States Coast Guard Academy,Coast Guard,4
2485,259,,Coastal Alabama Community College - Bay Minette,Coastal Alabama - Bay Minette,6
2486,260,,Coastal Alabama Community College - Brewton ,Coastal Alabama - Brewton,6
2487,261,,Coastal Alabama Community College - Monroeville,Coastal Alabama - Monroeville,6
2488,262,,Coastal Bend College,Coastal Bend,6
1330,263,149,Coastal Carolina University,Coastal Carolina,2
2230,272,,College of Coastal Georgia,Coastal Georgia,5
2125,1266,30083,State University of New York Cobleskill,Cobleskill St.,4
1331,264,150,Coe College,Coe,4
2489,265,,Coffeyville Community College,Coffeyville,7
1896,266,1023,Coker University,Coker,3
1894,271,1014,College of Charleston,Col. of Charleston,2
1332,267,151,Colby College,Colby,4
2490,268,,Colby Community College,Colby,6
1333,269,153,Colgate University,Colgate,2
2231,274,,College of Idaho,College of Idaho,5
2232,286,,College of St. Mary (NE),College of Saint Mary (NE),5
2049,295,11403,Colorado Christian University,Colo. Christian,3
1334,298,155,Colorado School of Mines,Colo. Sch. of Mines,3
2050,296,11416,Colorado Mesa University,Colorado Mesa,3
2491,297,,Colorado Northwestern Community College,Colorado Northwestern,6
1335,299,156,Colorado State University,Colorado St.,2
1336,1652,158,Columbia University,Columbia,2
2233,301,,Columbia College,Columbia (MO),5
2234,302,,Columbia College SC,Columbia (SC),5
2492,305,,Columbia State Community College,Columbia State,6
2493,303,,Columbia Greene Community College,Columbia-Greene,8
1337,306,159,Columbus State University,Columbus St.,3
1897,310,1028,Concord University,Concord,3
2235,312,,Concordia Univeristy Ann Arbor,Concord,5
2236,317,,"Concordia University, Nebraska",Concordia (Neb.),5
2082,315,24400,Concordia University Texas,Concordia (TX),4
1338,313,160,Concordia University Chicago,Concordia Chicago,4
1898,316,1036,Concordia University Wisconsin,Concordia Wisconsin,4
1339,311,161,Concordia College,Concordia-M'head,4
2036,318,9081,"Concordia University, St. Paul",Concordia-St. Paul,3
2494,319,,Connors State College,Connors State,6
2027,320,8935,Converse University,Converse,3
2495,321,,Copiah-Lincoln Community College,Copiah-Lincoln,7
1341,322,165,Coppin State University,Coppin St.,2
2237,323,,Corban University,Corban,5
1343,1658,167,Cornell University,Cornell,2
1342,324,166,Cornell College,Cornell College,4
2238,325,,Cornerstone University,Cornerstone,5
2496,326,,Corning Community College,Corning,8
1344,1268,168,State University of New York College at Cortland,Cortland,4
2497,327,,Cosumnes River College,Cosumnes River,8
2239,328,,Cottey College,Cottey (MO),5
2134,330,30111,Covenant College,Covenant,4
2498,331,,Cowley College,Cowley,7
1345,332,169,Creighton University,Creighton,2
2499,333,,Crowder College,Crowder,6
2240,334,,Crowley's Ridge College,Crowley's Ridge (AR),5
2100,335,30035,Crown College,Crown (MN),4
1284,1657,94,"California State University, Bakersfield",CSU Bakersfield,2
1999,300,2720,Colorado State University Pueblo,CSU Pueblo,3
1290,177,101,"California State University, Northridge",CSUN,2
1283,178,93,"California State University, San Bernardino",CSUSB,3
2500,336,,Cuesta College,Cuesta,8
2175,314,30199,Concordia University Irvine,CUI,3
2241,337,,Culver-Stockton College,Culver-Stockton (MO),5
2242,338,,Cumberland University,Cumberlands,5
2378,1504,,University of the Cumberlands,Cumberlands,5
1346,339,170,Curry College,Curry,4
2501,340,,Cuyahoga Comunity College,Cuyahoga,7
1309,199,122,Case Western Reserve University,CWRU,4
2502,341,,Cypress College,Cypress,8
2503,344,,Dakota County Technical College,Dakota County Tech,7
2243,345,,Dakota State University,Dakota State (SD),5
2244,346,,Dakota Wesleyan University,Dakota Wesleyan (SD),5
2504,343,,Dakota College at Bottineau,Dakota-Bottineau,8
1899,1380,1044,University of Dallas,Dallas,4
2245,347,,Dallas Christian College,Dallas Christian,5
2505,348,,Danville Area Community College,Danville Area,7
1347,349,172,Dartmouth College,Dartmouth,2
2179,350,30221,Davenport University,Davenport,3
1348,351,174,Davis & Elkins College,Davis & Elkins,3
2506,352,,Dawson Community College,Dawson,7
1349,1381,175,University of Dayton,Dayton,2
2507,353,,Daytona State College,Daytona State,6
2177,354,30219,Dean College,Dean,4
1900,355,1050,Defiance College,Defiance,4
1354,1382,180,University of Delaware,Delaware,2
1352,356,178,Delaware State University,Delaware St.,2
2508,357,,Delaware Technical Community College,Delaware Tech,7
1353,358,179,Delaware Valley University,Delaware Valley,4
2509,359,,Delta College,Delta,8
1355,360,181,Delta State University,Delta St.,3
1356,361,182,Denison University,Denison,4
1350,362,176,DePaul University,DePaul,2
1351,363,177,DePauw University,DePauw,4
2510,364,,Des Moines Area Community College,Des Moines Area,7
1219,365,20,DeSales University,DeSales,4
2511,290,,College of the Desert,Desert,8
1357,1383,184,University of Detroit Mercy,Detroit Mercy,2
2512,366,,Diablo Valley College,Diablo Valley,8
1358,367,185,Dickinson College,Dickinson,4
2246,368,,Dickinson State University,Dickinson State (ND),5
2247,369,,Doane University,Doane (NE),5
2513,370,,Dodge City Community College,Dodge City,6
2136,373,30118,Dominican University of California,Dominican (CA),3
1962,371,1332,Dominican University,Dominican (IL),4
2028,372,8956,Dominican University New York,Dominican (NY),3
2248,374,,Dordt University,Dordt (IA),5
1359,375,189,Drake University,Drake,2
1360,376,190,Drew University,Drew,4
1361,377,191,Drexel University,Drexel,2
1901,378,1057,Drury University,Drury,3
1362,1384,192,University of Dubuque,Dubuque,4
1363,379,193,Duke University,Duke,1
2514,273,,College of Dupage,DuPage,8
2411,380,,Dutchess Community College,Dutchess,8
2515,381,,Dyersburg State Community College,Dyersburg State,6
1902,342,1059,D'Youville University,D'Youville,3
1364,382,196,East Carolina University,East Carolina,2
2029,385,8965,East Central University,East Central,3
2516,383,,East Central College,East Central (MO),7
2517,384,,East Central Community College,East Central (MS),7
2518,386,,East Georgia State College,East Georgia State,6
2519,387,,East LA College,East Los Angeles,8
2520,388,,East Mississippi Community College,East Mississippi,7
1365,389,197,East Stroudsburg University of Pennsylvania,East Stroudsburg,3
1903,391,1062,East Texas Baptist University,East Tex. Baptist,4
1371,397,203,Eastern Mennonite University,East. Mennonite,4
2030,402,8968,Eastern University,Eastern,4
2521,392,,Eastern Arizona Community College,Eastern Arizona,6
1368,393,200,Eastern Connecticut State University,Eastern Conn. St.,4
2522,394,,Eastern Florida State College,Eastern Florida State,6
1369,395,201,Eastern Illinois University,Eastern Ill.,2
1370,396,202,Eastern Kentucky University,Eastern Ky.,2
1373,399,206,Eastern New Mexico University,Eastern N.M.,3
1904,398,1064,Eastern Nazarene College,Eastern Nazarene,4
2523,400,,Eastern Oklahoma State College,Eastern Oklahoma State,6
2249,401,,Eastern Oregon University,Eastern Oregon,5
2250,403,,Ecclesia College,Ecclesia,5
1374,404,208,Eckerd College,Eckerd,3
1905,405,1066,Edgewood College,Edgewood,4
1375,1022,209,"Pennsylvania Western University, Edinboro",Edinboro,3
2524,406,,Edison State Community College,Edison State,7
2184,407,30244,Edward Waters University,Edward Waters,3
2525,408,,El Camino College,El Camino,8
2526,409,,El Paso Community College,El Paso,6
2404,410,,Elgin Community College,Elgin,7
1376,411,210,Elizabeth City State University,Elizabeth City St.,3
1377,412,211,Elizabethtown College,Elizabethtown,4
2527,413,,Ellsworth Community College,Ellsworth,7
1378,414,212,Elmhurst University,Elmhurst,4
1379,415,213,Elmira College,Elmira,4
1645,279,532,College of Our Lady of the Elms,Elms,4
1906,416,1068,Elon University,Elon,2
2251,418,,"Embry-Riddle Aeronautical University, Prescott",Embry-Riddle (Ariz.),5
2040,417,9680,Embry-Riddle Aeronautical University,Embry-Riddle (FL),3
1380,419,214,Emerson College,Emerson,4
2172,420,30193,Emmanuel College (GA),Emmanuel (GA),3
1381,421,215,Emmanuel College (MA),Emmanuel (MA),4
1383,423,217,Emory University,Emory,4
1382,422,216,Emory & Henry College,Emory & Henry,3
1907,424,1071,Emporia State University,Emporia St.,3
2031,425,8981,Endicott College,Endicott,4
2528,426,,Enterprise State Community College,Enterprise State,6
2529,427,,Erie Community College,Erie,8
1908,428,1072,Erskine College,Erskine,3
1366,390,198,East Tennessee State University,ETSU,2
1384,429,218,Eureka College,Eureka,4
2252,430,,Evangel University,Evangel (MO),5
1385,1385,219,University of Evansville,Evansville,2
1386,431,220,Fairfield University,Fairfield,2
1909,434,1076,Fairmont State University,Fairmont St.,3
2087,435,27892,Farmingdale State College,Farmingdale St.,4
2253,436,,Faulkner University,Faulkner (AL),5
1389,437,223,Fayetteville State University,Fayetteville St.,3
2530,438,,Fayetteville Technical Community College,Fayetteville Tech,7
1387,432,221,Fairleigh Dickinson University,FDU,2
1388,433,222,Fairleigh Dickinson University - Florham,FDU-Florham,4
2531,439,,Feather River College,Feather River,8
2078,440,23157,Felician University,Felician,3
1390,441,224,Ferris State University,Ferris St.,3
1391,442,225,Ferrum College,Ferrum,4
2092,451,28755,Florida Gulf Coast University,FGCU,2
1910,1386,1079,University of Findlay,Findlay,3
2532,443,,Finger Lakes Community College,Finger Lakes,8
2254,445,,Fisher College,Fisher (MA),5
1392,446,227,Fitchburg State University,Fitchburg St.,4
1396,453,231,Florida International University,FIU,2
1394,450,229,Florida Atlantic University,Fla. Atlantic,2
1398,456,233,Florida Southern College,Fla. Southern,3
2130,447,30092,Flagler College,Flagler,3
2533,448,,Florence-Darlington Technical College,Florence-Darlington Tech,7
1399,1353,235,University of Florida,Florida,1
1393,449,228,Florida A&M University,Florida A&M,2
2255,454,,Florida Memorial University,Florida Memorial (FL),5
2256,455,,Florida National University,Florida National (FL),5
2534,457,,Florida Southwestern State College,Florida SouthWestern State,6
1397,459,234,Florida State University,Florida St.,1
2535,458,,Florida State College at Jacksonville,Florida State Jacksonville,7
1395,452,230,Florida Institute of Technology,Florida Tech,3
2536,460,,Folsom Lake College,Folsom Lake,8
2051,461,11538,Fontbonne University,Fontbonne,4
1400,462,236,Fordham University,Fordham,2
2033,463,9011,Fort Hays State University,Fort Hays St.,3
1911,464,1083,Fort Lewis College,Fort Lewis,3
2537,465,,Fort Scott Community College,Fort Scott,7
1401,466,237,Fort Valley State University,Fort Valley St.,3
1402,467,238,Framingham State University,Framingham St.,4
1912,468,1085,Francis Marion University,Francis Marion,3
2121,469,30069,Franciscan University of Steubenville,Franciscan,4
2538,470,,Frank Phillips College,Frank Phillips,6
1993,472,2694,Franklin College,Franklin,4
1403,471,239,Franklin & Marshall College,Franklin & Marshall,4
1404,473,241,Franklin Pierce University,Franklin Pierce,3
2405,474,,Frederick Community College,Frederick,7
1405,1259,242,State University of New York at Fredonia,Fredonia,4
2257,475,,Freed-Hardeman University,Freed-Hardeman (Tenn.),5
2539,476,,Fresno City College,Fresno City,8
1286,174,96,"California State University, Fresno",Fresno St.,2
2258,477,,Friends University,Friends (KS),5
2540,478,,Frontier Community College,Frontier,6
1406,479,243,Frostburg State University,Frostburg St.,3
2541,480,,Fullerton College,Fullerton,8
2408,481,,Fulton-Montgomery Community College,Fulton-Montgomery,8
1407,482,244,Furman University,Furman,2
1415,502,253,Georgia Southern University,Ga. Southern,2
1615,503,1097,Georgia Southwestern State University,Ga. Southwestern,3
1408,483,245,Gallaudet University,Gallaudet,4
2542,484,,Galveston College,Galveston,6
1409,485,246,Gannon University,Gannon,3
2543,486,,Garden City Community College,Garden City,6
1913,487,1092,Gardner-Webb University,Gardner-Webb,2
2544,488,,Garrett College,Garrett,7
2545,489,,Gaston College,Gaston College,7
2546,490,,GateWay Community College,GateWay (AZ),7
2547,491,,Genesee Community College,Genesee,8
2126,492,30084,Geneva College,Geneva,4
1914,493,1094,George Fox University,George Fox,4
1411,494,248,George Mason University,George Mason,2
1412,495,249,George Washington University,George Washington,2
1413,1654,251,Georgetown University,Georgetown,2
2259,496,,Georgetown College,Georgetown (Ky.),5
1417,1387,257,University of Georgia,Georgia,1
1915,497,1096,Georgia College & State University,Georgia College,3
2260,498,,Georgia Gwinnett College,Georgia Gwinnett,5
2548,499,,Georgia Highlands College,Georgia Highlands,6
2549,501,,Georgia Military College,Georgia Military,6
1416,504,254,Georgia State University,Georgia St.,2
1414,500,255,Georgia Institute of Technology,Georgia Tech,1
2032,505,9004,Georgian Court University,Georgian Court,3
1418,506,258,Gettysburg College,Gettysburg,4
2550,507,,Glen Oaks Community College,Glen Oaks,7
2413,508,,Glendale Community College (AZ),Glendale,7
2414,509,,Glendale Community College (CA),Glendale,8
1916,510,1098,Glenville State University,Glenville St.,3
2551,512,,Golden West College,Golden West,8
2009,513,8366,Goldey-Beacom College,Goldey-Beacom,3
1917,514,1099,Gordon College,Gordon,4
2552,515,,Gordon State College,Gordon State,6
2261,516,,Goshen College,Goshen,5
2262,517,,Grace College,Grace (Ind.),5
2263,518,,Graceland University,Graceland,5
1420,519,261,Grambling State University,Grambling,2
1918,520,1104,Grand Canyon University,Grand Canyon,2
2553,521,,Grand Rapids Community College,Grand Rapids,7
1421,522,262,Grand Valley State University,Grand Valley St.,3
2264,523,,Grand View University,Grand View,5
2554,524,,Grayson County Junior College,Grayson,6
1855,1524,794,University of Wisconsin - Green Bay,Green Bay,2
1422,525,263,Greensboro College,Greensboro,4
1919,526,1111,Greenville University,Greenville,4
1423,527,264,Grinnell College,Grinnell,4
1424,528,265,Grove City College,Grove City,4
1920,529,1112,Guilford College,Guilford,4
2555,530,,Gulf Coast State College ,Gulf Coast State,6
1425,531,266,Gust Adolphus College,Gust. Adolphus,4
2054,532,12399,Gwynedd Mercy University,Gwynedd Mercy,4
2556,533,,Hagerstown Community College,Hagerstown,7
1426,534,267,Hamilton College,Hamilton,4
1427,535,268,Hamline University,Hamline,4
1428,1659,270,Hampton University,Hampton,2
2265,536,,Hannibal-LaGrange University,Hannibal-LaGrange,5
1921,537,1115,Hanover College,Hanover,4
1922,539,1116,Harding University,Harding,3
1429,538,271,Hardin-Simmons University,Hardin-Simmons,4
2557,540,,Harford Community College,Harford,6
2558,541,,Harper College,Harper,8
2266,542,,Harris-Stowe State University,Harris-Stowe,5
1430,1388,272,University of Hartford,Hartford,2
2559,543,,Hartnell College,Hartnell,8
1431,1650,275,Harvard University,Harvard,2
2267,544,,Haskell Indian Nations University,Haskell Indian Nations University,5
2268,545,,Hastings College,Hastings,5
1432,546,276,Haverford College,Haverford,4
1433,1390,277,"University of Hawaii, Manoa",Hawaii,2
1995,1389,2697,University of Hawaii at Hilo,Hawaii Hilo,3
1994,547,2696,Hawai'i Pacific University,Hawaii Pacific,3
2560,548,,Heartland Community College,Heartland,7
1434,549,278,Heidelberg University,Heidelberg,4
1923,550,1123,Henderson State University,Henderson St.,3
1924,551,1124,Hendrix College,Hendrix,4
2561,552,,Henry Ford Community College,Henry Ford,7
2562,553,,Herkimer County Community College,Herkimer,8
2563,554,,Hesston College,Hesston,7
2564,557,,Highland Community College - IL,Highland (IL),7
2565,556,,Highland Community College - KS,Highland (KS),7
2010,558,8398,Hilbert College,Hilbert,4
2566,559,,Hill College,Hill,6
2567,560,,Hillsborough Community College,Hillsborough,6
1436,561,280,Hillsdale College,Hillsdale,3
2568,562,,Hinds Community College,Hinds,7
1437,563,281,Hiram College,Hiram,4
2569,564,,Hocking College,Hocking,7
1438,565,283,Hofstra University,Hofstra,2
2570,566,,Holmes Community College,Holmes,7
1439,567,285,College of Holy Cross,Holy Cross,2
1925,568,1126,Holy Family University,Holy Family,3
2011,570,8404,Hood College,Hood,4
1440,571,286,Hope College,Hope,4
2269,572,,Hope International University,Hope International,5
2157,573,30160,Houghton University,Houghton,4
1442,1392,288,University of Houston,Houston,2
1441,574,287,Houston Christian University,Houston Christian,2
2365,1393,,University of Houston - Victoria,Houston-Victoria,5
1443,578,290,Howard University,Howard,2
2571,576,,Howard Community College - MD,Howard (MD),7
2572,575,,Howard College,Howard (TX),6
2001,577,2741,Howard Payne University,Howard Payne,4
2573,579,,Hudson Valley Community College,Hudson Valley,8
1445,580,292,Hunter College,Hunter,4
1926,581,1130,Huntingdon College,Huntingdon,4
2270,582,,Huntington University,Huntington,5
1927,583,1133,Husson University,Husson,4
2271,584,,Huston-Tillotson University,Huston-Tillotson,5
2574,585,,Hutchinson Community College,Hutchinson,6
1446,586,294,Idaho State University,Idaho St.,2
2111,1395,30050,University of Illinois Springfield,Ill. Springfield,3
1450,591,300,Illinois Wesleyan University,Ill. Wesleyan,4
1451,1396,301,University of Illinois Urbana-Champaign,Illinois,1
2575,587,,Illinois Central College,Illinois Central,7
1449,588,297,Illinois College,Illinois Col.,4
1447,589,299,Illinois State University,Illinois St.,2
2576,590,,Illinois Valley Community College,Illinois Valley,7
1453,592,303,Immaculata University,Immaculata,4
2577,593,,Imperial Valley College,Imperial Valley,8
2578,594,,Independence Community College,Independence,7
2579,595,,Indian Hills Community College,Indian Hills,6
2580,596,,Indian River State College,Indian River State,6
1455,599,306,"Indiana University, Bloomington",Indiana,1
1456,600,307,Indiana University of Pennsylvania,Indiana (PA),3
2273,601,,Indiana University South Bend,Indiana South Bend,5
2274,602,,Indiana University Southeast,Indiana Southeast,5
1454,598,305,Indiana State University,Indiana St.,2
2272,597,,Indiana Institute of Technology,Indiana Tech,5
2275,604,,Indiana Wesleyan University,Indiana Wesleyan,5
1459,605,310,Iona University,Iona,2
1461,1398,312,University of Iowa,Iowa,1
2581,606,,Iowa Central Community College,Iowa Central,7
2582,607,,Iowa Lakes Community College,Iowa Lakes,7
1460,608,311,Iowa State University,Iowa St.,1
2187,609,506037,Iowa Wesleyan University,Iowa Wesleyan,4
2583,610,,Iowa Western Community College,Iowa Western,6
2584,612,,Itawamba Community College,Itawamba,7
1462,613,313,Ithaca College,Ithaca,4
1996,603,2699,Indiana University-Purdue University Indianapolis,IUPUI,2
2585,614,,Jackson Community College,Jackson,7
1463,616,314,Jackson State University,Jackson St.,2
2586,615,,Jackson State Community College,Jackson State,6
1465,618,316,Jacksonville University,Jacksonville,2
1464,617,315,Jacksonville State University,Jacksonville St.,2
1466,619,317,James Madison University,James Madison,2
2587,620,,Jamestown Community College,Jamestown,8
2363,1354,,Univeristy of Jamestown,Jamestown (N.D.),5
2276,621,,Jarvis Christian University,Jarvis Christian,5
1654,1321,543,Thomas Jefferson University,Jefferson,3
2588,622,,Jefferson College,Jefferson (MO),6
2589,623,,Jefferson Community College,Jefferson (NY),8
2392,1620,,William Jessup University,Jessup,5
2590,624,,John A Logan College,John A. Logan,6
1468,625,320,John Carroll University,John Carroll,4
1469,626,321,John Jay College of Criminal Justice,John Jay,4
2403,627,,John Wood Community College,John Wood,7
2277,631,,Johnson University,Johnson (Tenn.),5
1470,629,323,Johnson C. Smith University,Johnson C. Smith,3
2591,630,,Johnson County Community College,Johnson County,7
2592,632,,Joliet Junior College,Joliet,8
2593,633,,Jones County Junior College,Jones,7
2278,634,,Judson University,Judson,5
1472,635,325,Juniata College,Juniata,4
2075,628,22626,Johnson & Wales University,JWU (Providence),4
1473,636,326,Kalamazoo College,Kalamazoo,4
2594,637,,Kalamazoo Valley Community College,Kalamazoo Valley,7
2595,638,,Kankakee Comunity College,Kankakee,7
1474,1399,328,University of Kansas,Kansas,1
2226,213,,Central Christian College of Kansas,kansas christian college,5
1997,640,2707,Kansas City University,Kansas City,2
2596,639,,Kansas City Kansas Community College,Kansas City Kansas,7
2279,641,,Kansas Wesleyan University,Kansas Wesleyan,5
2597,642,,Kaskaskia College,Kaskaskia,6
1475,643,329,Kean University,Kean,4
1476,644,330,Keene State College,Keene St.,4
2280,645,,Keiser University,Keiser,5
1929,647,1157,Kennesaw State University,Kennesaw St.,2
1477,648,331,Kent State University,Kent St.,2
1480,1400,334,University of Kentucky,Kentucky,1
2281,649,,Kentucky Christian University,Kentucky Christian,5
1478,650,332,Kentucky State University,Kentucky St.,3
1481,652,335,Kenyon College,Kenyon,4
1930,653,1159,Keuka College,Keuka,4
2110,654,30047,Keystone College,Keystone,4
2598,655,,Kilgore College,Kilgore,6
2112,656,30051,King University,King (TN),3
1482,657,336,King's College,King's (PA),4
2599,658,,Kirkwood Community College,Kirkwood,7
2600,659,,Kishwaukee Community College,Kishwaukee,7
1483,660,337,Knox College,Knox,4
1484,661,339,Kutztown University of Pennsylvania,Kutztown,3
1479,651,333,Kentucky Wesleyan College,Ky. Wesleyan,3
2601,662,,LA Harbor Community College,LA Harbor,8
2602,663,,LA Mission College,LA Mission,8
1932,664,1163,La Roche University,La Roche,4
1485,665,340,La Salle University,La Salle,2
2282,666,,La Sierra University,La Sierra,5
2603,667,,LA Valley College,LA Valley,8
1486,1401,341,University of La Verne,La Verne,4
2604,668,,Labette Community College,Labette,7
2605,669,,Lackawanna College,Lackawanna,7
1487,670,342,Lafayette College,Lafayette,2
1931,671,1162,LaGrange College,LaGrange,4
2606,275,,College of Lake County,Lake County,7
2003,672,2746,Lake Erie College,Lake Erie,3
1488,673,344,Lake Forest College,Lake Forest,4
2607,674,,Lake Land College,Lake Land,6
2608,675,,Lake Michigan College,Lake Michigan,7
2609,676,,Lake Region State College,Lake Region State,7
1933,679,1164,Lakeland University,Lakeland,4
2611,678,,Lakeland Community College,Lakeland,7
2610,677,,Lake-Sumter State College,Lake-Sumter State,6
2612,680,,Lamar Community College,Lamar,6
2613,681,,Lamar State College - Port Arthur,Lamar State-Port Arthur,6
1489,682,346,Lamar University,Lamar University,2
2127,683,30085,Lancaster Bible College,Lancaster Bible,4
1934,684,1167,Lander University,Lander,3
1490,685,347,Lane College,Lane,3
2283,686,,Langston University,Langston (Okla.),5
2614,687,,Lansing Community College,Lansing,7
2013,689,8486,Lasell University,Lasell,4
2615,690,,Lassen Community College,Lassen,8
1491,692,348,Lawrence University,Lawrence,4
2284,691,,Lawrence Technological University,Lawrence Tech,5
1492,693,349,Le Moyne College,Le Moyne,3
1494,694,351,Lebanon Valley College,Lebanon Valley,4
2094,695,30013,Lee University,Lee,3
2059,696,13302,Lees-McRae College,Lees-McRae,3
1495,698,352,Lehigh University,Lehigh,2
2616,697,,Lehigh Carbon Community College,Lehigh Carbon,8
1435,699,279,Lehman College,Lehman,4
1493,700,350,LeMoyne-Owen College,LeMoyne-Owen,3
1935,701,1170,Lenoir-Rhyne University,Lenoir-Rhyne,3
2081,702,24317,Lesley University,Lesley,4
2014,703,8490,LeTourneau University,LeTourneau,4
1496,706,354,Lewis University,Lewis,3
2074,704,22235,Lewis & Clark College,Lewis & Clark,4
2617,705,,Lewis & Clark Community College,Lewis & Clark,7
1497,707,355,Liberty University,Liberty,2
1936,708,1174,Limestone University,Limestone,3
1498,713,356,Lincoln University (MO),Lincoln (MO),3
1499,714,357,Lincoln University (PA),Lincoln (PA),3
2285,709,,Lincoln College,Lincoln (PA),5
2618,710,,Lincoln Land Community College,Lincoln Land,7
1937,711,1176,Lincoln Memorial University,Lincoln Memorial,3
2619,712,,Lincoln Trail College,Lincoln Trail,6
2147,715,30136,Lindenwood University,Lindenwood,2
2286,716,,Lindsey Wilson College,Lindsey Wilson,5
1938,717,1179,Linfield University,Linfield,4
2089,718,28600,Lipscomb University,Lipscomb,2
1503,724,361,Long Island University Post,LIU,2
1501,719,359,Livingstone College,Livingstone,3
2188,736,370,Loyola Marymount University,LMU (CA),2
1502,720,360,Lock Haven University,Lock Haven,3
2620,721,,Long Beach City College,Long Beach,8
1289,722,99,Long Beach State University,Long Beach St.,2
1504,725,363,Longwood University,Longwood,2
2406,726,,Lorain County Community College,Lorain County,8
1505,727,364,Loras College,Loras,4
2621,728,,Los Medanos College,Los Medanos,8
2622,729,,Louisburg College,Louisburg,7
1763,1402,671,University of Louisiana at Lafayette,Louisiana,2
2287,730,,Louisiana Christian University,Louisiana Christian,5
1507,734,366,Louisiana Tech University,Louisiana Tech,2
1508,1404,367,University of Louisville,Louisville,1
2289,735,,Lourdes University,Lourdes,5
1510,737,371,Loyola University Chicago,Loyola Chicago,2
1506,731,365,Louisiana State University,LSU,1
2288,733,,Louisiana State University of Alexandria,LSU Alexandria,5
2623,732,,Louisiana State University - Eunice,LSU Eunice,7
2164,738,30177,Lubbock Christian University,Lubbock Christian,3
2624,739,,Luna Community College,Luna,6
2625,740,,Lurleen B. Wallace Community College,Lurleen B. Wallace,6
1511,741,372,Luther College,Luther,4
1512,743,373,Lycoming College,Lycoming,4
1513,1405,374,University of Lynchburg,Lynchburg,4
2070,744,20794,Lynn University,Lynn,3
2290,745,22989,Lyon College,Lyon,5
1514,746,376,Macalester College,Macalester,4
2626,747,,Macomb Community College,Macomb,7
2627,748,,Madison College,Madison,7
2291,749,,Madonna University,Madonna,5
1516,1406,380,University of Maine,Maine,2
2148,750,30137,Malone University,Malone,3
1939,751,1192,Manchester University,Manchester,4
1517,752,381,Manhattan College,Manhattan,2
1518,753,382,Manhattanville College,Manhattanville,4
2189,1029,506549,Pine Manor College,Manor,4
1520,754,384,Mansfield University of Pennsylvania,Mansfield,3
1940,755,1194,Maranatha Baptist University,Maranatha Baptist,4
2292,758,,Marian University Indianapolis,Marian,5
1941,757,1196,Marian University,Marian (WI),4
2628,756,,Marian Univeristy - Ancilla College,Marian-Ancilla,7
1521,759,385,Marietta College,Marietta,4
2629,760,,Marion Military Institute,Marion Military,6
1522,761,386,Marist College,Marist,2
1942,762,1199,Mars Hill University,Mars Hill,3
1523,763,388,Marshall University,Marshall,2
2401,764,,Marshalltown Community College,Marshalltown,6
2018,765,8597,Martin Luther College ,Martin Luther,4
2123,1409,30075,University of Mary,Mary,3
1524,766,389,Mary Baldwin University,Mary Baldwin,4
1943,1410,1203,University of Mary Hardin - Baylor,Mary Hardin-Baylor,4
1525,1411,390,University of Mary Washington,Mary Washington,4
1527,1412,392,"University of Maryland, College Park",Maryland,1
1529,767,394,Marymount University,Marymount (VA),4
1530,769,395,Maryville University (MO),Maryville (MO),3
1531,768,396,Maryville College (TN),Maryville (TN),4
1532,770,397,Marywood University,Marywood,4
1534,773,399,Massachusetts Maritime Academy,Mass. Maritime,4
1535,1414,400,"University of Massachusetts, Amherst",Massachusetts,2
2293,775,,Mayville State University,Mayville State,5
2630,776,,McCook Community College,McCook,6
1838,777,773,McDaniel College,McDaniel,4
2631,778,,McHenry County College,McHenry County,7
2149,779,30138,McKendree University,McKendree,3
1602,771,486,Massachusetts College Of Liberal Arts,MCLA,4
2632,780,,McLennan Community College,McLennan,6
2015,781,8530,McMurry University,McMurry,4
1537,782,402,McNeese State University,McNeese,2
2294,783,,McPherson College,McPherson,5
1515,1408,379,University of Maine Farmington,Me.-Farmington,4
2105,1407,30040,University of Maine at Presque Isle,Me.-Presque Isle,4
1538,1418,404,University of Memphis,Memphis,2
2633,785,,Mendocino College,Mendocino,8
2295,786,,Menlo College,Menlo,5
2634,787,,Merced College,Merced,8
1539,789,406,Mercer University,Mercer,2
2635,788,,Mercer County Community College,Mercer County,7
1540,790,407,Mercy College,Mercy,3
1541,791,408,Mercyhurst University,Mercyhurst,3
1542,792,409,Meredith College,Meredith,4
2636,793,,Meridian Community College,Meridian,7
1543,794,410,Merrimack College,Merrimack,2
2637,795,,Mesa Community College,Mesa,7
1544,797,411,Messiah University,Messiah,4
1545,798,412,Methodist University,Methodist,4
2638,800,,Metropolitan Community College,Metropolitan,6
2826,1663,415,University of Miami (FL),Miami (FL),1
1547,801,414,Miami University (OH),Miami (OH),2
2639,803,,Miami-Dade College,Miami Dade,6
2296,802,,Miami University Hamilton,Miami-Hamilton,5
1549,1419,418,University of Michigan,Michigan,1
1548,804,416,Michigan State University,Michigan St.,1
2366,1420,,University of Michigan - Dearborn,Michigan-Dearborn,5
2640,806,,Mid-Michigan Community College,Mid Michigan,7
2297,805,,Mid-America Christian University,Mid-America Christian,5
2298,807,,MidAmerica Nazarene University,MidAmerica Nazarene,5
2299,808,,Middle Georgia State University,Middle Georgia State,5
1550,809,419,Middle Tennessee State University,Middle Tenn.,2
1551,810,420,Middlebury College,Middlebury,4
2641,811,,Middlesex Colege,Middlesex College,8
2300,813,,Midland University,Midland,5
2642,812,,Midland College,Midland,6
2301,814,,Midway University,Midway,5
1944,815,1222,Midwestern State University,Midwestern St.,3
1552,816,422,Miles College,Miles,3
2643,817,,Miles Community College,Miles,7
1553,818,423,Millersville University,Millersville,3
2302,819,,Milligan University,Milligan,5
1554,820,424,Millikin University,Millikin,4
1555,821,426,Millsaps College,Millsaps,4
2399,822,,Milwaukee Area Technical College,Milwaukee Area Tech,8
2644,824,,Mineral Area College,Mineral Area,7
1556,1423,427,University of Minnesota Duluth,Minn. Duluth,3
2086,1422,27854,University of Minnesota Crookston,Minn.-Crookston,3
1945,1424,1226,"University of Minnesota, Morris",Minn.-Morris,4
1557,1421,428,University of Minnesota,Minnesota,1
2645,555,,Hibbing Community College,Minnesota North College - Hibbing,8
2646,611,,Itasca Community College,Minnesota North College - Itasca,8
2647,796,,Mesabi Range Campus - Minnesota North College,Minnesota North College - Mesabi Range,8
2648,1056,,Rainy River Community College,Minnesota North College - Rainy River,8
2649,1548,,Vermilion Community College,Minnesota North College - Vermilion,8
1519,827,383,"Minnesota State University, Mankato",Minnesota St.,3
2650,825,,Minnesota State Community and Technical College,Minnesota State,8
2651,843,,MN West Community and Technical College,Minnesota West,8
2141,828,30125,Minot State University,Minot St.,3
2065,829,16142,Misericordia University,Misericordia,4
1558,830,429,Mississippi College,Mississippi Col.,3
2652,831,,Mississippi Delta Community College,Mississippi Delta,7
2653,832,,Mississippi Gulf Coast Community College,Mississippi Gulf Coast,7
1559,833,430,Mississippi State University,Mississippi St.,1
1561,835,432,Mississippi Valley State University,Mississippi Val.,2
1563,1426,434,University of Missouri,Missouri,1
2303,836,,Missouri Baptist University,Missouri Baptist,5
1564,839,435,Missouri University of Science and Technology,Missouri S&T,3
1761,838,669,Missouri State University,Missouri St.,2
2304,840,,Missouri Valley College,Missouri Valley,5
2035,841,9013,Missouri Western State University,Missouri Western,3
1533,772,398,Massachusetts Institute of Technology,MIT,4
2107,842,30042,Mitchell College,Mitchell,4
2034,837,9012,Missouri Southern State University,Mo. Southern St.,3
1565,1427,436,University of Missouri-St. Louis,Mo.-St. Louis,3
2367,1428,,University of Mobile,Mobile,5
2654,844,,Modesto Junior College,Modesto,8
2655,845,,Mohawk Valley Community College,Mohawk Valley,8
1566,846,437,Molloy University,Molloy,3
1568,848,439,Monmouth University (NJ),Monmouth,2
1567,847,438,Monmouth College (IL),Monmouth (IL),4
2657,852,,Monroe Community College,Monroe CC,8
2656,849,,Monroe College,Monroe College,6
2658,850,,Monroe College - Bronx,Monroe College - Bronx,8
1372,853,205,Montana State University Billings,Mont. St. Billings,3
1569,1429,441,University of Montana,Montana,2
1570,854,442,Montclair State University,Montclair St.,4
2659,855,,Monterey Peninsula College,Monterey Peninsula,8
1946,1430,1238,University of Montevallo,Montevallo,3
2415,857,,Montgomery College - Rockville,Montgomery,7
2305,859,,Montreat College,Montreat,5
2660,860,,Moorpark College,Moorpark,8
2661,861,,Moraine Valley Community College,Moraine Valley,7
1571,862,443,Moravian University,Moravian,4
1572,863,444,Morehead State University,Morehead St.,2
1573,864,446,Morgan State University,Morgan St.,2
2306,865,,Morningside University,Morningside (Iowa),5
2662,329,,County College of Morris,Morris,7
2663,867,,Morton College,Morton,7
2664,868,,Motlow State Community College,Motlow State,6
2665,869,,Mott Community College,Mott,7
2101,870,30036,Mount Aloysius College,Mount Aloysius,4
2307,871,,Mount Marty University,Mount Marty,5
2099,872,30033,Mount Mary University,Mount Mary,4
2308,873,,Mount Mercy University,Mount Mercy,5
1948,1431,1245,University of Mount Olive,Mount Olive,3
1574,876,450,Mount St. Mary's University,Mount St. Mary's,2
1576,1432,452,University of Mount Union,Mount Union,4
2309,877,,Mount Vernon Nazarene University,Mount Vernon Nazarene,5
2069,823,20220,Milwaukee School of Engineering,MSOE,4
1546,799,413,Metro State University of Denver,MSU Denver,3
1947,826,1240,Minnesota State University Moorhead ,MSU Moorhead,3
2666,879,,Mt. San Antonio College,Mt. San Antonio,8
2667,880,,Mt San Jacinto,Mt. San Jacinto,8
2016,875,8567,Mount St. Joseph University,Mt. St. Joseph,4
1990,874,1468,Mount Saint Mary College,Mt. St. Mary (NY),4
1577,881,453,Muhlenberg College,Muhlenberg,4
1578,883,454,Murray State University,Murray St.,2
2668,882,,Murray State Community College,Murray State,7
2669,884,,Muskegon Community College,Muskegon,7
1579,885,455,Muskingum University,Muskingum,4
1560,834,431,Mississippi University for Women,MUW,4
1604,908,488,North Carolina A&T State University,N.C. A&T,2
1605,909,489,North Carolina Central University,N.C. Central,2
1607,911,491,North Carolina Wesleyan University,N.C. Wesleyan,4
2017,895,8577,New Mexico Highlands University,N.M. Highlands,3
2409,886,,Nassau Community College,Nassau,8
2670,887,,National Park College,National Park,7
2671,888,,Navarro College,Navarro,6
1585,889,461,Nazareth College,Nazareth,4
1606,910,490,North Carolina State University,NC State,1
1586,890,462,Nebraska Wesleyan University,Neb. Wesleyan,4
1928,1434,1156,University of Nebraska at Kearney,Neb.-Kearney,3
1587,1435,463,University of Nebraska - Lincoln,Nebraska,1
2672,891,,Neosho County Community College,Neosho County,7
1949,892,1254,Neumann University,Neumann,4
1590,1436,466,University of Nevada,Nevada,2
1591,893,467,New England College,New England Col.,4
1593,1439,470,University of New Haven,New Haven,3
1467,894,319,New Jersey City University,New Jersey City,4
1595,1440,473,University of New Mexico,New Mexico,2
1594,896,472,New Mexico State University,New Mexico St.,2
1951,898,1257,Newberry College,Newberry,3
2114,899,30054,Newman University,Newman,3
1598,901,482,Niagara University,Niagara,2
2673,900,,Niagara County Community College,Niagara County,8
1599,902,483,Nicholls State University,Nicholls,2
1600,903,484,Nichols College,Nichols,4
1618,929,503,Northern Illinois University,NIU,2
1601,904,485,Norfolk State University,Norfolk St.,2
1603,1441,487,University of North Alabama,North Ala.,2
2674,907,,North Arkansas College,North Arkansas,7
1580,1442,457,University of North Carolina at Chapel Hill,North Carolina,1
1608,912,492,North Central College (IL),North Central (IL),4
2104,914,30039,North Central University (MN),North Central (MN),4
2675,913,,North Central Missouri College,North Central Missouri,6
2676,905,,North Central Texas College,North Central Texas,6
1610,1447,494,University of North Dakota,North Dakota,2
2677,915,,North Dakota State College of Science,North Dakota SCS,8
1609,916,493,North Dakota State University,North Dakota St.,2
1998,1448,2711,University of North Florida,North Florida,2
2113,1449,30052,University of North Georgia,North Georgia,3
2037,917,9223,North Greenville University,North Greenville,3
2678,919,,North Iowa Area Community College,North Iowa Area,7
1611,920,496,North Park University,North Park,4
2679,921,,North Platte Community College,North Platte,7
1612,1450,497,University of North Texas,North Texas,2
2680,922,,Northampton Community College,Northampton,8
2400,923,,Northeast Community College,Northeast,7
2681,906,,Northeast Mississippi Community College,Northeast Mississippi,7
2682,924,,Northeast Texas Community College,Northeast Texas,6
2416,925,,Northeastern Junior College,Northeastern,6
2683,926,,Northeastern Oklahoma A&M College,Northeastern Oklahoma A&M,6
1622,927,12810,Northeastern State University,Northeastern St.,3
1617,1451,502,University of Northern Colorado,Northern Colo.,2
1620,930,505,Northern Kentucky University,Northern Ky.,2
2684,931,,Northern Oklahoma College - Enid,Northern Oklahoma Enid,6
2685,932,,Northern Oklahoma College - Tonkawa,Northern Oklahoma Tonkawa,6
1952,933,1266,Northern State University,Northern St.,3
1953,938,1267,Northland College,Northland,4
2686,939,,Northland Community and Technical College,Northland,8
2310,945,,Northwest University,Northwest (WA),5
2687,940,,Northwest Florida State College,Northwest Florida State,6
2688,941,,Northwest Kansas Technical College,Northwest Kansas Tech,6
2689,942,,Northwest Mississippi Community College,Northwest Mississippi,7
1621,943,507,Northwest Missouri State University,Northwest Mo. St.,3
1954,944,1274,Northwest Nazarene University,Northwest Nazarene,3
1624,949,509,Northwestern University,Northwestern,1
2311,946,,Northwestern College,Northwestern,5
2368,1453,,University of Northwestern Ohio,Northwestern Ohio,5
2165,947,30178,Northwestern Oklahoma State University,Northwestern Okla.,3
1623,948,508,Northwestern State University,Northwestern St.,2
2098,1452,30031,University of Northwestern - St. Paul,Northwestern-St. Paul,4
1625,950,510,Northwood University,Northwood,3
1626,951,511,Norwich University,Norwich,4
1628,1454,513,University of Notre Dame,Notre Dame,1
2019,954,8600,Notre Dame of Maryland University,Notre Dame (MD),4
2142,952,30126,Notre Dame College,Notre Dame (OH),3
2083,955,24639,Nova Southeastern University,Nova Southeastern,3
1597,897,479,New York University,NYU,4
1629,958,514,Oakland University,Oakland,2
2690,957,,Oakland Community College,Oakland,7
2312,956,,Oakland City University,Oakland City,5
2398,959,,Oakton Community College,Oakton,7
1630,960,515,Oberlin College,Oberlin,4
1631,961,516,Occidental College,Occidental,4
2412,962,,Ocean County College,Ocean County,8
2691,963,,Odessa College,Odessa,6
1634,967,519,Ohio University,Ohio,2
2313,964,,Ohio Christian University,Ohio Christian,5
2137,965,30119,Ohio Dominican University,Ohio Dominican,3
1632,966,517,Ohio Northern University,Ohio Northern,4
1633,1316,518,The Ohio State University,Ohio St.,1
2191,968,506554,Ohio Valley University,Ohio Valley,3
1635,969,520,Ohio Wesleyan University,Ohio Wesleyan,4
2692,970,,Ohlone College,Ohlone,8
2176,971,30202,Oklahoma Baptist University,Okla. Baptist,3
2166,972,30179,Oklahoma Christian University,Okla. Christian,3
1637,1455,522,University of Oklahoma,Oklahoma,1
2314,973,,Oklahoma City University,Oklahoma City,5
2315,974,,Oklahoma Panhandle State University,Oklahoma Panhandle State,5
1636,975,521,Oklahoma State University,Oklahoma St.,1
2316,976,,Oklahoma Wesleyan University,Oklahoma Wesleyan,5
1638,1270,524,State University of New York College at Old Westbury,Old Westbury,4
1562,1425,433,University of Mississippi,Ole Miss,1
1639,977,525,Olivet College,Olivet,4
2317,978,,Olivet Nazarene University,Olivet Nazarene,5
2693,979,,Olney Central College,Olney Central,6
1588,1433,464,University of Nebraska - Omaha,Omaha,2
2694,980,,Onondaga Community College,Onondaga,8
2695,981,,Orange Coast College,Orange Coast,8
2696,982,,Orange County Community College,Orange County,7
1642,1456,529,University of Oregon,Oregon,1
1641,984,528,Oregon State University,Oregon St.,1
2318,983,,Oregon Institute of Technology,Oregon Tech,5
1643,1262,530,State University of New York at Oswego,Oswego St.,4
2697,985,,Otero College,Otero,6
2194,986,,Ottawa University (KS),Ottawa,5
1644,988,531,Otterbein University,Otterbein,4
1955,989,1289,Ouachita Baptist University,Ouachita Baptist,3
2319,990,,Our Lady of the Lake University,Our Lady of the Lake,5
2698,991,,Owens Community College,Owens,7
2699,993,,Oxnard College,Oxnard,8
2076,1506,23008,University of the Ozarks,Ozarks (AR),4
1646,994,533,Pace University,Pace,3
1648,1507,534,University of the Pacific,Pacific,2
1647,996,2751,Pacific University,Pacific (OR),4
1956,995,1297,Pacific Lutheran University,Pacific Lutheran,4
2190,997,506552,Paine College,Paine,3
2109,998,30045,Palm Beach Atlantic University,Palm Beach Atl.,3
2700,1000,,Palomar College,Palomar,8
2701,1001,,Paradise Valley Community College,Paradise Valley,7
2702,1002,,Paris Junior College,Paris,6
2320,1003,,Park University Gilbert,Park- Gilbert,5
2703,1004,,Parkland College,Parkland,7
2704,1005,,Pasadena City College,Pasadena City,8
2705,1006,,Pasco-Hernando State College,Pasco-Hernando State,7
2706,1007,,Patrick and Henry Community College,Patrick & Henry,7
2707,1009,,Pearl River Community College,Pearl River,7
1652,1457,540,University of Pennsylvania,Penn,2
2169,1011,30190,Pennsylvania College of Technology,Penn College,4
1651,1013,539,Pennsylvania State University,Penn St.,1
2124,1019,30081,Pennsylvania State University Harrisburg,Penn St. Harrisburg,4
2135,1014,30114,Pennsylvania State University Abington,Penn St.-Abington,4
2084,1015,25719,Pennsylvania State University Altoona,Penn St.-Altoona,4
1650,1016,538,Pennsylvania State University Behrend,Penn St.-Behrend,4
2108,1017,30044,Pennsylvania State University Berks,Penn St.-Berks,4
2185,1018,504077,Pennsylvania State University Brandywine,Penn St.-Brandywine,4
2321,1010,,Penn State Schuylkill,Penn State Schuylkill,5
2708,1012,,Pennsylvania Highlands Community College,Pennsylvania Highlands,8
2709,1023,,Pensacola State College,Pensacola State,6
2322,1024,,Peru State College,Peru State,5
1653,1025,542,Pfeiffer University,Pfeiffer,4
2710,1026,,Phoenix College,Phoenix,7
2072,1027,21830,Piedmont University,Piedmont,4
2364,1356,,Univeristy of Pikeville,Pikeville,5
2711,1028,,Pima Community College,Pima,6
2712,1030,,Pitt Community College,Pitt,7
1958,1459,1315,University of Pittsburgh at Bradford,Pitt.-Bradford,4
2053,1460,11839,University of Pittsburgh at Greensburg,Pitt.-Greensburg,4
1656,1461,546,University of Pittsburgh at Johnstown,Pitt.-Johnstown,3
1657,1031,1314,Pittsburg State University,Pittsburg St.,3
1655,1458,545,University of Pittsburgh,Pittsburgh,1
1658,1272,547,State University of New York College at Plattsburgh,Plattsburgh St.,4
1659,1032,548,Plymouth State University,Plymouth St.,4
2324,1034,,Point University,Point,5
2323,1033,,Point Park University,Point Park,5
2713,1035,,Polk State College,Polk State,6
1660,1036,549,Pomona-Pitzer,Pomona-Pitzer,4
2714,1037,,Porterville College,Porterville,8
1661,1038,550,Portland State University,Portland St.,2
1959,1039,1318,Post University,Post,3
2715,1640,,WVU Potomac State College,Potomac State,7
2716,1040,,Prairie St,Prairie State,7
1663,1041,553,Prairie View A&M University,Prairie View,2
2717,1042,,Pratt Community College,Pratt,6
1960,1043,1320,Presbyterian College,Presbyterian,2
2325,1044,,Presentation College,Presentation,5
1664,1045,554,Princeton University,Princeton,2
1665,1046,555,Principia College,Principia,4
1666,1047,556,Providence College,Providence,2
2369,1462,,University of Providence,Providence (Mont.),5
1667,1463,557,University of Puget Sound,Puget Sound,4
2097,1264,30029,State University of New York at Purchase,Purchase,4
1668,1048,559,Purdue University,Purdue,1
1457,1049,308,Purdue University Fort Wayne,Purdue Fort Wayne,2
2180,1050,30222,Purdue University Northwest,Purdue Northwest,3
1581,1052,11504,Queens University of Charlotte,Queens (NC),3
1669,1051,560,"Queens College, City University of New York",Queens (NY),3
1670,1053,561,Quincy University,Quincy,3
1671,1054,562,Quinnipiac University,Quinnipiac,2
1672,1055,563,Radford University,Radford,2
1673,1057,564,Ramapo College of New Jersey,Ramapo,4
1675,1058,566,Randolph College,Randolph,4
1674,1059,565,Randolph-Macon College,Randolph-Macon,4
2718,1060,,Ranger College,Ranger,6
2719,1061,,Raritan Valley Community College,Raritan Valley,7
2720,1094,,Rowan College of South Jersey - Cumberland,RCSJ Cumberland,8
2721,1095,,Rowan College of South Jersey - Gloucester,RCSJ Gloucester,8
1676,1464,567,University of Redlands,Redlands,4
2722,291,,College of the Redwoods,Redwoods,8
2723,1062,,Reedley,Reedley,8
1677,1064,568,Regis University,Regis (CO),3
1678,1063,569,Regis College,Regis (MA),4
2326,1065,,Reinhardt University,Reinhardt,5
2724,1066,,Rend Lake College,Rend Lake,6
1679,1067,570,Rensselaer Polytechnic Institute,Rensselaer,4
1681,1465,572,University of Rhode Island,Rhode Island,2
2725,308,,Community College of Rhode Island,Rhode Island,7
1680,1068,571,Rhode Island College,Rhode Island Col.,4
1682,1069,573,Rhodes College,Rhodes,4
2726,1070,,Richard Bland College,Richard Bland,7
1683,1071,576,Rider University,Rider,2
2727,1072,,Ridgewater College,Ridgewater,8
2370,1466,,University of Rio Grande,Rio Grande,5
2728,1073,,Rio Hondo College,Rio Hondo,8
1684,1074,577,Ripon College,Ripon,4
1687,1082,580,Rochester Institute of Technology,RIT,4
2729,1075,,Riverland Community College,Riverland,8
2730,1076,,Riverside City College,Riverside,8
2067,1077,18422,Rivier University,Rivier,4
2731,1078,,Roane State Community College,Roane State,6
1685,1079,578,Roanoke College,Roanoke,4
1686,1080,579,Robert Morris University,Robert Morris,2
2327,1083,,Rochester University (MI),Rochester,5
2732,1081,,Rochester Community and Technical College,Rochester,8
1688,1467,581,University of Rochester (NY),Rochester (NY),4
2733,1084,,Rock Valley College,Rock Valley,8
1689,1085,582,Rockford University,Rockford,4
1961,1086,1328,Rockhurst University,Rockhurst,3
1690,1087,583,Roger Williams University,Roger Williams,4
2167,1088,30180,Rogers State University,Rogers St.,3
1691,1089,584,Rollins College,Rollins,3
2328,1090,,Roosevelt University,Roosevelt,5
2734,1091,,Rose State College,Rose State,6
1692,1092,585,Rose-Hulman Institute of Technology,Rose-Hulman,4
2064,1093,15882,Rosemont College,Rosemont,4
1419,1096,259,Rowan University,Rowan,4
2046,1097,11036,Russell Sage College,Russell Sage,4
2329,1098,,Rust College,Rust,5
1693,1099,587,Rutgers University,Rutgers,1
1694,1101,588,Rutgers University - Camden,Rutgers-Camden,4
1695,1100,589,Rutgers University - Newark,Rutgers-Newark,4
2735,1102,,Sacramento City College,Sacramento City,8
1291,1103,102,Sacramento State University,Sacramento St.,2
1696,1104,590,Sacred Heart University,Sacred Heart,2
2736,1105,,Saddleback College,Saddleback,8
1697,1106,591,Saginaw Valley State University,Saginaw Valley,3
2337,1213,,Southwestern Assemblies of God University,SAGU,5
1699,1108,594,Saint Augustine's University,Saint Augustine's,3
1700,280,595,College of Saint Benedict,Saint Benedict,4
2041,1109,9684,Saint Elizabeth University,Saint Elizabeth,4
2371,1468,,University of Saint Francis (IN),Saint Francis (Ind.),5
1704,1110,600,Saint Francis University (PA),Saint Francis (PA),2
2020,1469,8687,University of Saint Joseph (CT),Saint Joseph (CT),4
1708,1112,606,Saint Joseph's University (PA),Saint Joseph's,2
2372,1470,,University of Saint Katherine,Saint Katherine,5
1710,1113,608,Saint Leo University,Saint Leo,3
1711,1114,609,Saint Louis University,Saint Louis,2
1965,1115,1343,Saint Martin's University,Saint Martin's,3
2376,1489,,University of St. Mary (KS),Saint Mary,5
1712,1116,610,Saint Mary's College of California,Saint Mary's (CA),2
1713,1118,613,Saint Michael's College,Saint Michael's,3
1716,1119,617,Saint Peter's University,Saint Peter's,2
1967,281,1347,College of Saint Rose,Saint Rose,3
2118,1120,30064,Saint Vincent College,Saint Vincent,4
2330,1121,,Saint Xavier University,Saint Xavier,5
2106,1122,30041,Salem College,Salem (NC),4
2068,1124,19117,Salem University,Salem (WV),3
1719,1123,621,Salem State University,Salem St.,4
1720,1125,622,Salisbury University,Salisbury,4
2737,1126,,Salt Lake Community College,Salt Lake,6
1721,1127,623,Salve Regina University,Salve Regina,4
1722,1128,624,Sam Houston State University,Sam Houston,2
1723,1129,625,Samford University,Samford,2
2738,1130,,San Bernardino Valley College,San Bernardino Valley,8
1725,1471,627,University of San Diego,San Diego,2
2331,1131,,San Diego Christian College,San Diego Christian,5
2739,1132,,San Diego Mesa College,San Diego Mesa,8
1724,1133,626,San Diego State University,San Diego St.,2
1726,1134,628,San Francisco State University,San Fran. St.,3
2740,1135,,San Jacinto College South,San Jacinto,6
2741,1136,,San Joaquin Delta College,San Joaquin Delta,8
2742,1137,,San Jose City College,San Jose,8
1727,1138,630,San Jose State University,San Jose St.,2
2743,282,,College of San Mateo,San Mateo,8
2744,1139,,Santa Ana College,Santa Ana,8
2745,1140,,Santa Barbara City College,Santa Barbara,8
1728,1141,631,Santa Clara University,Santa Clara,2
2746,1142,,Santa Fe College,Santa Fe,6
2420,1143,,Santa Monica College,Santa Monica,8
2747,1144,,Santa Rosa Junior College,Santa Rosa,8
2748,1145,,Santiago Canyon College,Santiago Canyon,8
2158,1146,30163,Sarah Lawrence College,Sarah Lawrence,4
2419,1196,,Southern Arkansas University Tech,SAU Tech,7
2749,1147,,Sauk Valley Community College,Sauk Valley,7
1729,1148,632,Savannah State University,Savannah St.,3
2750,1149,,Schoolcraft College,Schoolcraft,7
1970,1150,1355,Schreiner University,Schreiner,4
2373,1472,,University of Science and Arts of Oklahoma,Science and Arts,5
2751,1151,,Scottsdale Community College,Scottsdale,7
1730,1473,633,University of Scranton,Scranton,4
1731,1152,1356,Seattle University,Seattle U,2
2787,1153,,Seminole State College of Florida,Seminole State (FL),6
2752,292,,College of the Sequoias,Sequoias,8
1732,1154,635,Seton Hall University,Seton Hall,2
2117,1155,30063,Seton Hill University,Seton Hill,3
1749,1509,652,University of the South,Sewanee,4
2753,1156,,Seward County Community College,Seward County,6
1767,1274,676,Stephen F. Austin State University,SFA,2
2754,1157,,Shasta College,Shasta,8
1733,1158,636,Shaw University,Shaw,3
2755,1159,,Shawnee Community College,Shawnee,6
2332,1160,,Shawnee State University,Shawnee State,5
2756,1161,,Shelton State Community College,Shelton State,6
1734,1162,637,Shenandoah University,Shenandoah,4
2044,1163,10870,Shepherd University,Shepherd,3
1735,1164,638,Shippensburg University,Shippensburg,3
2153,1165,30151,Shorter University,Shorter,3
1736,1166,639,Siena College,Siena,2
2333,1167,,Siena Heights University,Siena Heights,5
2757,1168,,Sierra College,Sierra,8
1737,1169,640,Simmons University,Simmons,4
2143,1170,30127,Simon Fraser University,Simon Fraser,3
1738,1171,641,Simpson College,Simpson,4
2334,1172,,Simpson University,Simpson,5
2144,1474,30128,University of Sioux Falls,Sioux Falls,3
2758,293,,College of the Siskiyous,Siskiyous,8
1755,1199,660,Southern Illinois University Edwardsville,SIUE,2
1739,1174,642,Skidmore College,Skidmore,4
1740,1175,643,Slippery Rock University,Slippery Rock,3
1741,1176,644,Smith College,Smith,4
2759,1177,,Snead State Community College,Snead State,6
2760,1178,,Snow College,Snow,6
2761,1179,,Solano Community College,Solano,8
1742,1180,645,Sonoma State University,Sonoma St.,3
1743,1475,646,University of South Alabama,South Alabama,2
2762,1181,,South Arkansas Community College,South Arkansas,7
1745,1476,648,University of South Carolina,South Carolina,1
1744,1182,647,South Carolina State University,South Carolina St.,2
1747,1483,650,University of South Dakota,South Dakota,2
1746,1183,649,South Dakota State University,South Dakota St.,2
1748,1484,651,University of South Florida,South Fla.,2
2763,1184,,South Florida State College,South Florida State,6
2764,1185,,South Georgia State College,South Georgia State,6
2765,1186,,South Mountain Community College,South Mountain,7
2766,1187,,South Suburban College,South Suburban,7
2767,1188,,Southeast Community College,Southeast,7
1750,1189,654,Southeast Missouri State University,Southeast Mo. St.,2
2768,1190,,Southeastern Community College,Southeastern,6
2335,1194,,Southeastern University,Southeastern (Fla.),5
2769,1191,,Southeastern Illinois College,Southeastern Illinois,6
1751,1192,655,Southeastern Louisiana University,Southeastern La.,2
1971,1193,1371,Southeastern Oklahoma State University,Southeastern Okla.,3
1972,1195,1376,Southern Arkansas University,Southern Ark.,3
1753,1197,658,Southern Connecticut State University,Southern Conn. St.,3
2770,283,,College of Southern Idaho,Southern Idaho,6
1754,1198,659,Southern Illinois University,Southern Ill.,2
1756,1485,661,University of Southern Indiana,Southern Ind.,3
2771,284,,College of Southern Maryland,Southern Maryland,7
1757,1486,662,University of Southern Maine,Southern Me.,4
1758,1487,664,University of Southern Mississippi,Southern Miss.,2
1592,1201,468,Southern New Hampshire University,Southern N.H.,3
2154,1200,30152,Southern Nazarene University,Southern Nazarene,3
2772,285,,College of Southern Nevada,Southern Nevada,6
2336,1202,,Southern Oregon University,Southern Oregon,5
1759,1204,665,Southern University and A&M College,Southern U.,2
2773,1203,,Southern Union State Community College,Southern Union State,6
1760,1205,667,Southern Utah University,Southern Utah,2
2159,1206,30164,Southern Virginia University,Southern Va.,4
2171,1207,30192,Southern Wesleyan University,Southern Wesleyan,3
2379,1510,,University of the Southwest,Southwest,5
2004,1208,2755,Southwest Baptist University,Southwest Baptist,3
2023,1209,8736,Southwest Minnesota State University,Southwest Minn. St.,3
2774,1210,,Southwest Mississippi Community College,Southwest Mississippi,7
2775,1211,,Southwest Tennessee Community College,Southwest Tennessee,6
2776,1212,,Southwest VA Community College,Southwest Virginia,7
2339,1215,,Southwestern College (KS),Southwestern,5
2417,1218,,Southwestern Community College (IA),Southwestern,7
2418,1216,,Southwestern College (CA),Southwestern,8
1616,1221,8746,Southwestern University,Southwestern (TX),4
2338,1214,,Southwestern Christian University,Southwestern Christian,5
2777,1219,,Southwestern Illinois College,Southwestern Illinois,6
2024,1220,8744,Southwestern Oklahoma State University,Southwestern Okla.,3
2079,1222,23260,Spalding University,Spalding,4
2778,1223,,Spartanburg Methodist College,Spartanburg Methodist,6
2779,1224,,Spoon River College,Spoon River,7
2340,1225,,Spring Arbor University,Spring Arbor (Mich.),5
2170,1226,30191,Spring Hill College,Spring Hill,3
1764,1227,673,Springfield College,Springfield,4
2341,1228,,St. Ambrose University,St. Ambrose,5
2342,1229,,St. Andrew's University,St. Andrews,5
1698,1107,593,Saint Anselm College,St. Anselm,3
1701,1242,596,St. Bonaventure University,St. Bonaventure,2
1702,1230,597,St. Catherine University,St. Catherine,4
2780,1231,,St. Charles Community College,St. Charles,6
2781,1232,,St. Clair County Community College,St. Clair County,7
1703,1243,598,St. Cloud State University,St. Cloud St.,3
2782,1233,,St. Cloud Technical and Community College,St. Cloud Tech,8
1963,1244,1334,St. Edward's University,St. Edward's,3
2375,1488,,University of St. Francis (IL),St. Francis (Ill.),5
1705,1245,601,St. John Fisher University,St. John Fisher,4
1706,1246,603,St. John's University,St. John's (NY),2
2783,1234,,St. John's River State College,St. Johns River State,6
2122,1247,30072,"St. Joseph's University, New York",St. Joseph's (Brkln),4
1964,1248,1340,"St. Joseph's University, New York - Long Island",St. Joseph's (L.I.),4
1707,1111,605,Saint Joseph's College of Maine,St. Joseph's (ME),4
1709,1249,607,St. Lawrence University,St. Lawrence,4
2784,1235,,St. Louis Community College - Meramec,St. Louis,7
2022,1237,8688,St. Mary's College,St. Mary's (IN),4
2021,1117,612,Saint Mary's University of Minnesota,St. Mary's (MN),4
1966,1250,1346,St. Mary's University (TX),St. Mary's (TX),3
2343,1236,,St. Mary of the Woods College,St. Mary-Woods,5
1714,1238,614,St. Norbert College,St. Norbert,4
1715,1239,615,St. Olaf College,St. Olaf,4
2785,1240,,St. Petersburg College,St. Petersburg,6
1717,287,618,College of St. Scholastica,St. Scholastica,4
2344,1241,,St.Thomas University,St. Thomas,5
1718,1491,620,University of St. Thomas (MN),St. Thomas (MN),2
2007,1490,2810,University of St. Thomas (TX),St. Thomas (TX),4
1968,1661,1348,St. Thomas Aquinas College,St. Thomas Aquinas,3
1765,1251,674,Stanford University,Stanford,1
1292,179,103,"California State University, Stanislaus",Stanislaus St.,3
2786,1252,,State College of Florida,State College of Florida,6
2788,1254,,State Fair Community College,State Fair,8
1766,288,675,College of Staten Island,Staten Island,3
2345,1275,,Stephens College,Stephens,5
2346,1276,,Sterling College,Sterling,5
1768,1277,678,Stetson University,Stetson,2
1769,1278,679,Stevens Institute of Technology,Stevens,4
2073,1279,21852,Stevenson University,Stevenson,4
2347,1280,,Stillman College,Stillman,5
1770,1281,681,Stockton University,Stockton,4
1771,1282,682,Stonehill College,Stonehill,3
1772,1283,683,Stony Brook University,Stony Brook,2
1773,1285,684,Suffolk University,Suffolk,4
2789,1284,,Suffolk County Community College,Suffolk County,8
1973,1286,1390,Sul Ross State University,Sul Ross St.,4
2790,6,,Adirondack Community College,SUNY Adirondack,8
1270,1265,78,State University of New York Brockport,SUNY Brockport,4
2791,143,,Broome Community College,SUNY Broome,8
2160,1257,30165,State University of New York at Canton,SUNY Canton,4
2181,1258,30225,State University of New York at Delhi,SUNY Delhi,4
1410,1269,247,State University of New York College at Geneseo,SUNY Geneseo,4
2120,1260,30067,State University of New York at Morrisville,SUNY Morrisville,4
1596,1261,475,State University of New York at New Paltz,SUNY New Paltz,4
1640,1271,526,State University of New York College at Oneonta,SUNY Oneonta,4
2038,1273,9500,State University of New York Polytechnic Institute,SUNY Poly,4
1662,1263,552,State University of New York at Potsdam,SUNY Potsdam,4
2792,1287,,Surry Community College,Surry,7
1774,1288,685,Susquehanna University,Susquehanna,4
2793,1289,,Sussex County Community College,Sussex County,8
1775,1290,686,Swarthmore College,Swarthmore,4
1776,1291,688,Syracuse University,Syracuse,1
2348,1292,,Tabor College,Tabor,5
2794,1293,,Taft Community College,Taft,8
2349,1294,,Talladega College,Talladega,5
2795,1295,,Tallahassee Community College,Tallahassee,6
1777,1492,689,University of Tampa,Tampa,3
1974,1296,1395,Tarleton State University,Tarleton St.,2
2350,1297,,Taylor University,Taylor,5
1795,277,712,College of New Jersey,TCNJ,4
2796,1298,,Temple College,Temple,6
1781,1493,694,"University of Tennessee, Knoxville",Tennessee,1
2377,1496,,University of Tennessee Southern,Tennessee Southern,5
1778,1299,691,Tennessee State University,Tennessee St.,2
1779,1300,692,Tennessee Tech University,Tennessee Tech,2
2351,1301,,Tennessee Wesleyan University,Tennessee Wesleyan,5
2129,1302,30090,Texas A&M International University,Tex. A&M Int'l,3
1367,1306,199,Texas A&M University - Commerce,Tex. A&M-Commerce,2
1783,1308,696,Texas A&M University - Kingsville,Tex. A&M-Kingsville,3
2128,1503,30088,University of Texas Permian Basin,Tex. Permian Basin,3
1789,1497,703,University of Texas at Austin,Texas,1
1784,1304,697,Texas A&M University,Texas A&M,1
2353,1305,,Texas A&M University Texarkana,Texas A&M  Texarkana,5
2352,1303,,Texas A&M Univeristy - San Antonio,Texas A&M-San Antonio,5
2354,1309,,Texas College,Texas College,5
1975,1310,1400,Texas Lutheran University,Texas Lutheran,4
1785,1311,699,Texas Southern University,Texas Southern,2
1762,1312,670,Texas State University,Texas St.,2
1786,1313,700,Texas Tech University,Texas Tech,1
2355,1314,,Texas Wesleyan University,Texas Wesleyan,5
1787,1315,701,Texas Woman's University,Texas Woman's,3
2077,1499,23121,University of Texas at Dallas,Texas-Dallas,4
1792,1318,707,Thiel College,Thiel,4
2357,1323,,Thomas University,Thomas,5
2005,1320,2758,Thomas College,Thomas (ME),4
2356,1322,1402,Thomas More University,Thomas More,5
2797,1324,,Three Rivers College,Three Rivers,6
1976,1325,1403,Tiffin University,Tiffin,3
1793,1511,709,University of Toledo,Toledo,2
2798,1326,,Tompkins Cortland Community College,Tompkins Cortland,8
1794,1327,711,Towson University,Towson,2
2091,1328,28749,Transylvania University,Transylvania,4
2093,1329,30002,Trevecca Nazarene University,Trevecca Nazarene,3
2102,1330,30037,Trine University,Trine,4
2799,1331,,Trinidad State College,Trinidad State,6
1796,1334,713,Trinity College (CT),Trinity (CT),4
1797,1336,715,Trinity University (TX),Trinity (TX),4
2358,1332,,Trinity Baptist College,Trinity Baptist,5
2359,1333,,Trinity Christian College,Trinity Christian,5
2360,1335,,Trinity International University,Trinity International,5
2800,1337,,Trinity Valley Community College,Trinity Valley,6
2080,1338,23413,Trinity Washington University,Trinity Washington,4
2801,1339,,Triton College,Triton,7
1798,1340,716,Troy University,Troy,2
2361,1341,,Truett McConnell University,Truett-McConnell,5
1614,1342,499,Truman State University,Truman St.,3
1799,1343,717,Tufts University,Tufts,4
1800,1512,719,University of Tulsa,Tulsa,2
2056,1344,12830,Tusculum University,Tusculum,3
1801,1345,720,Tuskegee University,Tuskegee,3
2802,1346,,Tyler Junior College,Tyler,6
1840,1600,775,Western New England University,U New England,4
1950,1438,1255,University of New England,U New England,4
2803,1317,,The University of Arkansas Rich Mountain Community College,UA Rich Mountain,6
1210,1359,9,University of Alabama at Birmingham,UAB,2
1213,1255,14,State University of New York at Albany,UAlbany,2
1297,1369,108,"University of California, Davis",UC Davis,2
1299,1370,111,"University of California, Riverside",UC Riverside,2
1300,1368,112,"University of California, San Diego",UC San Diego,2
1293,1371,104,"University of California, Santa Barbara",UC Santa Barbara,2
2042,1378,9754,"University of Colorado, Colorado Springs",UC-Colo. Springs,3
1315,1373,128,University of Central Florida,UCF,2
1321,1377,137,University of Chicago,UChicago,4
1298,1367,110,"University of California, Los Angeles",UCLA,1
1340,1379,164,University of Connecticut,UConn,2
1452,1394,302,University of Illinois Chicago,UIC,2
1458,1397,309,University of Indianapolis,UIndy,3
2002,1505,2743,University of the Incarnate Word,UIW,2
1613,1403,498,University of Louisiana Monroe,ULM,2
1536,1415,401,"University of Massachusetts, Boston",UMass Boston,4
1752,1416,656,"University of Massachusetts, Dartmouth",UMass Dartmouth,4
1509,1417,368,"University of Massachusetts, Lowell",UMass Lowell,2
1526,1413,391,"University of Maryland, Baltimore County",UMBC,2
1528,1662,393,University of Maryland Eastern Shore,UMES,2
1583,1445,459,University of North Carolina Greensboro,UNC Greensboro,2
1649,1444,537,University of North Carolina at Pembroke,UNC Pembroke,3
1584,1446,460,University of North Carolina Wilmington,UNCW,2
1619,1355,504,University of Northern Iowa,UNI,2
2362,1348,,Union College (KY),Union,5
1804,1347,727,Union College (NY),Union (NY),4
2155,1350,30153,Union University,Union (TN),3
1589,1437,465,"University of Nevada, Las Vegas",UNLV,2
1805,1534,728,Upper Iowa University,Upper Iowa,3
1806,1536,730,Ursinus College,Ursinus,4
2150,1537,30140,Ursuline College,Ursuline,3
2047,1477,11276,University of South Carolina Aiken,USC Aiken,3
2374,1478,30259,University of South Carolina Beaufort,USC Beaufort (S.C.),3
2804,1480,,University of South Carolina Sumter,USC Sumter,6
2805,1481,,University of South Carolina Union,USC Union,6
2043,1482,10411,University of South Carolina Upstate,USC Upstate,2
1788,1498,702,University of Texas at Arlington,UT Arlington,2
1782,1495,695,University of Tennessee at Martin,UT Martin,2
2096,1502,30028,University of Texas at Tyler,UT Tyler,3
1808,1513,732,University of Utah,Utah,1
1807,1538,731,Utah State University,Utah St.,2
2806,1539,,Utah State University Eastern,Utah State Eastern,6
2133,1540,30095,Utah Tech University,Utah Tech,2
2095,1541,30024,Utah Valley University,Utah Valley,2
1790,1500,704,University of Texas at El Paso,UTEP,2
1809,1542,733,Utica University,Utica,4
1791,1501,706,University of Texas at San Antonio,UTSA,2
2168,1516,30181,University of Virginia's College at Wise,UVA Wise,3
1861,1528,801,University of Wisconsin - River Falls,UW-River Falls,4
1815,1554,745,Virginia Wesleyan University,Va. Wesleyan,4
1810,1543,734,Valdosta State University,Valdosta St.,3
2380,1544,,Valley City State University,Valley City State,5
2161,1514,30166,University of Valley Forge,Valley Forge,4
1811,1545,735,Valparaiso University,Valparaiso,2
2381,1546,,Vanguard University,Vanguard,5
2807,1547,,Ventura College,Ventura,8
2808,1549,,Vernon College,Vernon,6
2825,1550,739,Villanova University,Villanova,2
1816,1515,746,University of Virginia,Virginia,1
1813,1551,743,Virginia State University,Virginia St.,3
1812,1552,742,Virginia Tech University,Virginia Tech,1
1814,1553,744,Virginia Union University,Virginia Union,3
2382,1555,,Viterbo University,Viterbo,5
2809,1556,,Volunteer State Community College,Volunteer State,6
2383,1557,,Voorhees University,Voorhees University,5
1310,200,123,Castleton University,VTSU Castleton,4
2119,935,30065,Northern Vermont University Lyndon,VTSU Lyndon,4
1471,934,324,Northern Vermont University Johnson,VTSU-Johnson,4
2810,1558,,Wabash Valley College,Wabash Valley,6
1817,1559,748,Wagner College,Wagner,2
2811,1560,,Wake Tech Community College,Wake Tech,7
2384,1561,,Waldorf University,Waldorf,5
2812,1563,,Wallace State Community College,Wallace State,6
2813,1562,,Wallace Community College-Dothan,Wallace-Dothan,6
2151,1564,30141,Walsh University,Walsh,3
2814,1565,,Walters State Community College,Walters State,6
2386,1567,,Warner University,Warner (FL),5
2385,1566,,Warner Pacific University,Warner Pacific (OR),5
1819,1568,750,Wartburg College,Wartburg,4
1820,1570,751,Washington & Jefferson College,Wash. & Jeff.,4
2008,1569,2814,Washburn University,Washburn,3
1823,1518,756,University of Washington,Washington,1
2387,1571,,Washington Adventist University,Washington Adventist (MD),5
1821,1572,753,Washington College,Washington Col.,4
1822,1573,755,Washington University in St. Louis,WashU,4
2815,1574,,Waubonsee Community College,Waubonsee,7
1824,1575,757,Wayne State University,Wayne St. (MI),3
1977,1660,1433,Wayne State College,Wayne St. (NE),3
1978,1576,1434,Waynesburg University,Waynesburg,4
2816,1577,,Weatherford College,Weatherford,6
2388,1578,,Webber International University,Webber International (FL),5
1825,1579,758,Weber State University,Weber St.,2
1826,1580,759,Webster University,Webster,4
1827,1581,760,Wellesley College,Wellesley,4
1828,1582,761,Wells College,Wells,4
1829,1583,762,Wentworth Institute of Technology,Wentworth,4
1830,1585,764,Wesleyan University,Wesleyan (CT),4
2060,1584,14718,Wesleyan College,Wesleyan (GA),4
1500,1519,358,University of West Alabama,West Ala.,3
1831,1586,765,West Chester University,West Chester,3
2052,1520,11740,University of West Florida,West Florida,3
1832,1521,766,University of West Georgia,West Ga.,3
1979,1587,1438,West Liberty University,West Liberty,3
1833,1588,767,West Texas A&M University,West Tex. A&M,3
2039,1591,9630,West Virginia Wesleyan College,West Va. Wesleyan,3
2817,1589,,West Valley College,West Valley,8
1980,1590,1439,West Virginia State University,West Virginia St.,3
2390,1593,,Westcliff University,Westcliff,5
1835,1595,770,Western Connecticut State University,WestConn,4
1834,1594,769,Western Carolina University,Western Caro.,2
1836,1596,771,Western Illinois University,Western Ill.,2
1837,1597,772,Western Kentucky University,Western Ky.,2
1839,1598,774,Western Michigan University,Western Mich.,2
1981,1601,1445,Western New Mexico University,Western N.M.,3
2818,1599,,Western Nebraska Community College,Western Nebraska,6
2819,1602,,Western Oklahoma State College,Western Oklahoma State,6
1982,1603,1446,Western Oregon University,Western Ore.,3
2820,1604,,Western Texas College,Western Texas,6
1983,1605,1448,Western Washington University,Western Wash.,3
1841,1606,777,Westfield State University,Westfield St.,4
1984,1608,1450,Westminster College (MO),Westminster (MO),4
1985,1607,1451,Westminster College (PA),Westminster (PA),4
2410,1609,,Westmoreland County Community College,Westmoreland,8
1842,1610,778,Wheaton College (IL),Wheaton (IL),4
1843,1611,779,Wheaton College (MA),Wheaton (MA),4
2055,1612,12799,Wheeling University,Wheeling,3
1844,1613,781,Whittier College,Whittier,4
1986,1614,1454,Whitworth University,Whitworth,4
1845,1615,782,Wichita State University,Wichita St.,2
1846,1616,783,Widener University,Widener,4
1847,1617,784,Wilkes University,Wilkes,4
1848,1618,785,Willamette University,Willamette,4
2391,1619,,William Carey University,William Carey,5
2138,1621,30120,William Jewell College,William Jewell,3
2066,1623,17094,William Peace University,William Peace,4
2393,1624,,William Penn University,William Penn (Iowa),5
2394,1625,,William Woods University,William Woods,5
1850,1627,789,Williams College,Williams,4
2395,1626,,Williams Baptist University,Williams Baptist (AR),5
2821,1628,,Williston State College,Williston State,7
1987,1630,1460,Wilmington University (DE),Wilmington (DE),3
1988,1629,1461,Wilmington College (OH),Wilmington (OH),4
2057,1631,12973,Wilson College,Wilson,4
1989,1632,1462,Wingate University,Wingate,3
1851,1633,790,Winona State University,Winona St.,3
1852,1634,791,Winston-Salem State University,Winston-Salem,3
1853,1635,792,Winthrop University,Winthrop,2
2026,1636,8911,Wisconsin Lutheran College,Wis. Lutheran,4
1854,1523,793,University of Wisconsin - Eau Claire,Wis.-Eau Claire,4
1856,1532,795,University of Wisconsin - La Crosse,Wis.-La Crosse,4
1858,1522,798,University of Wisconsin - Oshkosh,Wis.-Oshkosh,4
1859,1526,799,University of Wisconsin - Parkside,Wis.-Parkside,3
1860,1527,800,University of Wisconsin - Platteville,Wis.-Platteville,4
1862,1533,802,University of Wisconsin - Stevens Point,Wis.-Stevens Point,4
1863,1529,803,University of Wisconsin - Stout,Wis.-Stout,4
1864,1530,804,University of Wisconsin - Superior,Wis.-Superior,4
1865,1531,805,University of Wisconsin - Whitewater,Wis.-Whitewater,4
1857,1525,796,University of Wisconsin - Madison,Wisconsin,1
1866,1637,806,Wittenberg University,Wittenberg,4
1849,1622,787,William Paterson University,Wm. Paterson,4
1867,294,807,College of Wooster,Wooster,4
1869,1639,809,Worcester State University,Worcester St.,4
1868,1638,808,Worcester Polytechnic Institute,WPI,4
2389,1592,,West Viriginia University Institute of Technology,WVU Tech (WV),5
2396,1641,,Xavier University of Louisiana,Xavier,5
2824,1665,813,Yale University,Yale,2
2822,1642,,Yavapai College,Yavapai,6
1870,1643,814,Yeshiva University,Yeshiva,4
2397,1646,,York University,York (NE),5
2000,1644,2730,York College,York (NY),4
1871,1645,815,York College of Pennsylvania,York (PA),4
2156,1647,30154,Young Harris College,Young Harris,3
1872,1648,817,Youngstown State University,Youngstown St.,2
2823,1649,,Yuba College,Yuba,8
1627,953,,Notre Dame de Namur University,,4
