UniversityID,Team,Conference
165,A&M-Corpus Christi,Southland
169,Abilene Christian,WAC
1621,Academy of Art,PacWest
2101,Adams St.,RMAC
2411,Adelphi,NE10
652,Adrian,Michigan Intercol. Ath. Assn.
394,Agnes Scott,CCS
170,Akron,MAC
173,Alabama,SEC
171,Alabama A&M,SWAC
2421,Alabama Huntsville,Gulf South
172,Alabama St.,SWAC
2431,Albany St. (GA),SIAC
376,Albertus Magnus,Great Northeast
662,Albion,Michigan Intercol. Ath. Assn.
672,Albright,MAC Commonwealth
176,Alcorn,SWAC
2111,Alderson Broaddus,MEC
682,Alfred,Empire 8
562,Alfred St.,AMCC
692,Allegheny,PAC
811,Alliance,CACC
713,Alma,Michigan Intercol. Ath. Assn.
324,Alvernia,MAC Commonwealth
2412,Alverno,NACC
2441,American Int'l,NE10
722,Amherst,NESCAC
325,Anderson (IN),HCAC
1351,Anderson (SC),SAC
2451,Angelo St.,Lone Star
732,Anna Maria,Great Northeast
177,App State,Sun Belt
328,Arcadia,MAC Freedom
179,Arizona,Pac-12
178,Arizona St.,Pac-12
1101,Ark.-Monticello,GAC
158,Ark.-Pine Bluff,SWAC
180,Arkansas,SEC
2121,Arkansas Tech,GAC
91,Army West Point,Patriot
404,Asbury,DIII Independent
2461,Ashland,G-MAC
2471,Assumption,NE10
181,Auburn,SEC
742,Augsburg,MIAC
2481,Augusta,Peach Belt
752,Augustana (IL),CCIW
2491,Augustana (SD),NSIC
1581,AUM,Gulf South
762,Aurora,NACC
326,Austin,SCAC
182,Austin Peay,ASUN
772,Averett,ODAC
2221,Azusa Pacific,PacWest
782,Babson,NEWMAC
792,Baldwin Wallace,OAC
183,Ball St.,MAC
2501,Barry,Sunshine State
1371,Barton,Conference Carolinas
822,Baruch,CUNYAC
802,Bates,NESCAC
185,Baylor,Big 12
592,Belhaven,CCS
301,Bellarmine,ASUN
164,Belmont,MVC
1021,Belmont Abbey,Conference Carolinas
813,Beloit,MWC
2511,Bemidji St.,NSIC
2521,Benedict,SIAC
1582,Benedictine (IL),NACC
2531,Bentley,NE10
572,Berea,CCS
329,Berry,SAA
832,Bethany (WV),PAC
3311,Bethany Lutheran,UMAC
842,Bethel (MN),MIAC
186,Bethune-Cookman,SWAC
187,Binghamton,America East
2391,Biola,PacWest
2312,Birmingham-So.,SAA
1681,Black Hills St.,RMAC
852,Blackburn,SLIAC
2131,Bloomfield,CACC
2541,Bloomsburg,PSAC
2141,Bluefield St.,DII Independent
330,Bluffton,HCAC
188,Boise St.,Mountain West
189,Boston College,ACC
190,Boston U.,Patriot
862,Bowdoin,NESCAC
2551,Bowie St.,CIAA
191,Bowling Green,MAC
192,Bradley,MVC
872,Brandeis,UAA
632,Brevard,USA South
2561,Bridgeport,CACC
882,Bridgewater (VA),ODAC
892,Bridgewater St.,MASCAC
913,Brooklyn,CUNYAC
194,Brown,Ivy League
195,Bryant,America East
196,Bucknell,Patriot
922,Buena Vista,American Rivers
197,Buffalo,MAC
932,Buffalo St.,SUNYAC
198,Butler,Big East
193,BYU,WCC
942,Cabrini,Atlantic East
358,Cairn,CSAC
952,Cal Lutheran,SCIAC
199,Cal Poly,Big West
1210,Cal Poly Humboldt,CCAA
2571,Cal St. Dom. Hills,CCAA
2601,Cal St. East Bay,CCAA
202,Cal St. Fullerton,Big West
1511,Cal St. Monterey Bay,CCAA
2581,Cal St. San B'dino,CCAA
2361,Cal St. San Marcos,CCAA
2151,Caldwell,CACC
106,California,Pac-12
2621,California (PA),PSAC
208,California Baptist,WAC
962,Calvin,Michigan Intercol. Ath. Assn.
2161,Cameron,Lone Star
108,Campbell,Big South
109,Canisius,MAAC
972,Capital,OAC
982,Carleton,MIAC
622,Carnegie Mellon,UAA
992,Carroll (WI),CCIW
2171,Carson-Newman,SAC
1002,Carthage,CCIW
1022,Castleton,Little East
411,Catawba,SAC
1032,Catholic,Landmark
1712,Cazenovia,North Atlantic
401,Cedar Crest,CSAC
1631,Cedarville,G-MAC
1042,Centenary (LA),SCAC
398,Centenary (NJ),Atlantic East
1052,Central (IA),American Rivers
150,Central Ark.,ASUN
110,Central Conn. St.,NEC
112,Central Mich.,MAC
2631,Central Mo.,Mid-America Intercollegiate
421,Central Okla.,Mid-America Intercollegiate
431,Central Wash.,Great Northwest
1062,Centre,SAA
441,Chadron St.,RMAC
2641,Chaminade,PacWest
1072,Chapman,SCIAC
451,Charleston (WV),MEC
184,Charleston So.,Big South
286,Charlotte,C-USA
392,Chatham,PAC
77,Chattanooga,SoCon
1401,Chestnut Hill,CACC
2591,Chico St.,CCAA
1141,Chowan,Conference Carolinas
1092,Chris. Newport,C2C
461,Christian Brothers,Gulf South
1521,Claflin,CIAA
1102,Claremont-M-S,SCIAC
2651,Clarion,PSAC
1113,Clark (MA),NEWMAC
2661,Clark Atlanta,SIAC
327,Clarks Summit,CSAC
1122,Clarkson,Liberty League
207,Clemson,ACC
113,Cleveland St.,Horizon
2022,CMSV,Skyline
2831,Coast Guard,NEWMAC
114,Coastal Carolina,Sun Belt
462,Cobleskill St.,North Atlantic
1132,Coe,American Rivers
471,Coker,SAC
151,Col. of Charleston,CAA
1142,Colby,NESCAC
115,Colgate,Patriot
1291,Colo. Christian,RMAC
2671,Colo. Sch. of Mines,RMAC
1301,Colorado Mesa,RMAC
116,Colorado St.,Mountain West
117,Columbia,Ivy League
2681,Columbus St.,Peach Belt
481,Concord,MEC
2012,Concordia (TX),ASC
1152,Concordia Chicago,NACC
331,Concordia Wisconsin,NACC
1162,Concordia-M'head,MIAC
1221,Concordia-St. Paul,NSIC
1151,Converse,Conference Carolinas
119,Coppin St.,MEAC
120,Cornell,Ivy League
1172,Cornell College,MWC
1182,Cortland,SUNYAC
492,Covenant,CCS
121,Creighton,Big East
3011,Crown (MN),UMAC
200,CSU Bakersfield,Big West
1051,CSU Pueblo,RMAC
204,CSUN,Big West
2371,CUI,PacWest
1192,Curry,CCC
1013,CWRU,UAA
332,Dallas,SCAC
122,Dartmouth,Ivy League
2401,Davenport,GLIAC
2691,Davis & Elkins,MEC
123,Dayton,Atlantic 10
613,Dean,Great Northeast
333,Defiance,HCAC
126,Delaware,CAA
125,Delaware St.,MEAC
1213,Delaware Valley,MAC Freedom
2701,Delta St.,Gulf South
1222,Denison,NCAC
124,DePaul,Big East
1202,DePauw,NCAC
702,DeSales,MAC Freedom
127,Detroit Mercy,Horizon
1232,Dickinson,Centennial
1591,Dominican (CA),PacWest
360,Dominican (IL),NACC
1161,Dominican (NY),CACC
128,Drake,MVC
1242,Drew,Landmark
129,Drexel,CAA
491,Drury,GLVC
1252,Dubuque,American Rivers
143,Duke,ACC
691,D'Youville,ECC
130,East Carolina,AAC
1171,East Central,GAC
2711,East Stroudsburg,PSAC
334,East Tex. Baptist,ASC
1272,East. Mennonite,ODAC
388,Eastern,MAC Commonwealth
1262,Eastern Conn. St.,Little East
132,Eastern Ill.,OVC
133,Eastern Ky.,ASUN
2731,Eastern N.M.,Lone Star
335,Eastern Nazarene,NECC
2741,Eckerd,Sunshine State
336,Edgewood,NACC
2751,Edinboro,PSAC
2100,Elizabeth City St.,CIAA
1282,Elizabethtown,Landmark
1292,Elmhurst,CCIW
1302,Elmira,Empire 8
2262,Elms,Great Northeast
152,Elon,CAA
1251,Embry-Riddle (FL),Sunshine State
1313,Emerson,NEWMAC
2351,Emmanuel (GA),Conference Carolinas
1322,Emmanuel (MA),Great Northeast
1332,Emory,UAA
701,Emory & Henry,SAC
501,Emporia St.,Mid-America Intercollegiate
389,Endicott,CCC
511,Erskine,Conference Carolinas
131,ETSU,SoCon
1342,Eureka,SLIAC
134,Evansville,MVC
135,Fairfield,MAAC
521,Fairmont St.,MEC
2212,Farmingdale St.,Skyline
3100,Fayetteville St.,CIAA
136,FDU,NEC
1352,FDU-Florham,MAC Freedom
1411,Felician,CACC
410,Ferris St.,GLIAC
1362,Ferrum,ODAC
167,FGCU,ASUN
531,Findlay,G-MAC
2811,Finlandia,C2C
1372,Fitchburg St.,MASCAC
139,FIU,C-USA
138,Fla. Atlantic,C-USA
610,Fla. Southern,Sunshine State
1571,Flagler,Peach Belt
210,Florida,SEC
137,Florida A&M,SWAC
140,Florida St.,ACC
510,Florida Tech,Sunshine State
395,Fontbonne,SLIAC
211,Fordham,Atlantic 10
1191,Fort Hays St.,Mid-America Intercollegiate
541,Fort Lewis,RMAC
710,Fort Valley St.,SIAC
1382,Framingham St.,MASCAC
551,Francis Marion,Conference Carolinas
432,Franciscan,PAC
371,Franklin,HCAC
1392,Franklin & Marshall,Centennial
810,Franklin Pierce,NE10
1402,Fredonia,SUNYAC
201,Fresno St.,Mountain West
661,Frostburg St.,MEC
212,Furman,SoCon
216,Ga. Southern,Sun Belt
571,Ga. Southwestern,Peach Belt
1413,Gallaudet,United East
910,Gannon,PSAC
153,Gardner-Webb,Big South
472,Geneva,PAC
337,George Fox,NWC
213,George Mason,Atlantic 10
214,George Washington,Atlantic 10
215,Georgetown,Big East
219,Georgia,SEC
561,Georgia College,Peach Belt
217,Georgia St.,Sun Belt
218,Georgia Tech,ACC
1181,Georgian Court,CACC
1432,Gettysburg,Centennial
581,Glenville St.,MEC
1091,Goldey-Beacom,CACC
338,Gordon,CCC
220,Grambling,SWAC
154,Grand Canyon,WAC
1010,Grand Valley St.,GLIAC
146,Green Bay,Horizon
1452,Greensboro,USA South
339,Greenville,SLIAC
1462,Grinnell,MWC
1472,Grove City,PAC
340,Guilford,ODAC
1482,Gust. Adolphus,MIAC
397,Gwynedd Mercy,Atlantic East
1492,Hamilton,NESCAC
1502,Hamline,MIAC
221,Hampton,CAA
341,Hanover,HCAC
591,Harding,GAC
1513,Hardin-Simmons,ASC
222,Hartford,DI Independent
223,Harvard,Ivy League
1522,Haverford,Centennial
224,Hawaii,Big West
1041,Hawaii Hilo,PacWest
1031,Hawaii Pacific,PacWest
1532,Heidelberg,OAC
601,Henderson St.,GAC
342,Hendrix,SAA
377,Hilbert,AMCC
1110,Hillsdale,G-MAC
1552,Hiram,NCAC
225,Hofstra,CAA
226,Holy Cross,Patriot
611,Holy Family,CACC
2271,Holy Names,PacWest
378,Hood,MAC Commonwealth
1562,Hope,Michigan Intercol. Ath. Assn.
513,Houghton,Empire 8
228,Houston,AAC
227,Houston Christian,Southland
229,Howard,MEAC
373,Howard Payne,ASC
1572,Hunter,CUNYAC
343,Huntingdon,CCS
344,Husson,North Atlantic
230,Idaho St.,Big Sky
1471,Ill. Springfield,GLVC
1602,Ill. Wesleyan,CCIW
232,Illinois,Big Ten
1592,Illinois Col.,MWC
231,Illinois St.,MVC
1613,Immaculata,Atlantic East
235,Indiana,Big Ten
1310,Indiana (PA),PSAC
234,Indiana St.,MVC
237,Iona,MAAC
239,Iowa,Big Ten
238,Iowa St.,Big 12
1622,Ithaca,Liberty League
159,IUPUI,Horizon
240,Jackson St.,SWAC
242,Jacksonville,ASUN
241,Jacksonville St.,ASUN
243,James Madison,Sun Belt
1771,Jefferson,CACC
1642,John Carroll,OAC
1652,John Jay,CUNYAC
1510,Johnson C. Smith,CIAA
1672,Juniata,Landmark
1212,JWU (Providence),Great Northeast
1682,Kalamazoo,Michigan Intercol. Ath. Assn.
244,Kansas,Big 12
160,Kansas City,Summit League
1692,Kean,NJAC
1702,Keene St.,Little East
155,Kennesaw St.,ASUN
245,Kent St.,MAC
246,Kentucky,SEC
1610,Kentucky St.,SIAC
1713,Kenyon,NCAC
345,Keuka,Empire 8
3911,Keystone,CSAC
1481,King (TN),Conference Carolinas
1722,King's (PA),MAC Freedom
1732,Knox,MWC
1810,Kutztown,PSAC
1710,Ky. Wesleyan,G-MAC
347,La Roche,AMCC
1742,La Verne,SCIAC
247,Lafayette,Patriot
346,LaGrange,CCS
1061,Lake Erie,G-MAC
1752,Lake Forest,MWC
348,Lakeland,NACC
248,Lamar University,Southland
482,Lancaster Bible,United East
631,Lander,Peach Belt
1910,Lane,SIAC
379,Lasell,Great Northeast
1762,Lawrence,MWC
2010,Le Moyne,NE10
1772,Lebanon Valley,MAC Commonwealth
1451,Lee,Gulf South
1361,Lees-McRae,Conference Carolinas
249,Lehigh,Patriot
1542,Lehman,CUNYAC
2110,LeMoyne-Owen,SIAC
641,Lenoir-Rhyne,SAC
1912,Lesley,NECC
380,LeTourneau,ASC
2210,Lewis,GLVC
1112,Lewis & Clark,NWC
250,Liberty,ASUN
651,Limestone,SAC
2310,Lincoln (MO),Mid-America Intercollegiate
2410,Lincoln (PA),CIAA
721,Lincoln Memorial,SAC
304,Lindenwood,OVC
349,Linfield,NWC
166,Lipscomb,ASUN
251,LIU,NEC
2610,Livingstone,CIAA
257,LMU (CA),WCC
2710,Lock Haven,PSAC
203,Long Beach St.,Big West
252,Longwood,Big South
1782,Loras,American Rivers
69,Louisiana,Sun Belt
254,Louisiana Tech,C-USA
255,Louisville,ACC
258,Loyola Chicago,Atlantic 10
253,LSU,SEC
2281,Lubbock Christian,Lone Star
1792,Luther,American Rivers
1802,Lycoming,MAC Freedom
1813,Lynchburg,ODAC
1391,Lynn,Sunshine State
1822,Macalester,MIAC
259,Maine,America East
1691,Malone,G-MAC
350,Manchester,HCAC
260,Manhattan,MAAC
1842,Manhattanville,Skyline
2910,Mansfield,PSAC
403,Maranatha Baptist,DIII Independent
351,Marian (WI),NACC
1852,Marietta,OAC
261,Marist,MAAC
731,Mars Hill,SAC
262,Marshall,Sun Belt
382,Martin Luther,UMAC
1541,Mary,NSIC
1862,Mary Baldwin,USA South
352,Mary Hardin-Baylor,ASC
1872,Mary Washington,C2C
264,Maryland,Big Ten
405,Marymount (VA),Atlantic East
3010,Maryville (MO),GLVC
1882,Maryville (TN),CCS
1892,Marywood,Atlantic East
1913,Mass. Maritime,MASCAC
266,Massachusetts,Atlantic 10
2981,McDaniel,Centennial
2191,McKendree,GLVC
2122,MCLA,MASCAC
602,McMurry,ASC
267,McNeese,Southland
1832,Me.-Farmington,North Atlantic
3511,Me.-Presque Isle,North Atlantic
1812,Medaille,Empire 8
268,Memphis,AAC
269,Mercer,SoCon
3110,Mercy,ECC
3210,Mercyhurst,PSAC
1932,Meredith,USA South
144,Merrimack,NEC
1942,Messiah,MAC Commonwealth
1952,Methodist,USA South
270,Miami (OH),MAC
272,Michigan,Big Ten
271,Michigan St.,Big Ten
273,Middle Tenn.,C-USA
1962,Middlebury,NESCAC
741,Midwestern St.,Lone Star
3410,Miles,SIAC
3510,Millersville,PSAC
1972,Millikin,CCIW
1982,Millsaps,SAA
3610,Minn. Duluth,NSIC
1431,Minn.-Crookston,NSIC
353,Minn.-Morris,UMAC
274,Minnesota,Big Ten
2810,Minnesota St.,NSIC
1641,Minot St.,NSIC
512,Misericordia,MAC Freedom
3710,Mississippi Col.,Gulf South
275,Mississippi St.,SEC
276,Mississippi Val.,SWAC
278,Missouri,SEC
3810,Missouri S&T,GLVC
67,Missouri St.,MVC
1211,Missouri Western,Mid-America Intercollegiate
1902,MIT,NEWMAC
3711,Mitchell,NECC
1201,Mo. Southern St.,Mid-America Intercollegiate
3910,Mo.-St. Louis,GLVC
406,Molloy,ECC
279,Monmouth,CAA
1992,Monmouth (IL),MWC
2721,Mont. St. Billings,Great Northwest
280,Montana,Big Sky
2002,Montclair St.,NJAC
751,Montevallo,Gulf South
2013,Moravian,Landmark
281,Morehead St.,OVC
282,Morgan St.,MEAC
3111,Mount Aloysius,AMCC
2911,Mount Mary,C2C
771,Mount Olive,Conference Carolinas
283,Mount St. Mary's,MAAC
2032,Mount Union,OAC
812,MSOE,NACC
3310,MSU Denver,RMAC
761,MSU Moorhead,NSIC
381,Mt. St. Joseph,HCAC
370,Mt. St. Mary (NY),Skyline
2042,Muhlenberg,Centennial
284,Murray St.,MVC
2052,Muskingum,OAC
3101,MUW,DIII Independent
298,N.C. A&T,CAA
3,N.C. Central,MEAC
2132,N.C. Wesleyan,USA South
1111,N.M. Highlands,RMAC
2062,Nazareth,Empire 8
4,NC State,ACC
2072,Neb. Wesleyan,American Rivers
621,Neb.-Kearney,Mid-America Intercollegiate
289,Nebraska,Big Ten
354,Neumann,Atlantic East
292,Nevada,Mountain West
2082,New England Col.,NECC
1711,New Haven,NE10
1632,New Jersey City,NJAC
294,New Mexico,Mountain West
293,New Mexico St.,WAC
781,Newberry,SAC
1501,Newman,Mid-America Intercollegiate
295,Niagara,MAAC
296,Nicholls,Southland
2113,Nichols,CCC
10,NIU,MAC
297,Norfolk St.,MEAC
209,North Ala.,ASUN
285,North Carolina,ACC
2142,North Central (IL),CCIW
3411,North Central (MN),UMAC
6,North Dakota,Summit League
5,North Dakota St.,Summit League
161,North Florida,ASUN
1491,North Georgia,Peach Belt
1231,North Greenville,Conference Carolinas
2152,North Park,CCIW
7,North Texas,C-USA
1331,Northeastern St.,Mid-America Intercollegiate
9,Northern Colo.,Big Sky
12,Northern Ky.,Horizon
791,Northern St.,NSIC
356,Northland,UMAC
1731,Northwest Mo. St.,Mid-America Intercollegiate
801,Northwest Nazarene,Great Northwest
14,Northwestern,Big Ten
2291,Northwestern Okla.,GAC
13,Northwestern St.,Southland
2712,Northwestern-St. Paul,UMAC
1741,Northwood,G-MAC
2162,Norwich,Great Northeast
15,Notre Dame,ACC
383,Notre Dame (MD),CSAC
1651,Notre Dame (OH),MEC
1421,Nova Southeastern,Sunshine State
1662,NVU-Johnson,North Atlantic
413,NVU-Lyndon,North Atlantic
2103,NYU,UAA
16,Oakland,Horizon
2172,Oberlin,NCAC
2182,Occidental,SCIAC
18,Ohio,MAC
1601,Ohio Dominican,G-MAC
2192,Ohio Northern,OAC
17,Ohio St.,Big Ten
2202,Ohio Wesleyan,NCAC
2381,Okla. Baptist,GAC
2301,Okla. Christian,Lone Star
20,Oklahoma,Big 12
19,Oklahoma St.,Big 12
2213,Old Westbury,Skyline
277,Ole Miss,SEC
2222,Olivet,Michigan Intercol. Ath. Assn.
290,Omaha,Summit League
22,Oregon,Pac-12
21,Oregon St.,Pac-12
2242,Oswego St.,SUNYAC
2252,Otterbein,OAC
821,Ouachita Baptist,GAC
1312,Ozarks (AR),ASC
1751,Pace,NE10
23,Pacific,WCC
374,Pacific (OR),NWC
357,Pacific Lutheran,NWC
1461,Palm Beach Atl.,Sunshine State
25,Penn,Ivy League
582,Penn College,United East
24,Penn St.,Big Ten
452,Penn St. Harrisburg,United East
502,Penn St.-Abington,United East
2112,Penn St.-Altoona,AMCC
2272,Penn St.-Behrend,AMCC
3811,Penn St.-Berks,United East
642,Pfeiffer,USA South
912,Piedmont,CCS
359,Pitt.-Bradford,AMCC
396,Pitt.-Greensburg,AMCC
1781,Pitt.-Johnstown,PSAC
831,Pittsburg St.,Mid-America Intercollegiate
26,Pittsburgh,ACC
2282,Plattsburgh St.,SUNYAC
2292,Plymouth St.,Little East
2302,Pomona-Pitzer,SCIAC
27,Portland St.,Big Sky
841,Post,CACC
28,Prairie View,SWAC
156,Presbyterian,Big South
29,Princeton,Ivy League
2322,Principia,SLIAC
30,Providence,Big East
2332,Puget Sound,NWC
2612,Purchase,Skyline
31,Purdue,Big Ten
236,Purdue Fort Wayne,Horizon
2181,Purdue Northwest,GLIAC
303,Queens (NC),ASUN
1791,Queens (NY),ECC
1801,Quincy,GLVC
32,Quinnipiac,MAAC
33,Radford,Big South
2342,Ramapo,NJAC
2362,Randolph,ODAC
2352,Randolph-Macon,ODAC
2372,Redlands,SCIAC
1811,Regis (CO),RMAC
2382,Regis (MA),Great Northeast
2392,Rensselaer,Liberty League
34,Rhode Island,Atlantic 10
2402,Rhode Island Col.,Little East
2413,Rhodes,SAA
35,Rider,MAAC
2422,Ripon,MWC
2442,RIT,Liberty League
712,Rivier,Great Northeast
2432,Roanoke,ODAC
36,Robert Morris,Horizon
2452,Rochester (NY),Liberty League
2462,Rockford,NACC
851,Rockhurst,GLVC
2472,Roger Williams,CCC
2311,Rogers St.,Mid-America Intercollegiate
1821,Rollins,Sunshine State
2482,Rose-Hulman,HCAC
412,Rosemont,CSAC
1442,Rowan,NJAC
393,Russell Sage,Empire 8
37,Rutgers,Big Ten
2492,Rutgers-Camden,NJAC
2502,Rutgers-Newark,NJAC
205,Sacramento St.,Big Sky
38,Sacred Heart,NEC
1831,Saginaw Valley,GLIAC
1851,Saint Augustine's,CIAA
2513,Saint Benedict,MIAC
391,Saint Elizabeth,CSAC
40,Saint Francis (PA),NEC
384,Saint Joseph (CT),Great Northeast
42,Saint Joseph's,Atlantic 10
1871,Saint Leo,Sunshine State
43,Saint Louis,Atlantic 10
871,Saint Martin's,Great Northwest
44,Saint Mary's (CA),WCC
2562,Saint Mary's (MN),MIAC
1881,Saint Michael's,NE10
45,Saint Peter's,MAAC
891,Saint Rose,NE10
407,Saint Vincent,PAC
3611,Salem (NC),USA South
1381,Salem (WV),DII Independent
2602,Salem St.,MASCAC
2613,Salisbury,C2C
2622,Salve Regina,CCC
46,Sam Houston,WAC
47,Samford,SoCon
49,San Diego,WCC
48,San Diego St.,Mountain West
1891,San Fran. St.,CCAA
50,San Jose St.,Mountain West
51,Santa Clara,WCC
522,Sarah Lawrence,Skyline
711,Savannah St.,SIAC
362,Schreiner,SCAC
2632,Scranton,Landmark
157,Seattle U,WAC
52,Seton Hall,Big East
1531,Seton Hill,PSAC
2692,Sewanee,SAA
71,SFA,WAC
1901,Shaw,CIAA
2642,Shenandoah,ODAC
1271,Shepherd,PSAC
1911,Shippensburg,PSAC
2231,Shorter,Gulf South
53,Siena,MAAC
2652,Simmons,Great Northeast
1661,Simon Fraser,Great Northwest
2662,Simpson,American Rivers
1671,Sioux Falls,NSIC
63,SIUE,OVC
2672,Skidmore,Liberty League
1921,Slippery Rock,PSAC
2682,Smith,NEWMAC
1931,Sonoma St.,CCAA
54,South Alabama,Sun Belt
56,South Carolina,SEC
55,South Carolina St.,MEAC
58,South Dakota,Summit League
57,South Dakota St.,Summit League
59,South Fla.,AAC
60,Southeast Mo. St.,OVC
61,Southeastern La.,Southland
911,Southeastern Okla.,GAC
921,Southern Ark.,GAC
1941,Southern Conn. St.,NE10
62,Southern Ill.,MVC
305,Southern Ind.,OVC
2713,Southern Me.,Little East
64,Southern Miss.,Sun Belt
1701,Southern N.H.,NE10
2241,Southern Nazarene,GAC
65,Southern U.,SWAC
66,Southern Utah,WAC
532,Southern Va.,USA South
2341,Southern Wesleyan,Conference Carolinas
1071,Southwest Baptist,GLVC
1121,Southwest Minn. St.,NSIC
386,Southwestern (TX),SCAC
1131,Southwestern Okla.,GAC
1512,Spalding,SLIAC
2331,Spring Hill,SIAC
2722,Springfield,NEWMAC
1841,St. Anselm,NE10
39,St. Bonaventure,Atlantic 10
2522,St. Catherine,MIAC
1861,St. Cloud St.,NSIC
861,St. Edward's,Lone Star
2532,St. John Fisher,Empire 8
41,St. John's (NY),Big East
442,St. Joseph's (Brkln),Skyline
361,St. Joseph's (L.I.),Skyline
2542,St. Joseph's (ME),Great Northeast
2552,St. Lawrence,Liberty League
385,St. Mary's (IN),Michigan Intercol. Ath. Assn.
881,St. Mary's (TX),Lone Star
2572,St. Norbert,NACC
2582,St. Olaf,MIAC
2592,St. Scholastica,MIAC
2,St. Thomas (MN),Summit League
422,St. Thomas (TX),SCAC
901,St. Thomas Aquinas,ECC
70,Stanford,Pac-12
2611,Stanislaus St.,CCAA
671,Staten Island,ECC
72,Stetson,ASUN
2732,Stevens,MAC Freedom
1012,Stevenson,MAC Commonwealth
2742,Stockton,NJAC
306,Stonehill,NEC
73,Stony Brook,CAA
2752,Suffolk,CCC
363,Sul Ross St.,ASC
902,SUNY Brockport,SUNYAC
542,SUNY Canton,North Atlantic
402,SUNY Delhi,North Atlantic
1422,SUNY Geneseo,SUNYAC
2092,SUNY New Paltz,SUNYAC
2232,SUNY Oneonta,SUNYAC
390,SUNY Poly,North Atlantic
2313,SUNY Potsdam,SUNYAC
2761,Susquehanna,Landmark
2771,Swarthmore,Centennial
2102,Sweet Briar,DIII Independent
74,Syracuse,ACC
1951,Tampa,Sunshine State
299,Tarleton St.,WAC
2791,TCNJ,NJAC
78,Tennessee,SEC
75,Tennessee St.,OVC
76,Tennessee Tech,OVC
1561,Tex. A&M Int'l,Lone Star
307,Tex. A&M-Commerce,Southland
1961,Tex. A&M-Kingsville,Lone Star
1551,Tex. Permian Basin,Lone Star
84,Texas,Big 12
80,Texas A&M,SEC
364,Texas Lutheran,SCAC
81,Texas Southern,SWAC
68,Texas St.,Sun Belt
82,Texas Tech,Big 12
1971,Texas Woman's,Lone Star
1412,Texas-Dallas,ASC
2781,Thiel,PAC
375,Thomas (ME),North Atlantic
931,Tiffin,G-MAC
87,Toledo,MAC
88,Towson,CAA
2512,Transylvania,HCAC
1441,Trevecca Nazarene,G-MAC
3211,Trine,Michigan Intercol. Ath. Assn.
2801,Trinity (CT),NESCAC
2812,Trinity (TX),SCAC
1612,Trinity Washington,DIII Independent
89,Troy,Sun Belt
1721,Truman St.,GLVC
2821,Tufts,NESCAC
90,Tulsa,AAC
1341,Tusculum,SAC
1981,Tuskegee,SIAC
355,U New England,CCC
174,UAB,C-USA
175,UAlbany,America East
141,UC Davis,Big West
107,UC Riverside,Big West
302,UC San Diego,Big West
206,UC Santa Barbara,Big West
1261,UC-Colo. Springs,RMAC
111,UCF,AAC
1082,UChicago,DIII Independent
142,UCLA,Pac-12
118,UConn,Big East
233,UIC,MVC
1410,UIndy,GLVC
162,UIW,Southland
8,ULM,Sun Belt
1922,UMass Boston,Little East
2702,UMass Dartmouth,Little East
256,UMass Lowell,America East
263,UMBC,America East
265,UMES,MEAC
287,UNC Greensboro,SoCon
1761,UNC Pembroke,Conference Carolinas
288,UNCW,CAA
11,UNI,MVC
2841,Union (NY),Liberty League
2251,Union (TN),Gulf South
291,UNLV,Mountain West
1991,Upper Iowa,NSIC
2851,Ursinus,Centennial
2201,Ursuline,G-MAC
1281,USC Aiken,Peach Belt
163,USC Upstate,Big South
83,UT Arlington,WAC
79,UT Martin,OVC
681,UT Tyler,Lone Star
93,Utah,Pac-12
92,Utah St.,Mountain West
300,Utah Tech,WAC
168,Utah Valley,WAC
85,UTEP,C-USA
2861,Utica,Empire 8
86,UTSA,C-USA
2321,UVA Wise,SAC
313,UW-River Falls,WIAC
2871,Va. Wesleyan,ODAC
2001,Valdosta St.,Gulf South
552,Valley Forge,CSAC
94,Valparaiso,MVC
95,Villanova,Big East
97,Virginia,ACC
2011,Virginia St.,CIAA
96,Virginia Tech,ACC
2021,Virginia Union,CIAA
98,Wagner,NEC
2211,Walsh,G-MAC
2881,Wartburg,American Rivers
2891,Wash. & Jeff.,PAC
1081,Washburn,Mid-America Intercollegiate
99,Washington,Pac-12
2901,Washington Col.,Centennial
2912,WashU,UAA
2031,Wayne St. (MI),GLIAC
941,Wayne St. (NE),NSIC
365,Waynesburg,PAC
100,Weber St.,Big Sky
2921,Webster,SLIAC
2931,Wellesley,NEWMAC
2941,Wells,United East
2951,Wentworth,CCC
2961,Wesleyan (CT),NESCAC
400,Wesleyan (GA),CCS
2510,West Ala.,Gulf South
2041,West Chester,PSAC
1311,West Florida,Gulf South
2051,West Ga.,Gulf South
951,West Liberty,MEC
2061,West Tex. A&M,Lone Star
1241,West Va. Wesleyan,MEC
961,West Virginia St.,MEC
2971,WestConn,Little East
101,Western Caro.,SoCon
102,Western Ill.,Summit League
103,Western Ky.,C-USA
104,Western Mich.,MAC
971,Western N.M.,Lone Star
2991,Western New Eng.,CCC
981,Western Ore.,Great Northwest
991,Western Wash.,Great Northwest
3001,Westfield St.,MASCAC
366,Westminster (MO),SLIAC
367,Westminster (PA),PAC
3012,Wheaton (IL),CCIW
3021,Wheaton (MA),NEWMAC
1321,Wheeling,MEC
3031,Whittier,SCIAC
368,Whitworth,NWC
105,Wichita St.,AAC
3041,Widener,MAC Commonwealth
3051,Wilkes,MAC Freedom
3061,Willamette,NWC
1611,William Jewell,GLVC
612,William Peace,USA South
308,Williams,NESCAC
1001,Wilmington (DE),CACC
369,Wilmington (OH),OAC
399,Wilson,CSAC
1011,Wingate,SAC
2071,Winona St.,NSIC
2081,Winston-Salem,CIAA
145,Winthrop,Big South
387,Wis. Lutheran,NACC
309,Wis.-Eau Claire,WIAC
310,Wis.-La Crosse,WIAC
311,Wis.-Oshkosh,WIAC
2091,Wis.-Parkside,GLIAC
312,Wis.-Platteville,WIAC
314,Wis.-Stevens Point,WIAC
315,Wis.-Stout,WIAC
316,Wis.-Superior,UMAC
317,Wis.-Whitewater,WIAC
147,Wisconsin,Big Ten
318,Wittenberg,NCAC
3071,Wm. Paterson,NJAC
319,Wooster,NCAC
321,Worcester St.,MASCAC
320,WPI,NEWMAC
148,Yale,Ivy League
322,Yeshiva,Skyline
372,York (NY),CUNYAC
323,York (PA),MAC Commonwealth
2261,Young Harris,Peach Belt
149,Youngstown St.,Horizon
,Edward Waters,SIAC
,CSUSB,CCAA
,Georgia Highlands,NJCAA
,Allen,SIAC
,Jones,NJCAA
,Florida SouthWestern State,NJCAA
,Odessa,NJCAA
,Florence-Darlington Tech,NJCAA
