id,ranking,university,Name,position,year,fielding_independent_pitching,wins,losses,earned_run_average,innings_pitched,strikeouts,walks,runs,earned_runs,walks_and_hits_per_inning_pitched,singles_allowed,doubles_allowed,triples_allowed,homeruns_allowed,division,signed_university,created_at
1,1,Oklahoma,Jordy Bahl,Pitcher,Sophomore,1.048,22,1,1.09,147.1,192,37,20,19,0.870,68,7,0,6,1,Nebraska,2023-08-02 18:54:43
2,2,Central Ark.,Kayla Beaver,Pitcher,Junior,1.601,25,7,1.15,201.7,194,41,40,33,0.947,121,13,2,5,1,Alabama,2023-08-02 18:54:43
3,3,Oklahoma St.,Kelly Maxwell,Pitcher,Senior,1.759,16,7,1.81,139.0,224,68,41,36,1.094,51,12,1,11,1,Oklahoma,2023-08-02 18:54:43
4,4,Stanford,Alana Vawter,Pitcher,Senior,1.980,21,8,1.81,190.0,155,30,57,49,1.126,146,13,5,11,1,South Carolina,2023-08-02 18:54:43
5,5,Maryland,Trinity Schlotterbeck,Pitcher,Senior,2.034,15,7,2.17,122.7,92,20,45,38,1.117,79,27,0,4,1,FAU,2023-08-02 18:54:43
6,6,Princeton,Alexis Laudenslager,Pitcher,Senior,2.106,17,9,2.13,134.7,171,56,47,41,1.233,77,15,3,7,1,Notre Dame,2023-08-02 18:54:43
7,7,UC San Diego,Jada Cecil,Pitcher,Sophomore,2.124,11,9,2.01,139.0,156,42,47,40,1.115,71,18,4,7,1,UCLA,2023-08-02 18:54:43
8,8,Michigan St.,Ashley Miller,Pitcher,Junior,2.215,6,12,4.22,114.3,129,49,85,69,1.644,98,30,2,6,1,Northwestern,2023-08-02 18:54:43
9,9,Southern Miss.,Morgan Leinstock,Pitcher,Senior,2.440,13,15,2.56,183.0,185,70,86,67,1.328,129,19,4,9,1,Arkansas,2023-08-02 18:54:43
10,10,Coastal Carolina,Mady Volpe,Pitcher,Sophomore,2.688,9,1,2.54,93.7,89,39,45,34,1.356,58,14,3,4,1,Penn St.,2023-08-02 18:54:43
11,11,Washington,Kelley Lynch,Pitcher,Senior,2.709,9,3,2.43,77.7,101,40,30,27,1.249,36,6,1,7,1,LSU,2023-08-02 18:54:43
12,12,Winthrop,Sydney Boulware,Pitcher,Sophomore,2.772,10,7,2.77,119.0,125,30,54,47,1.345,83,23,2,12,1,Georgia St.,2023-08-02 18:54:43
13,13,Bucknell,Olivia Marinelli,Pitcher,Senior,2.871,3,7,3.14,58.0,66,24,32,26,1.431,37,12,1,5,1,,2023-08-02 18:54:43
14,14,Iowa,Denali Loecker,Pitcher,Junior,2.897,2,2,2.83,69.3,48,27,38,28,1.529,52,20,1,3,1,Louisiana,2023-08-02 18:54:43
15,15,Hawaii,Brianna Lopez,Pitcher,Sophomore,2.994,15,12,2.45,160.3,133,69,78,56,1.397,116,17,1,6,1,Ole Miss,2023-08-02 18:54:43
16,16,North Ala.,Hannah Price,Pitcher,Freshman,2.997,6,3,2.39,55.7,41,15,27,19,1.365,39,11,0,3,1,Memphis,2023-08-02 18:54:43
17,17,Mississippi St.,Reis Beuerlein,Pitcher,Freshman,3.002,5,4,2.80,75.0,69,32,37,30,1.467,60,9,2,7,1,Arkansas,2023-08-02 18:54:43
18,18,Alcorn,Alexa Veamoi,Pitcher,Senior,3.005,8,11,3.54,106.7,53,28,72,54,1.472,101,18,4,4,1,,2023-08-02 18:54:43
19,19,Wisconsin,Paytn Monticelli,Pitcher,Freshman,3.046,7,4,2.71,80.0,82,21,39,31,1.363,48,11,5,8,1,Oklahoma,2023-08-02 18:54:43
20,20,North Carolina,Lilli Backes,Pitcher,Sophomore,3.064,16,13,2.80,180.0,156,48,90,72,1.300,110,35,5,18,1,Georgia,2023-08-02 18:54:43
21,21,North Ala.,Elena Escobar,Pitcher,Sophomore,3.074,11,5,1.90,125.0,88,48,43,34,1.120,66,15,1,7,1,Liberty,2023-08-02 18:54:43
22,22,Liberty,Karlie Keeney,Pitcher,Junior,3.082,27,12,2.00,259.3,152,80,97,74,1.207,178,27,1,16,1,Oklahoma,2023-08-02 18:54:43
23,23,UC Davis,Taylor Fitzgerald,Pitcher,Junior,3.205,6,4,2.68,88.7,37,12,47,34,1.286,68,15,8,6,1,Idaho St.,2023-08-02 18:54:43
24,24,Louisiana Tech,Mary Martinez,Pitcher,Freshman,3.228,10,3,2.12,69.3,32,12,22,21,1.197,55,8,1,6,1,Middle Tennessee,2023-08-02 18:54:43
25,25,Cornell,Gabrielle Maday,Pitcher,Senior,3.272,7,9,4.04,85.0,49,19,53,49,1.412,70,13,5,6,1,Stony Brook,2023-08-02 18:54:43
26,26,Jackson St.,Takiya Hill,Pitcher,Junior,3.310,4,9,3.70,113.7,61,25,71,60,1.548,107,27,3,8,1,Ottawa,2023-08-02 18:54:43
27,27,Virginia,Molly Grube,Pitcher,Senior,3.343,7,8,2.33,75.0,45,27,29,25,1.187,45,9,1,6,1,James Madison,2023-08-02 18:54:43
28,28,South Fla.,Jaden Martinez,Pitcher,Freshman,3.348,3,3,2.46,51.3,29,21,35,18,1.734,51,8,2,2,1,FAU,2023-08-02 18:54:43
29,29,Presbyterian,Morgan Hess,Pitcher,Sophomore,3.356,7,9,3.57,117.7,89,48,74,60,1.530,85,22,4,6,1,Delaware,2023-08-02 18:54:43
30,30,Seton Hall,Shelby Smith,Pitcher,Senior,3.379,16,7,2.87,148.7,142,76,74,61,1.513,91,31,3,11,1,Houston,2023-08-02 18:54:43
31,31,St. Bonaventure,Elizabeth Lis,Pitcher,Senior,3.569,3,13,5.62,103.3,37,28,100,83,1.848,126,23,4,6,1,,2023-08-02 18:54:43
32,32,Purdue,Mo Wimpee,Pitcher,Senior,3.634,4,4,3.02,55.7,36,29,29,24,1.527,43,4,2,3,1,UC San Diego,2023-08-02 18:54:43
33,33,Ball St.,Angelina Russo,Pitcher,Sophomore,3.643,11,8,2.87,119.7,91,73,70,49,1.588,69,20,4,2,1,Abilene Christian,2023-08-02 18:54:43
34,34,Cal St. Fullerton,Raci Miranda,Pitcher,Sophomore,3.657,4,5,3.08,52.3,30,21,35,23,1.758,49,10,2,3,1,Utah,2023-08-02 18:54:43
35,35,Ole Miss,Brooke Vestal,Pitcher,Senior,3.721,5,5,3.16,55.3,47,37,28,25,1.392,20,7,3,3,1,Texas A&M,2023-08-02 18:54:43
36,36,Samford,Lainey Baker,Pitcher,Freshman,3.738,2,3,3.70,41.7,34,16,29,22,1.776,38,12,1,5,1,Union,2023-08-02 18:54:43
37,37,Rutgers,Jaden Vickers,Pitcher,Senior,3.833,11,7,3.04,108.3,93,53,54,47,1.422,63,16,2,12,1,Kentucky,2023-08-02 18:54:43
38,38,Bucknell,Kaiya Burton,Pitcher,Senior,3.867,4,8,3.68,76.0,35,26,46,40,1.487,61,13,3,6,1,,2023-08-02 18:54:43
39,39,LSU,Alea Johnson,Pitcher,Freshman,3.990,7,1,1.31,42.7,31,26,9,8,1.266,20,3,0,4,1,Alabama,2023-08-02 18:54:43
40,40,Coppin St.,Isabel Tobias,Pitcher,Freshman,4.107,1,6,5.92,49.7,21,16,50,42,1.772,40,19,7,5,1,,2023-08-02 18:54:43
41,41,Portland St.,Olivia Grey,Pitcher,Senior,4.159,10,5,3.50,88.0,75,33,61,44,1.443,56,15,2,13,1,Michigan St.,2023-08-02 18:54:43
42,42,South Carolina,Leah Powell,Pitcher,Junior,4.252,2,2,3.59,41.0,17,31,24,21,1.707,25,10,1,1,1,Charlotte,2023-08-02 18:54:43
43,43,Pittsburgh,Dani Drogemuller,Pitcher,Sophomore,4.319,8,14,4.42,136.3,124,64,100,86,1.709,102,34,1,22,1,Duke,2023-08-02 18:54:43
44,44,Illinois,Addy Jarvis,Pitcher,Senior,4.341,6,5,4.12,66.3,57,39,51,39,1.719,44,11,2,7,1,Miami (OH),2023-08-02 18:54:43
45,45,Rutgers,Raimy Gamsby,Pitcher,Freshman,4.350,8,10,3.52,107.3,75,43,60,54,1.453,74,12,1,15,1,,2023-08-02 18:54:43
46,46,Morehead St.,Lennon Spicer,Pitcher,Junior,4.427,2,12,4.22,63.0,30,25,53,38,1.825,59,10,7,6,1,Tennessee Tech,2023-08-02 18:54:43
47,47,Lipscomb,Laine Barefoot,Pitcher,Junior,4.486,3,4,4.22,66.3,23,31,53,40,1.930,70,12,1,4,1,,2023-08-02 18:54:43
48,48,New Mexico St.,Aydenne Brown,Pitcher,Junior,4.589,9,7,4.59,94.7,95,54,66,62,1.553,42,23,2,15,1,SFA,2023-08-02 18:54:43
49,49,Rutgers,Ashley Hitchcock,Pitcher,Senior,4.643,7,2,3.05,43.7,37,27,22,19,1.511,24,4,1,6,1,Miami (OH),2023-08-02 18:54:43
50,50,St. Thomas (MN),Isabelle True,Pitcher,Senior,4.689,9,10,5.10,114.0,41,37,97,83,1.798,116,20,6,13,1,,2023-08-02 18:54:43
51,51,Yale,Nicole Conway,Pitcher,Senior,4.755,7,5,3.93,76.7,44,20,49,43,1.500,56,14,0,12,1,,2023-08-02 18:54:43
52,52,Eastern Ill.,Alexa Rehmeier,Pitcher,Sophomore,4.868,7,4,3.36,77.0,56,47,41,37,1.532,42,6,2,8,1,Tarleton St.,2023-08-02 18:54:43
53,53,Florida,Lexie Delbrey,Pitcher,Sophomore,4.905,7,2,3.06,80.0,54,41,53,35,1.550,46,6,1,10,1,Louisiana,2023-08-02 18:54:43
54,54,Miami (OH),Laurelai Depew,Pitcher,Sophomore,4.965,4,4,5.78,46.0,17,20,46,38,2.000,54,8,1,6,1,Rutgers,2023-08-02 18:54:43
55,55,James Madison,Kylah Berry,Pitcher,Freshman,5.086,11,6,3.73,127.7,81,64,82,68,1.598,84,18,1,19,1,North Florida,2023-08-02 18:54:43
56,56,Memphis,Hallie Siems,Pitcher,Junior,5.163,4,17,5.69,126.7,91,57,123,103,1.974,114,22,3,19,1,UConn,2023-08-02 18:54:43
57,57,Utah St.,Mia Reynolds,Pitcher,Sophomore,5.280,1,7,4.44,64.7,38,41,49,41,1.979,54,16,3,9,1,San Jose St.,2023-08-02 18:54:43
58,58,Georgia St.,Elle Doolittle,Pitcher,Junior,5.384,9,10,4.74,124.0,60,47,95,84,1.734,110,24,2,24,1,Gardner-Webb,2023-08-02 18:54:43
59,59,Kansas City,Jenna Milan,Pitcher,Sophomore,5.734,0,6,8.12,54.3,18,25,69,63,2.135,63,15,2,10,1,,2023-08-02 18:54:43
60,60,UTEP,Aalijah Alarcon,Pitcher,Sophomore,5.738,5,10,6.28,84.7,29,45,83,76,2.091,80,27,3,13,1,New Mexico,2023-08-02 18:54:43
61,61,UTEP,Mackenzee Collins,Pitcher,Junior,5.774,0,6,6.39,46.0,37,39,49,42,2.152,42,9,0,8,1,,2023-08-02 18:54:43
62,62,Miami (OH),Taylor Turner,Pitcher,Junior,5.806,3,4,5.84,50.3,34,40,50,42,2.066,38,8,0,6,1,Bowling Green,2023-08-02 18:54:43
63,63,New Mexico,Emmalyn Brinka,Pitcher,Freshman,5.817,3,5,7.90,44.3,24,25,62,50,2.301,49,16,1,9,1,Montana,2023-08-02 18:54:43
64,64,Houston,Hannah Blincoe,Pitcher,Sophomore,5.870,2,3,5.25,50.7,26,27,42,38,1.855,43,6,3,10,1,Tarleton St.,2023-08-02 18:54:43
65,65,Memphis,Mikayla Hoschak,Pitcher,Sophomore,5.917,2,9,7.37,62.7,27,29,83,66,2.362,77,19,2,12,1,Maryville,2023-08-02 18:54:43
66,66,Providence,Elysia Cunnigan,Pitcher,Senior,6.079,3,6,6.13,56.0,23,50,60,49,2.339,54,15,1,6,1,,2023-08-02 18:54:43
67,67,CSU Bakersfield,Reina Castillo,Pitcher,Sophomore,6.329,2,11,8.93,55.7,18,22,80,71,2.587,79,18,4,12,1,Tennessee St.,2023-08-02 18:54:43
68,1,Edward Waters,Alyssa Charter-Smith,Pitcher,Sophomore,1.888,9,1,1.96,78.2,101,25,27,22,0.985,17,10,0,0,2,,2023-08-02 18:54:43
69,2,Lake Erie,Grace Hammer,Pitcher,Senior,1.931,5,14,2.33,129.0,161,34,60,43,1.163,30,24,2,4,2,,2023-08-02 18:54:43
70,3,West Va. Wesleyan,"Abigail O'shields",Pitcher,Senior,2.685,9,5,1.96,118.0,111,32,42,33,1.136,20,15,2,5,2,,2023-08-02 18:54:43
71,4,Drury,Lindsay Henson,Pitcher,Sophomore,2.753,3,4,1.20,64.1,50,20,23,11,1.217,12,9,1,1,2,,2023-08-02 18:54:43
72,5,St. Thomas Aquinas,Abbie Landrum,Pitcher,Sophomore,2.926,11,11,2.13,147.2,107,26,72,45,1.257,46,17,6,3,2,,2023-08-02 18:54:43
73,6,King (TN),Madison Walter,Pitcher,Senior,3.120,14,6,2.13,131.2,91,35,54,40,1.242,24,21,1,8,2,,2023-08-02 18:54:43
74,7,Quincy,Jayle Jennings,Pitcher,Senior,3.291,9,10,3.34,123.2,62,17,71,59,1.218,35,23,5,8,2,,2023-08-02 18:54:43
75,8,Neb.-Kearney,Sydney Thomason,Pitcher,Sophomore,3.562,7,8,3.32,86.1,61,22,48,41,1.487,14,25,1,8,2,,2023-08-02 18:54:43
76,9,San Fran. St.,Brooklyn Heffernan,Pitcher,Freshman,3.675,12,11,2.74,148.0,110,62,73,58,1.378,33,28,4,8,2,,2023-08-02 18:54:43
77,10,Fairmont St.,Caitlyn Kassay,Pitcher,Senior,3.688,10,8,3.06,107.2,69,46,70,47,1.483,52,14,0,4,2,,2023-08-02 18:54:43
78,11,Northern St.,Meghan Anderson,Pitcher,Senior,3.690,4,7,3.54,61.1,59,17,54,31,1.538,33,10,4,7,2,,2023-08-02 18:54:43
79,12,Seton Hill,Chloe Elliott,Pitcher,Sophomore,3.699,9,9,3.54,114.2,72,18,72,58,1.252,39,21,2,10,2,,2023-08-02 18:54:43
80,13,Mars Hill,Alyssa Poston,Pitcher,Freshman,3.745,7,8,3.31,91.0,89,16,54,43,1.187,27,13,2,12,2,,2023-08-02 18:54:43
81,14,Hawaii Hilo,Alexis Lacy,Pitcher,Sophomore,3.808,6,12,3.95,106.1,36,23,70,60,1.555,30,26,8,6,2,,2023-08-02 18:54:43
82,15,Limestone,Makayla Cyzick,Pitcher,Junior,3.820,8,5,3.00,93.1,87,36,48,40,1.396,24,14,0,10,2,,2023-08-02 18:54:43
83,16,Queens (NY),Dyana Budakowski,Pitcher,Junior,4.431,2,10,4.75,81.0,36,30,69,55,1.790,40,21,3,5,2,,2023-08-02 18:54:43
84,17,Neb.-Kearney,Faith Gaynor,Pitcher,Freshman,4.528,5,12,6.09,116.0,75,62,130,101,1.931,87,31,4,8,2,,2023-08-02 18:54:43
85,18,Felician,Riley Williams,Pitcher,Freshman,4.561,17,9,3.42,161.2,108,92,97,79,1.532,68,18,5,6,2,,2023-08-02 18:54:43
86,19,Angelo St.,Genesis Armendariz,Pitcher,Junior,4.614,14,11,3.33,141.0,107,86,83,67,1.539,51,19,2,11,2,,2023-08-02 18:54:43
87,20,Savannah St.,Samantha Morales,Pitcher,Junior,4.638,2,6,8.12,50.0,23,10,83,58,2.360,61,15,2,5,2,,2023-08-02 18:54:43
88,21,Fairmont St.,Emma Gates,Pitcher,Freshman,4.730,13,5,3.16,115.1,40,9,62,52,1.156,22,23,1,16,2,,2023-08-02 18:54:43
89,22,Fayetteville St.,Braynka Brown,Pitcher,Senior,4.940,2,7,5.29,47.2,16,20,50,36,1.843,35,11,2,2,2,,2023-08-02 18:54:43
90,23,Carson-Newman,Rylee Gattis,Pitcher,Freshman,5.025,9,6,4.85,96.2,44,43,76,67,1.705,37,25,2,12,2,,2023-08-02 18:54:43
91,24,Converse,Rylee Summers,Pitcher,Freshman,5.303,3,10,6.35,75.0,13,25,85,68,2.200,53,19,6,7,2,,2023-08-02 18:54:43
92,25,Southwestern Okla.,Taryn Westbrook,Pitcher,Junior,5.478,4,17,5.11,127.1,48,55,120,93,1.873,67,34,2,17,2,,2023-08-02 18:54:43
93,26,Western N.M.,Cassidy Paulson,Pitcher,Unknown,5.574,3,7,7.19,62.1,33,33,72,64,2.061,39,24,0,9,2,,2023-08-02 18:54:43
94,27,West Ga.,Katie Morris,Pitcher,Freshman,5.644,6,17,5.18,143.1,123,80,122,106,1.726,57,34,1,30,2,,2023-08-02 18:54:43
95,28,Southwest Baptist,Madison Bentley,Pitcher,Freshman,5.654,1,5,4.15,52.1,40,44,43,31,1.900,30,7,2,4,2,,2023-08-02 18:54:43
96,29,Christian Brothers,Olivia Renta,Pitcher,Sophomore,5.663,2,4,5.04,41.2,26,32,48,30,2.379,35,4,4,5,2,,2023-08-02 18:54:43
97,30,Black Hills St.,Kailey Bond,Pitcher,Freshman,5.939,1,12,8.69,67.2,31,37,116,84,2.589,82,22,3,9,2,,2023-08-02 18:54:43
98,31,Allen,Daeshonna Beckham-Timmons,Pitcher,Senior,6.786,1,25,10.50,155.1,152,176,348,233,2.766,258,57,25,8,2,,2023-08-02 18:54:43