id,ranking,university,Name,baserunning_rating,fielding_rating,position,year,weighted_runs_above_average,weighted_on_base_average,batting_average,on_base_percentage,slugging_percentage,singles,doubles,triples,homeruns,runs_batted_in,walks,hit_by_pitches,stolen_bases,fielding_percentage,division,signed_university,created_at
1,1,Marshall,Autumn Owen,-,+,Catcher,Junior,40.140,0.617,0.444,0.557,0.887,30,9,0,17,71,39,5,1,0.992,1,North Carolina,2023-08-02 18:53:20
2,2,DePaul,Anna Wohlers,-,-,Catcher,Sophomore,27.154,0.540,0.364,0.446,0.728,25,15,2,12,38,15,8,0,0.939,1,Auburn,2023-08-02 18:53:20
3,3,Liberty,Caroline Hudson,-,o,Catcher,Junior,26.279,0.490,0.328,0.414,0.667,30,17,0,15,50,27,3,0,0.988,1,Oklahoma St.,2023-08-02 18:53:20
4,4,Maryland,Amelia Lech,o,o,Catcher,Sophomore,22.091,0.494,0.271,0.398,0.677,18,7,0,16,46,32,1,2,0.989,1,Auburn,2023-08-02 18:53:20
5,5,Georgia Tech,Emma Kauf,+,o,Catcher,Senior,21.726,0.487,0.354,0.446,0.627,31,14,4,7,33,22,5,13,0.983,1,Oregon,2023-08-02 18:53:20
6,6,USC Upstate,Casey Goguts,+,o,Catcher,Junior,20.903,0.507,0.381,0.405,0.741,33,6,4,13,33,7,1,7,0.987,1,FIU,2023-08-02 18:53:20
7,7,Louisville,Sarah Gordon,+,o,Catcher,Freshman,19.672,0.471,0.388,0.432,0.667,41,12,2,10,48,10,3,8,0.986,1,Georgia,2023-08-02 18:53:20
8,8,Central Mich.,Kelsey Alexander,+,-,Catcher,Junior,19.613,0.478,0.365,0.422,0.618,39,9,3,9,33,15,2,6,0.968,1,,2023-08-02 18:53:20
9,9,Furman,Riley Ludlam,o,o,Catcher,Senior,16.949,0.467,0.372,0.433,0.676,31,10,0,10,41,19,0,3,0.988,1,Oklahoma,2023-08-02 18:53:20
10,10,Oklahoma,Sophia Nugent,o,+,Catcher,Sophomore,10.698,0.520,0.276,0.411,0.724,5,5,0,7,22,13,1,2,1.000,1,Tennessee,2023-08-02 18:53:20
11,11,USC Upstate,Peyton Darnell,o,+,Catcher,Senior,9.477,0.415,0.326,0.399,0.519,30,8,0,6,31,19,0,2,1.000,1,App. State,2023-08-02 18:53:20
12,12,Cornell,Celia Macari,-,+,Catcher,Senior,8.648,0.418,0.296,0.391,0.513,19,10,0,5,16,18,2,1,0.994,1,,2023-08-02 18:53:20
13,13,Weber St.,Mika Chong,-,+,Catcher,Sophomore,8.463,0.415,0.371,0.385,0.543,36,8,2,4,27,5,0,1,1.000,1,LMU,2023-08-02 18:53:20
14,14,Harvard,Allison Heffley,o,+,Catcher,Senior,7.274,0.399,0.326,0.395,0.511,27,11,3,2,23,17,0,4,1.000,1,George Washington,2023-08-02 18:53:20
15,15,Houston,Emma Robertson,-,-,Catcher,Sophomore,5.969,0.426,0.230,0.345,0.554,7,3,0,7,14,10,3,0,0.955,1,Central Ark.,2023-08-02 18:53:20
16,16,South Dakota,Izzabela Goerke,-,-,Catcher,Junior,4.901,0.380,0.293,0.344,0.486,26,9,0,6,26,10,1,0,0.978,1,,2023-08-02 18:53:20
17,17,Western Mich.,Courtney Farrish,-,o,Catcher,Senior,4.859,0.380,0.313,0.369,0.478,28,11,0,3,20,13,0,0,0.985,1,,2023-08-02 18:53:20
18,18,Yale,Sam Goodcase,-,o,Catcher,Junior,4.781,0.396,0.253,0.355,0.463,12,8,0,4,17,11,3,0,0.989,1,,2023-08-02 18:53:20
19,19,Utah Valley,Jaeden Barajas,o,o,Catcher,Junior,4.415,0.376,0.264,0.342,0.473,21,6,0,7,20,15,2,2,0.986,1,,2023-08-02 18:53:20
20,20,New Mexico St.,Hannah Lindsay,-,-,Catcher,Sophomore,3.917,0.387,0.320,0.386,0.534,19,3,0,5,18,8,2,1,0.969,1,Iowa,2023-08-02 18:53:20
21,21,Seattle U,Kalyn Hill,-,o,Catcher,Sophomore,3.046,0.367,0.319,0.367,0.435,30,6,0,3,24,11,0,0,0.986,1,Tarleton St.,2023-08-02 18:53:20
22,22,Iowa,Tristin Doster,-,o,Catcher,Sophomore,2.188,0.362,0.305,0.368,0.410,25,6,0,2,20,10,1,0,0.990,1,Campbell,2023-08-02 18:53:20
23,23,Princeton,Adrienne Chang,-,+,Catcher,Senior,2.057,0.356,0.309,0.369,0.403,34,7,0,2,28,15,0,1,1.000,1,,2023-08-02 18:53:20
24,24,Harvard,Teagan Shaw,o,-,Catcher,Senior,2.008,0.361,0.271,0.357,0.417,20,3,1,3,20,11,3,2,0.900,1,,2023-08-02 18:53:20
25,25,California Baptist,Mackenzie San Pedro,-,-,Catcher,Sophomore,1.642,0.369,0.192,0.391,0.308,6,3,0,1,5,13,4,0,0.977,1,CSUN,2023-08-02 18:53:20
26,26,Missouri,Megan Moll,-,-,Catcher,Senior,1.627,0.370,0.203,0.304,0.373,4,4,0,3,10,8,2,1,0.963,1,FAU,2023-08-02 18:53:20
27,27,North Dakota,Baylee Howley,o,-,Catcher,Freshman,0.785,0.355,0.312,0.353,0.422,13,5,1,0,9,3,0,2,0.923,1,Utah Tech,2023-08-02 18:53:20
28,28,Harvard,Megan Welsh,o,-,Catcher,Senior,0.258,0.341,0.330,0.368,0.462,27,5,0,2,23,6,2,4,0.977,1,Western Michigan,2023-08-02 18:53:20
29,29,LMU (CA),Taylor Fitch,-,-,Catcher,Freshman,-1.157,0.325,0.287,0.302,0.436,22,5,0,3,17,2,0,0,0.894,1,Seattle,2023-08-02 18:53:20
30,30,"Saint Peter's",Brandi Feeney,o,+,Catcher,Senior,-1.364,0.322,0.252,0.287,0.408,15,6,2,2,15,4,1,4,1.000,1,Lees-McRae,2023-08-02 18:53:20
31,31,Gardner-Webb,Bridgette Strobl,o,o,Catcher,Senior,-1.517,0.321,0.220,0.318,0.363,13,3,2,2,16,13,1,2,0.985,1,,2023-08-02 18:53:20
32,32,Toledo,Macey Moore,-,o,Catcher,Sophomore,-1.584,0.317,0.264,0.316,0.356,17,5,0,1,13,6,1,0,0.991,1,Bradley,2023-08-02 18:53:20
33,33,Auburn,Jessie Blaine,o,+,Catcher,Sophomore,-1.624,0.322,0.235,0.342,0.314,21,0,1,2,17,17,2,3,1.000,1,Mississippi St.,2023-08-02 18:53:20
34,34,Bradley,Katie Pederson,-,-,Catcher,Sophomore,-1.770,0.306,0.242,0.275,0.394,10,4,0,2,8,3,0,0,0.959,1,Illinois-Springfield,2023-08-02 18:53:20
35,35,Bethune-Cookman,Jordyn Villanueva,-,-,Catcher,Freshman,-1.871,0.318,0.191,0.377,0.223,16,2,0,0,16,18,9,1,0.975,1,Orange Lutheran,2023-08-02 18:53:20
36,36,Alcorn,Mikeria Howard,-,+,Catcher,Freshman,-1.983,0.307,0.300,0.337,0.367,18,4,0,0,19,5,0,0,1.000,1,Alabama St.,2023-08-02 18:53:20
37,37,South Carolina,Hannah Hawley,-,-,Catcher,Freshman,-1.993,0.303,0.241,0.379,0.278,11,2,0,0,3,8,4,1,0.967,1,Michigan St.,2023-08-02 18:53:20
38,38,FDU,Hailey Ramberg,-,o,Catcher,Senior,-2.047,0.308,0.198,0.288,0.308,10,5,0,2,13,6,2,0,0.986,1,,2023-08-02 18:53:20
39,39,"Saint Joseph's",Madison Fife,-,o,Catcher,Senior,-2.122,0.317,0.246,0.315,0.368,20,5,0,3,17,12,0,0,0.984,1,Delaware,2023-08-02 18:53:20
40,40,Campbell,Lindsey Hunt,o,o,Catcher,Junior,-2.627,0.302,0.299,0.326,0.356,23,2,0,1,19,3,1,2,0.988,1,Drexel,2023-08-02 18:53:20
41,41,UCLA,Alyssa Garcia,-,+,Catcher,Junior,-3.307,0.283,0.233,0.343,0.267,13,2,0,0,13,9,1,0,1.000,1,San Diego St.,2023-08-02 18:53:20
42,42,Utah St.,Makenzie Macfarlane,-,o,Catcher,Senior,-4.053,0.303,0.213,0.310,0.307,19,6,0,2,15,17,1,0,0.990,1,Arizona St.,2023-08-02 18:53:20
43,43,"Saint Joseph's",Payton Baxter,-,+,Catcher,Senior,-4.063,0.289,0.209,0.282,0.352,12,5,0,2,17,10,0,0,1.000,1,McKendree,2023-08-02 18:53:20
44,44,LIU,Maya Avila,-,o,Catcher,Senior,-4.580,0.306,0.279,0.328,0.378,29,12,0,1,22,13,0,1,0.988,1,,2023-08-02 18:53:20
45,45,New Mexico,Leslie Romero,-,+,Catcher,Senior,-5.467,0.215,0.176,0.250,0.196,8,1,0,0,4,4,1,0,1.000,1,,2023-08-02 18:53:20
46,46,Presbyterian,Ciara Hanson,-,-,Catcher,Sophomore,-5.578,0.221,0.190,0.242,0.259,7,3,0,0,3,4,0,0,0.974,1,,2023-08-02 18:53:20
47,47,SFA,Sydney Carithers,-,-,Catcher,Sophomore,-6.068,0.281,0.212,0.293,0.297,19,4,0,2,13,10,4,1,0.950,1,New Mexico,2023-08-02 18:53:20
48,48,CSU Bakersfield,Jocelynn Molina,-,-,Catcher,Sophomore,-6.278,0.185,0.173,0.204,0.192,8,1,0,0,0,2,0,0,0.886,1,,2023-08-02 18:53:20
49,49,California,Kennedy Thomas,o,-,Catcher,Junior,-6.435,0.290,0.269,0.305,0.372,34,5,2,2,17,6,1,5,0.981,1,Houston,2023-08-02 18:53:20
50,50,N.C. A&T,Sierra Baldwin,o,-,Catcher,Freshman,-6.686,0.271,0.240,0.279,0.314,23,5,0,1,14,3,4,2,0.949,1,Michigan St.,2023-08-02 18:53:20
51,51,Liberty,Alexis Soto,-,+,Catcher,Sophomore,-7.147,0.241,0.184,0.240,0.264,12,2,1,1,14,7,0,0,0.992,1,GCU,2023-08-02 18:53:20
52,52,Kennesaw St.,Isabella Galloway,-,+,Catcher,Sophomore,-7.345,0.166,0.151,0.211,0.170,7,0,0,0,2,4,0,0,1.000,1,Lee,2023-08-02 18:53:20
53,53,Troy,Katelynn De Leon,-,-,Catcher,Junior,-7.680,0.244,0.215,0.291,0.226,19,1,0,0,7,7,3,0,0.976,1,FAU,2023-08-02 18:53:20
54,54,Tarleton St.,Brittany Coe,-,-,Catcher,Junior,-9.018,0.175,0.145,0.167,0.194,6,4,0,0,8,2,0,0,0.980,1,SFA,2023-08-02 18:53:20
55,55,Delaware,Jayla Brooks,o,o,Catcher,Sophomore,-9.869,0.160,0.131,0.186,0.148,7,1,0,0,8,5,0,2,0.991,1,,2023-08-02 18:53:20
56,56,Kennesaw St.,Stacey Deputy,-,+,Catcher,Freshman,-11.394,0.243,0.189,0.247,0.280,19,4,1,2,13,8,3,0,0.994,1,Campbell,2023-08-02 18:53:20
57,1,"Saint Joseph's",Kaelin Cash,-,o,Corner,Sophomore,26.751,0.544,0.374,0.503,0.702,30,7,0,12,29,28,6,0,0.985,1,Michigan St.,2023-08-02 18:53:20
58,2,Auburn,Bri Ellis,o,+,Corner,Sophomore,20.303,0.475,0.282,0.410,0.592,19,8,0,14,40,32,7,2,0.988,1,Arkansas,2023-08-02 18:53:20
59,3,Notre Dame,Joley Mitchell,+,-,Corner,Senior,20.115,0.490,0.383,0.443,0.660,37,11,0,10,40,16,0,15,0.936,1,Texas,2023-08-02 18:53:20
60,4,Lamar University,Samantha Bean,o,-,Corner,Senior,14.042,0.431,0.309,0.420,0.512,30,13,1,6,21,28,3,5,0.922,1,Maryland,2023-08-02 18:53:20
61,5,Norfolk St.,Kenna Higa,o,-,Corner,Sophomore,13.744,0.511,0.289,0.458,0.589,13,5,0,6,18,23,2,3,0.921,1,Howard,2023-08-02 18:53:20
62,6,Georgia St.,Bailee Richardson,+,-,Corner,Senior,12.972,0.435,0.314,0.389,0.551,30,8,1,9,33,19,0,7,0.945,1,Louisville,2023-08-02 18:53:20
63,7,Texas,Courtney Day,o,-,Corner,Junior,12.030,0.445,0.308,0.410,0.521,25,7,0,7,25,21,1,2,0.935,1,Ole Miss,2023-08-02 18:53:20
64,8,Oklahoma,Jocelyn Erickson,-,+,Corner,Freshman,10.340,0.470,0.371,0.429,0.685,15,7,0,7,31,8,2,1,1.000,1,Florida,2023-08-02 18:53:20
65,9,Bowling Green,Sophie Weber,-,-,Corner,Junior,9.044,0.415,0.329,0.390,0.521,28,12,1,4,21,13,1,0,0.877,1,Western Kentucky,2023-08-02 18:53:20
66,10,N.C. A&T,Dezianna Patmon,+,-,Corner,Sophomore,8.662,0.406,0.299,0.422,0.482,27,8,0,4,11,28,1,8,0.875,1,,2023-08-02 18:53:20
67,11,Boston College,Abigail Knight,+,-,Corner,Senior,8.180,0.395,0.294,0.380,0.475,30,10,2,5,27,18,5,8,0.930,1,Charlotte,2023-08-02 18:53:20
68,12,UAlbany,Sierra Fretz,o,o,Corner,Sophomore,7.184,0.431,0.300,0.400,0.522,15,5,1,4,20,14,1,2,0.974,1,"Saint Joseph's",2023-08-02 18:53:20
69,13,Auburn,Denver Bryant,o,-,Corner,Junior,6.797,0.407,0.324,0.397,0.509,26,3,1,5,16,14,1,4,0.848,1,South Carolina,2023-08-02 18:53:20
70,14,Pittsburgh,Haylie Brunson,o,-,Corner,Sophomore,6.528,0.408,0.294,0.400,0.471,20,6,0,4,15,14,4,2,0.964,1,Penn St.,2023-08-02 18:53:20
71,15,Utah St.,Claire Raley,+,-,Corner,Sophomore,5.442,0.389,0.328,0.362,0.507,30,6,3,4,20,6,1,17,0.948,1,Louisiana Tech,2023-08-02 18:53:20
72,16,Canisius,Destiny Falquez,o,-,Corner,Junior,4.244,0.385,0.242,0.402,0.385,15,4,0,3,11,24,1,3,0.940,1,St. Thomas,2023-08-02 18:53:20
73,17,San Jose St.,Karizma Bergesen,o,o,Corner,Junior,4.060,0.383,0.323,0.400,0.406,28,5,1,1,20,9,4,4,0.976,1,Boise St.,2023-08-02 18:53:20
74,18,Florida,Olivia Gigante,-,+,Corner,Freshman,3.988,0.404,0.246,0.355,0.508,7,5,0,4,15,10,1,0,1.000,1,,2023-08-02 18:53:20
75,19,California,"D'asha Saiki",-,-,Corner,Junior,3.805,0.383,0.261,0.389,0.420,15,5,0,3,14,16,3,0,0.928,1,Fresno St.,2023-08-02 18:53:20
76,20,Villanova,Victoria Sebastian,+,+,Corner,Senior,3.163,0.368,0.291,0.415,0.355,25,7,0,0,20,19,5,14,0.989,1,,2023-08-02 18:53:20
77,21,FDU,Savannah Thornell,-,o,Corner,Senior,2.464,0.377,0.207,0.369,0.366,9,0,0,4,9,8,9,0,0.985,1,,2023-08-02 18:53:20
78,22,Louisiana,Stormy Kotzelnick,+,-,Corner,Sophomore,2.445,0.360,0.280,0.326,0.483,25,5,1,6,24,10,1,12,0.927,1,UCF,2023-08-02 18:53:20
79,23,Detroit Mercy,Jaiden Lara,-,o,Corner,Sophomore,1.789,0.361,0.232,0.315,0.424,15,1,0,6,13,11,0,0,0.973,1,,2023-08-02 18:53:20
80,24,Stony Brook,Ashley Jacobson,-,o,Corner,Junior,1.497,0.351,0.280,0.315,0.464,28,5,1,7,29,6,2,1,0.982,1,Western Washington,2023-08-02 18:53:20
81,25,Grand Canyon,CC Wong,-,+,Corner,Junior,1.411,0.364,0.294,0.377,0.368,14,5,0,0,7,9,0,0,1.000,1,Wichita St.,2023-08-02 18:53:20
82,26,Penn St.,Michelle Leone,-,-,Corner,Senior,0.380,0.346,0.255,0.358,0.364,10,3,0,1,11,10,0,1,0.903,1,,2023-08-02 18:53:20
83,27,Missouri,Riley Frizell,-,+,Corner,Junior,0.351,0.342,0.230,0.300,0.405,17,5,1,5,22,10,3,0,1.000,1,Louisville,2023-08-02 18:53:20
84,28,East Carolina,Mackenzie Kila,o,-,Corner,Freshman,0.121,0.340,0.239,0.364,0.337,17,3,0,2,8,14,4,2,0.930,1,CSUN,2023-08-02 18:53:20
85,29,UIC,Tess Altevers Harris,o,-,Corner,Freshman,-0.286,0.333,0.217,0.338,0.350,8,3,1,1,9,11,0,4,0.855,1,,2023-08-02 18:53:20
86,30,Rutgers,Calista Collins,-,o,Corner,Freshman,-0.512,0.330,0.246,0.350,0.348,13,2,1,1,10,9,2,0,0.975,1,Murray St.,2023-08-02 18:53:20
87,31,Houston,Britaney Shaw,o,+,Corner,Senior,-0.837,0.331,0.242,0.340,0.352,23,5,0,3,23,16,3,2,0.988,1,Incarnate Word,2023-08-02 18:53:20
88,32,Michigan,Audrey Leclair,+,-,Corner,Senior,-0.892,0.330,0.262,0.299,0.408,22,6,2,3,15,7,0,8,0.938,1,Arizona St.,2023-08-02 18:53:20
89,33,Illinois,Delaney Rummell,+,+,Corner,Senior,-1.298,0.330,0.271,0.294,0.424,32,10,1,5,31,4,3,7,0.986,1,Ole Miss,2023-08-02 18:53:20
90,34,Louisiana,Kylei Griffin,o,-,Corner,Freshman,-1.620,0.301,0.226,0.281,0.377,7,2,0,2,5,4,0,3,0.950,1,Texas A&M,2023-08-02 18:53:20
91,35,Mississippi Val.,Kayla Robinson,o,-,Corner,Freshman,-2.021,0.310,0.214,0.264,0.393,9,5,2,2,10,3,3,2,0.945,1,,2023-08-02 18:53:20
92,36,Memphis,Aliana Zavala,-,-,Corner,Sophomore,-2.596,0.307,0.231,0.288,0.385,15,2,0,4,20,8,1,1,0.853,1,,2023-08-02 18:53:20
93,37,"St. John's (NY)",Amy Mallah,+,-,Corner,Senior,-2.809,0.311,0.240,0.319,0.331,20,4,0,2,17,10,6,8,0.935,1,,2023-08-02 18:53:20
94,38,Brown,Meghan Gormley,o,-,Corner,Senior,-2.826,0.293,0.233,0.325,0.356,10,2,1,1,9,8,2,2,0.925,1,,2023-08-02 18:53:20
95,39,California Baptist,Karmyna Becerra,o,-,Corner,Sophomore,-3.647,0.300,0.205,0.266,0.357,12,7,2,2,21,10,0,2,0.946,1,Southern Utah,2023-08-02 18:53:20
96,40,Kennesaw St.,Brinaya Bailey,-,-,Corner,Senior,-3.882,0.303,0.250,0.329,0.305,29,1,0,2,19,11,4,0,0.951,1,,2023-08-02 18:53:20
97,41,Southern Utah,Madison Sanders,o,+,Corner,Junior,-3.954,0.274,0.103,0.282,0.162,5,1,0,1,6,15,2,2,0.987,1,,2023-08-02 18:53:20
98,42,Wagner,Alexa Garcia,-,o,Corner,Senior,-4.285,0.284,0.239,0.307,0.315,19,2,0,1,8,9,0,0,0.973,1,,2023-08-02 18:53:20
99,43,Monmouth,Julia Thuer,-,o,Corner,Junior,-4.538,0.291,0.213,0.309,0.278,18,4,0,1,10,13,2,0,0.975,1,,2023-08-02 18:53:20
100,44,Monmouth,Riley Riendeau,-,-,Corner,Senior,-5.132,0.261,0.228,0.274,0.291,13,5,0,0,4,1,4,1,0.924,1,,2023-08-02 18:53:20
101,45,Northern Colo.,Peyton Gale,-,-,Corner,Sophomore,-5.185,0.240,0.203,0.299,0.220,10,1,0,0,9,4,4,0,0.765,1,,2023-08-02 18:53:20
102,46,Charleston So.,Lexi Markle,-,-,Corner,Sophomore,-5.262,0.258,0.173,0.241,0.293,6,6,0,1,5,7,0,0,0.916,1,Queens,2023-08-02 18:53:20
103,47,UC Santa Barbara,Korie Thomas,o,o,Corner,Senior,-5.454,0.285,0.227,0.290,0.328,20,2,5,0,13,8,3,5,0.968,1,San Jose St.,2023-08-02 18:53:20
104,48,Morehead St.,Kirya Kingery,+,-,Corner,Senior,-5.756,0.278,0.237,0.287,0.307,21,5,0,1,11,3,5,15,0.866,1,,2023-08-02 18:53:20
105,49,Central Mich.,Emily Bracamonte,-,-,Corner,Senior,-5.951,0.279,0.216,0.313,0.288,17,5,0,1,8,14,1,0,0.953,1,Toledo,2023-08-02 18:53:20
106,50,South Carolina St.,Marissa Marshall,-,-,Corner,Sophomore,-6.443,0.249,0.261,0.286,0.284,21,2,0,0,7,3,0,0,0.911,1,,2023-08-02 18:53:20
107,51,Arizona St.,Savannah Price,+,-,Corner,Junior,-6.950,0.237,0.143,0.241,0.234,7,2,1,1,6,10,0,6,0.955,1,Texas A&M,2023-08-02 18:53:20
108,52,Siena,Emma Mclaughlin,-,o,Corner,Senior,-8.496,0.239,0.178,0.231,0.252,12,5,0,1,10,7,1,1,0.980,1,,2023-08-02 18:53:20
109,53,Dartmouth,Maria Angelino,-,-,Corner,Senior,-9.395,0.239,0.196,0.266,0.223,19,3,0,0,13,11,0,1,0.921,1,,2023-08-02 18:53:20
110,54,CSU Bakersfield,Shaylene Fuimaono,-,-,Corner,Sophomore,-12.122,0.189,0.157,0.218,0.216,13,0,0,1,11,7,1,1,0.817,1,,2023-08-02 18:53:20
111,55,Western Ky.,Kennedy Foote,o,-,Corner,Junior,-12.628,0.154,0.125,0.172,0.175,8,2,0,0,7,5,0,2,0.900,1,,2023-08-02 18:53:20
112,1,Indiana,Taryn Kern,o,-,Middle Infield,Freshman,57.558,0.663,0.411,0.581,0.959,26,13,1,23,67,45,22,4,0.924,1,Stanford,2023-08-02 18:53:20
113,2,Middle Tenn.,Laura Mealer,+,-,Middle Infield,Sophomore,34.188,0.529,0.386,0.468,0.685,45,17,3,12,51,25,7,30,0.935,1,Tennessee,2023-08-02 18:53:20
114,3,USC Upstate,Tiffany Domingue,+,+,Middle Infield,Senior,23.942,0.494,0.337,0.408,0.680,31,12,1,15,46,21,0,11,0.986,1,Georgia Tech,2023-08-02 18:53:20
115,4,Utah Tech,Lauren Almeida,o,o,Middle Infield,Sophomore,23.523,0.499,0.417,0.495,0.613,45,15,1,5,42,24,2,2,0.948,1,Fresno St.,2023-08-02 18:53:20
116,5,Fresno St.,Alesia Denby,+,o,Middle Infield,Senior,19.782,0.472,0.314,0.421,0.615,26,11,5,9,31,23,5,12,0.944,1,Arizona St.,2023-08-02 18:53:20
117,6,Purdue Fort Wayne,Taryn Jenkins,+,+,Middle Infield,Senior,19.757,0.491,0.387,0.441,0.619,37,15,3,5,28,14,1,21,0.977,1,Nevada,2023-08-02 18:53:20
118,7,St. Thomas (MN),Brooke Ellestad,+,-,Middle Infield,Sophomore,16.459,0.475,0.384,0.450,0.629,27,14,2,6,37,14,2,6,0.898,1,Louisiana,2023-08-02 18:53:20
119,8,UTSA,Kat Ibarra,+,+,Middle Infield,Junior,16.357,0.451,0.368,0.443,0.577,41,11,4,4,16,22,0,6,0.965,1,North Texas,2023-08-02 18:53:20
120,9,Longwood,Jaden Pone,+,o,Middle Infield,Sophomore,15.638,0.441,0.411,0.451,0.594,50,10,7,3,21,9,4,36,0.946,1,Ole Miss,2023-08-02 18:53:20
121,10,San Diego St.,Jillian Celis,o,-,Middle Infield,Junior,12.488,0.422,0.357,0.429,0.586,37,12,3,5,47,17,2,4,0.942,1,Washington,2023-08-02 18:53:20
122,11,SFA,Camryn Middlebrook,+,-,Middle Infield,Senior,12.284,0.420,0.325,0.427,0.484,35,11,1,4,24,19,12,13,0.900,1,,2023-08-02 18:53:20
123,12,Canisius,Saige Alfaro,+,o,Middle Infield,Sophomore,11.456,0.428,0.389,0.452,0.523,43,11,1,2,13,10,5,13,0.953,1,UC Riverside,2023-08-02 18:53:20
124,13,Arizona St.,Jazmyn Rollin,o,-,Middle Infield,Senior,10.145,0.426,0.306,0.372,0.560,27,4,0,10,27,10,4,4,0.937,1,Houston,2023-08-02 18:53:20
125,14,Ole Miss,Keila Kamoku,o,o,Middle Infield,Sophomore,8.258,0.400,0.289,0.370,0.479,29,6,1,8,22,16,3,3,0.950,1,BYU,2023-08-02 18:53:20
126,15,Mississippi St.,Macy Graf,+,o,Middle Infield,Freshman,6.621,0.415,0.291,0.450,0.407,19,3,2,1,9,20,5,6,0.956,1,Oklahoma St.,2023-08-02 18:53:20
127,16,Yale,Carolyn Skotz,o,-,Middle Infield,Junior,6.068,0.392,0.278,0.431,0.405,16,6,2,2,15,28,5,5,0.926,1,,2023-08-02 18:53:20
128,17,Lehigh,Lily Owens,+,o,Middle Infield,Freshman,5.393,0.374,0.305,0.354,0.449,44,4,1,7,32,14,2,15,0.952,1,BYU,2023-08-02 18:53:20
129,18,Green Bay,Jadin Justman,+,o,Middle Infield,Junior,2.908,0.364,0.323,0.422,0.500,24,10,0,2,33,19,0,6,0.949,1,Eastern Illinois,2023-08-02 18:53:20
130,19,Tennessee,Lair Beautae,o,+,Middle Infield,Sophomore,2.862,0.369,0.261,0.378,0.446,17,3,1,4,28,18,1,2,0.969,1,Houston,2023-08-02 18:53:20
131,20,Memphis,Linsey Hargis,o,-,Middle Infield,Sophomore,2.333,0.363,0.314,0.400,0.390,28,3,1,1,8,6,9,4,0.939,1,,2023-08-02 18:53:20
132,21,NIU,Sam Mallinder,-,-,Middle Infield,Senior,2.171,0.355,0.298,0.355,0.430,32,8,3,2,30,10,4,0,0.942,1,USF,2023-08-02 18:53:20
133,22,Marist,Sam Freeland,+,-,Middle Infield,Senior,2.122,0.352,0.333,0.391,0.397,53,7,1,1,19,17,0,25,0.936,1,,2023-08-02 18:53:20
134,23,UCF,Micaela Macario,o,+,Middle Infield,Sophomore,1.205,0.352,0.311,0.363,0.437,26,3,2,2,12,8,1,5,0.962,1,San Diego St.,2023-08-02 18:53:20
135,24,Columbia,Megan Ryono,+,o,Middle Infield,Senior,1.119,0.349,0.282,0.356,0.420,18,12,0,2,11,8,5,9,0.956,1,,2023-08-02 18:53:20
136,25,Princeton,Grace Jackson,+,-,Middle Infield,Junior,0.826,0.346,0.295,0.388,0.356,32,4,2,0,12,17,3,13,0.942,1,,2023-08-02 18:53:20
137,26,Tex. A&M-Commerce,Kaydee Bennett,+,+,Middle Infield,Freshman,0.456,0.343,0.320,0.390,0.352,36,2,0,0,6,9,3,18,0.961,1,Abilene Christian,2023-08-02 18:53:20
138,27,Bethune-Cookman,Desirae Martinez,-,o,Middle Infield,Sophomore,-0.608,0.333,0.259,0.316,0.370,26,6,0,3,25,12,2,1,0.958,1,Pitt,2023-08-02 18:53:20
139,28,Harvard,Kaitlin Lampson,+,-,Middle Infield,Senior,-1.306,0.316,0.324,0.365,0.353,20,2,0,0,8,4,1,7,0.899,1,,2023-08-02 18:53:20
140,29,Southern Utah,Jayne Sepulveda,-,-,Middle Infield,Sophomore,-1.311,0.325,0.289,0.310,0.421,25,7,0,3,9,4,0,0,0.935,1,Lamar,2023-08-02 18:53:20
141,30,Auburn,Carlee Mccondichie,o,+,Middle Infield,Senior,-1.345,0.325,0.303,0.341,0.412,27,5,1,1,22,7,1,4,0.963,1,,2023-08-02 18:53:20
142,31,Abilene Christian,Logan Gaspar,o,-,Middle Infield,Sophomore,-2.650,0.288,0.246,0.347,0.262,13,1,0,0,5,8,1,2,0.882,1,CSU Bakersfield,2023-08-02 18:53:20
143,32,LMU (CA),Gabby Villa,-,o,Middle Infield,Freshman,-2.745,0.300,0.263,0.329,0.342,14,3,0,2,11,6,2,0,0.946,1,,2023-08-02 18:53:20
144,33,Cornell,Maicie Levitt,-,o,Middle Infield,Senior,-3.435,0.306,0.228,0.280,0.358,22,4,0,4,12,3,6,1,0.944,1,Georgetown,2023-08-02 18:53:20
145,34,Bucknell,Kailyn Lorberter,-,o,Middle Infield,Senior,-3.741,0.294,0.245,0.321,0.309,19,3,0,1,18,8,3,0,0.946,1,,2023-08-02 18:53:20
146,35,Tarleton St.,Morgan Medford,o,-,Middle Infield,Junior,-3.917,0.311,0.273,0.351,0.299,40,5,0,0,14,18,1,5,0.935,1,North Texas,2023-08-02 18:53:20
147,36,Radford,Foster Sharpe,-,-,Middle Infield,Junior,-4.098,0.271,0.254,0.312,0.282,16,2,0,0,7,5,1,0,0.938,1,Louisberg,2023-08-02 18:53:20
148,37,Green Bay,Dawn Pawlak,o,+,Middle Infield,Senior,-4.108,0.265,0.162,0.302,0.225,5,3,0,0,6,5,8,2,0.975,1,Florida Tech,2023-08-02 18:53:20
149,38,San Jose St.,Jocylyn Vidal,o,+,Middle Infield,Junior,-4.446,0.278,0.192,0.256,0.282,10,4,0,2,5,9,0,2,0.979,1,Long Beach St.,2023-08-02 18:53:20
150,39,Lafayette,Harlie Bickett,o,o,Middle Infield,Sophomore,-4.552,0.300,0.217,0.297,0.333,20,6,2,2,10,5,10,4,0.944,1,Ballarmine,2023-08-02 18:53:20
151,40,UMBC,Shanel Stott,o,-,Middle Infield,Senior,-4.876,0.279,0.320,0.316,0.361,30,1,0,1,12,0,0,5,0.933,1,,2023-08-02 18:53:20
152,41,North Dakota St.,Skylar Padgett,o,+,Middle Infield,Senior,-7.413,0.265,0.192,0.273,0.256,17,5,0,1,10,9,4,2,0.969,1,Abilene Christian,2023-08-02 18:53:20
153,42,Syracuse,Ryan Starr,+,-,Middle Infield,Freshman,-7.523,0.243,0.240,0.270,0.281,20,2,1,0,3,4,0,14,0.934,1,Ole Miss,2023-08-02 18:53:20
154,43,Col. of Charleston,Mary-Kathryn Scott,-,o,Middle Infield,Freshman,-7.883,0.256,0.214,0.258,0.333,16,4,1,2,14,7,0,0,0.960,1,East Carolina,2023-08-02 18:53:20
155,44,Monmouth,Eve Serrato,-,-,Middle Infield,Sophomore,-8.795,0.253,0.192,0.261,0.308,12,8,0,1,9,12,0,1,0.927,1,,2023-08-02 18:53:20
156,45,SIUE,Sherri Mason,+,-,Middle Infield,Sophomore,-9.132,0.264,0.267,0.304,0.287,36,3,0,0,8,9,0,8,0.940,1,,2023-08-02 18:53:20
157,46,Georgia St.,Emma Yanes,o,+,Middle Infield,Sophomore,-9.825,0.202,0.118,0.183,0.212,4,5,0,1,11,7,0,4,0.975,1,Presbyterian,2023-08-02 18:53:20
158,47,Tex. A&M-Commerce,Jodi De Hart,-,-,Middle Infield,Junior,-10.736,0.159,0.147,0.200,0.160,10,1,0,0,3,2,1,0,0.901,1,Henderson St.,2023-08-02 18:53:20
159,48,ULM,Alexis Chavez,o,+,Middle Infield,Sophomore,-14.618,0.204,0.163,0.225,0.194,18,2,1,0,6,11,0,4,0.986,1,CSUN,2023-08-02 18:53:20
160,1,Santa Clara,Ashley Trierweiler,+,o,Outfield,Junior,36.622,0.594,0.486,0.584,0.740,46,14,1,7,31,34,6,14,0.984,1,GCU,2023-08-02 18:53:20
161,2,Louisville,Korbe Otis,+,-,Outfield,Sophomore,32.868,0.536,0.406,0.500,0.688,50,8,7,10,39,28,3,21,0.952,1,Florida,2023-08-02 18:53:20
162,3,UNI,Mya Dodge,+,o,Outfield,Sophomore,31.605,0.580,0.388,0.464,0.899,18,10,5,17,68,23,0,6,0.979,1,Missouri,2023-08-02 18:53:20
163,4,Utah Tech,Tanya Windle,+,-,Outfield,Freshman,25.947,0.502,0.432,0.505,0.636,54,9,7,4,33,22,6,16,0.965,1,Arizona St.,2023-08-02 18:53:20
164,5,Iowa,Nia Carter,+,-,Outfield,Senior,25.199,0.478,0.480,0.522,0.540,89,10,1,0,30,23,2,8,0.940,1,Arkansas,2023-08-02 18:53:20
165,6,Boise St.,Kelsey Hall,o,+,Outfield,Senior,24.455,0.611,0.385,0.504,0.854,13,11,0,11,52,20,2,3,1.000,1,Arizona St.,2023-08-02 18:53:20
166,7,Coastal Carolina,Diamond Williams,+,o,Outfield,Senior,21.401,0.477,0.333,0.420,0.611,37,7,1,13,46,22,4,8,0.984,1,Maryland,2023-08-02 18:53:20
167,8,Florida A&M,Melkayla Irvis,+,-,Outfield,Senior,13.760,0.484,0.394,0.508,0.606,22,8,6,0,19,22,1,17,0.959,1,,2023-08-02 18:53:20
168,9,LMU (CA),Morgan Debord,+,-,Outfield,Senior,12.451,0.436,0.322,0.398,0.622,24,6,4,9,28,14,4,8,0.930,1,Minnesota,2023-08-02 18:53:20
169,10,Central Ark.,Tremere Harris,+,-,Outfield,Junior,12.259,0.415,0.331,0.437,0.422,44,12,2,0,18,34,1,20,0.962,1,,2023-08-02 18:53:20
170,11,Auburn,Lindsey Garcia,+,-,Outfield,Senior,11.780,0.423,0.267,0.349,0.533,25,9,1,10,40,17,3,7,0.951,1,Clemson,2023-08-02 18:53:20
171,12,Louisiana Tech,Sierra Sacco,+,o,Outfield,Sophomore,10.625,0.400,0.335,0.477,0.377,51,4,1,0,10,41,7,36,0.978,1,Mississippi St.,2023-08-02 18:53:20
172,13,Eastern Ill.,Aniya Holt,-,-,Outfield,Junior,10.094,0.519,0.349,0.446,0.683,7,9,0,4,16,9,2,0,0.932,1,UTSA,2023-08-02 18:53:20
173,14,N.C. A&T,Jai Deese,o,-,Outfield,Senior,9.205,0.418,0.331,0.364,0.585,29,7,0,9,30,5,3,5,0.938,1,UNC - Pembroke,2023-08-02 18:53:20
174,15,Utah St.,Kya Pratt,-,-,Outfield,Freshman,8.528,0.409,0.301,0.395,0.485,29,5,1,6,17,18,2,1,0.933,1,,2023-08-02 18:53:20
175,16,Southeast Mo. St.,Jillian Anderson,o,-,Outfield,Sophomore,6.664,0.407,0.311,0.450,0.447,18,9,2,0,14,24,0,4,0.940,1,Rutgers,2023-08-02 18:53:20
176,17,Washington,Jadelyn Allchin,-,-,Outfield,Senior,5.942,0.427,0.312,0.362,0.625,11,5,2,5,14,5,1,1,0.870,1,UCLA,2023-08-02 18:53:20
177,18,Princeton,Serena Starks,+,-,Outfield,Senior,5.451,0.377,0.400,0.434,0.471,54,7,1,1,19,11,0,14,0.969,1,Illinois,2023-08-02 18:53:20
178,19,Arizona St.,Jazmine Hill,-,-,Outfield,Senior,5.413,0.391,0.220,0.344,0.477,11,5,1,7,23,18,3,1,0.837,1,Texas A&M,2023-08-02 18:53:20
179,20,UCLA,Kennedy Powell,o,-,Outfield,Freshman,5.387,0.395,0.400,0.452,0.476,38,3,1,1,21,8,2,5,0.930,1,Texas A&M,2023-08-02 18:53:20
180,21,Eastern Ill.,Jaylen Prichard,o,+,Outfield,Sophomore,4.946,0.371,0.349,0.405,0.453,46,9,3,1,24,14,3,4,0.987,1,UTSA,2023-08-02 18:53:20
181,22,Lipscomb,Presley Leebrick,o,o,Outfield,Senior,4.588,0.376,0.336,0.384,0.473,34,8,4,1,20,12,0,3,0.983,1,FAU,2023-08-02 18:53:20
182,23,Texas A&M,Riley Valentine,-,o,Outfield,Freshman,3.971,0.402,0.177,0.321,0.468,3,3,0,6,17,11,3,1,0.982,1,Alabama,2023-08-02 18:53:20
183,24,"St. John's (NY)",Peyton Cody,o,-,Outfield,Senior,3.944,0.383,0.316,0.352,0.598,18,6,0,6,27,7,0,2,0.903,1,Nebraska,2023-08-02 18:53:20
184,25,UT Arlington,Reagan Hukill,+,-,Outfield,Senior,3.427,0.365,0.299,0.376,0.429,31,9,0,3,17,17,1,13,0.960,1,,2023-08-02 18:53:20
185,26,Fla. Atlantic,Riley Olson,o,o,Outfield,Junior,2.442,0.379,0.261,0.338,0.507,10,4,1,3,8,7,1,3,0.977,1,,2023-08-02 18:53:20
186,27,Illinois,Danielle Davis,-,+,Outfield,Senior,2.141,0.365,0.209,0.320,0.442,8,5,0,5,23,9,6,1,1.000,1,,2023-08-02 18:53:20
187,28,Massachusetts,Juliana Shields,-,-,Outfield,Senior,1.430,0.351,0.301,0.372,0.436,22,12,0,2,21,15,0,1,0.966,1,,2023-08-02 18:53:20
188,29,Arizona St.,Emily Cazares,-,-,Outfield,Junior,0.920,0.360,0.220,0.291,0.480,5,2,1,3,7,5,0,0,0.000,1,,2023-08-02 18:53:20
189,30,UConn,Makenzie Mason,+,+,Outfield,Junior,0.904,0.349,0.303,0.384,0.374,23,5,1,0,7,12,0,8,1.000,1,East Carolina,2023-08-02 18:53:20
190,31,Miami (OH),Maggie Murphy,-,+,Outfield,Sophomore,0.828,0.353,0.227,0.288,0.500,7,4,0,4,17,5,1,0,1.000,1,Oakland,2023-08-02 18:53:20
191,32,Texas,Alyssa Popelka,+,-,Outfield,Junior,0.621,0.349,0.371,0.418,0.371,26,0,0,0,5,5,0,9,0.966,1,Washington,2023-08-02 18:53:20
192,33,Lamar University,Audry Fleming,o,+,Outfield,Junior,0.360,0.343,0.267,0.365,0.322,19,5,0,0,12,11,3,3,1.000,1,Prairie View,2023-08-02 18:53:20
193,34,George Mason,Alena Ball,+,-,Outfield,Freshman,-0.106,0.337,0.311,0.414,0.311,23,0,0,0,5,13,0,15,0.941,1,Pitt,2023-08-02 18:53:20
194,35,Michigan St.,Mandy Esman,-,-,Outfield,Freshman,-0.125,0.337,0.265,0.322,0.417,17,13,2,1,19,4,7,1,0.946,1,Houston,2023-08-02 18:53:20
195,36,California Baptist,Natalie Elias,-,+,Outfield,Freshman,-0.258,0.333,0.349,0.379,0.349,20,0,0,0,1,2,1,1,1.000,1,Fresno St.,2023-08-02 18:53:20
196,37,Mississippi St.,Kiersten Landers,o,-,Outfield,Senior,-0.316,0.335,0.271,0.333,0.385,19,5,0,2,8,5,4,2,0.882,1,,2023-08-02 18:53:20
197,38,Harvard,Trina Hoang,+,-,Outfield,Senior,-0.731,0.332,0.311,0.381,0.345,33,4,0,0,14,14,0,14,0.959,1,,2023-08-02 18:53:20
198,39,Houston Christian,Avery Drake,+,+,Outfield,Sophomore,-0.852,0.332,0.326,0.369,0.366,49,5,1,0,14,10,1,17,0.989,1,,2023-08-02 18:53:20
199,40,FIU,Alexis Ross,+,+,Outfield,Junior,-1.183,0.311,0.423,0.436,0.462,17,1,0,0,4,1,1,8,1.000,1,Michigan St.,2023-08-02 18:53:20
200,41,Tennessee St.,Alyssia Drayton,-,-,Outfield,Sophomore,-1.660,0.308,0.217,0.349,0.290,8,3,0,0,3,8,5,1,0.917,1,,2023-08-02 18:53:20
201,42,Portland St.,Trinity Holden,-,-,Outfield,Freshman,-1.670,0.319,0.255,0.350,0.412,14,2,1,3,23,9,5,0,0.923,1,Oregon,2023-08-02 18:53:20
202,43,UCLA,Lauryn Carter,+,+,Outfield,Junior,-1.850,0.304,0.220,0.324,0.305,10,2,0,1,9,6,3,7,1.000,1,LMU,2023-08-02 18:53:20
203,44,Villanova,Dani Dabroski,+,-,Outfield,Senior,-2.058,0.320,0.248,0.364,0.306,25,3,2,0,11,21,1,7,0.940,1,Monmouth,2023-08-02 18:53:20
204,45,Michigan St.,Brooke Snyder,-,-,Outfield,Senior,-2.163,0.294,0.250,0.308,0.350,10,3,1,0,7,4,1,1,0.967,1,,2023-08-02 18:53:20
205,46,Holy Cross,Olivia Eckelman,o,o,Outfield,Senior,-2.198,0.310,0.202,0.356,0.238,13,3,0,0,2,18,1,4,0.983,1,,2023-08-02 18:53:20
206,47,BYU,Alexis Gilio,+,-,Outfield,Sophomore,-2.615,0.305,0.293,0.333,0.402,21,5,1,0,4,5,0,6,0.951,1,Louisiana Tech,2023-08-02 18:53:20
207,48,North Carolina,Kianna Jones,-,o,Outfield,Junior,-2.673,0.297,0.192,0.268,0.356,8,3,0,3,9,7,1,0,0.988,1,South Carolina,2023-08-02 18:53:20
208,49,Omaha,Sophie Cerveny,o,-,Outfield,Sophomore,-2.763,0.303,0.289,0.359,0.349,20,3,1,0,9,9,0,2,0.906,1,Eastern Illinois,2023-08-02 18:53:20
209,50,Lamar University,Hayley Freudenberg,-,o,Outfield,Junior,-3.055,0.312,0.269,0.303,0.388,24,10,0,2,21,8,0,1,0.986,1,,2023-08-02 18:53:20
210,51,UTSA,Lilly Hood,-,o,Outfield,Freshman,-3.133,0.310,0.209,0.292,0.388,14,4,0,6,19,14,1,1,0.983,1,Central Ark.,2023-08-02 18:53:20
211,52,Canisius,Sophia Recrosio,o,+,Outfield,Senior,-3.355,0.290,0.298,0.322,0.345,22,2,1,0,8,2,1,2,1.000,1,Marist,2023-08-02 18:53:20
212,53,Duke,Kamryn Jackson,o,-,Outfield,Senior,-3.682,0.264,0.200,0.302,0.244,8,2,0,0,7,5,4,4,0.960,1,FAU,2023-08-02 18:53:20
213,54,Jacksonville,Tatianna Davis,o,-,Outfield,Sophomore,-3.820,0.295,0.289,0.325,0.377,22,2,4,0,12,4,2,4,0.964,1,,2023-08-02 18:53:20
214,55,Georgia Tech,Auburn Dupree,+,-,Outfield,Sophomore,-4.032,0.261,0.233,0.303,0.267,13,0,1,0,1,6,0,12,0.943,1,UAB,2023-08-02 18:53:20
215,56,DePaul,Grace Frazier,-,-,Outfield,Senior,-4.039,0.303,0.254,0.340,0.300,28,4,1,0,12,14,2,1,0.945,1,,2023-08-02 18:53:20
216,57,FIU,Logan Turner,-,+,Outfield,Freshman,-4.246,0.259,0.250,0.286,0.281,14,2,0,0,6,3,1,0,1.000,1,North Florida,2023-08-02 18:53:20
217,58,East Carolina,Sydney Yoder,-,+,Outfield,Senior,-4.420,0.268,0.222,0.278,0.306,14,0,0,2,6,4,2,1,1.000,1,Rhode Island,2023-08-02 18:53:20
218,59,Missouri St.,Mckayla Carney,+,o,Outfield,Sophomore,-4.425,0.270,0.186,0.293,0.257,9,3,1,0,8,10,1,6,0.985,1,Rogers St.,2023-08-02 18:53:20
219,60,Tex. A&M-Commerce,America Rubio,o,-,Outfield,Junior,-4.470,0.265,0.184,0.244,0.303,8,3,0,2,4,6,0,2,0.958,1,,2023-08-02 18:53:20
220,61,DePaul,Tori Meyer,o,+,Outfield,Senior,-5.057,0.300,0.257,0.331,0.336,31,1,1,3,26,14,3,5,0.991,1,Bradley,2023-08-02 18:53:20
221,62,ETSU,Makala Strickland,-,o,Outfield,Junior,-5.066,0.226,0.163,0.232,0.314,1,4,0,1,5,4,1,1,0.977,1,,2023-08-02 18:53:20
222,63,Boston College,Aleyah Terrell,o,+,Outfield,Freshman,-5.369,0.253,0.219,0.288,0.260,14,1,1,0,3,7,0,4,1.000,1,Duke,2023-08-02 18:53:20
223,64,South Fla.,Hallie Bryant,+,o,Outfield,Sophomore,-6.103,0.262,0.234,0.267,0.319,17,3,1,1,16,3,2,6,0.972,1,Mercer,2023-08-02 18:53:20
224,65,Wagner,Bianca Worthy,o,o,Outfield,Senior,-6.241,0.272,0.258,0.272,0.333,23,6,0,1,10,3,0,4,0.983,1,Howard,2023-08-02 18:53:20
225,66,Eastern Ill.,Riley Dittmar,-,+,Outfield,Sophomore,-6.349,0.209,0.203,0.250,0.220,11,1,0,0,5,2,1,0,1.000,1,Western Michigan,2023-08-02 18:53:20
226,67,Houston,Leanne Matthews,o,o,Outfield,Sophomore,-6.431,0.268,0.265,0.277,0.327,24,5,1,0,15,3,0,3,0.982,1,Rutgers,2023-08-02 18:53:20
227,68,Brown,Brianna Rodriguez,o,-,Outfield,Junior,-6.497,0.229,0.197,0.240,0.254,10,4,0,0,2,4,0,3,0.887,1,,2023-08-02 18:53:20
228,69,A&M-Corpus Christi,Juliana J. Garcia,+,+,Outfield,Junior,-7.114,0.271,0.242,0.314,0.258,28,2,0,0,6,12,1,11,1.000,1,,2023-08-02 18:53:20
229,70,Oregon St.,Aubree Seaney,-,+,Outfield,Sophomore,-7.286,0.192,0.169,0.222,0.186,9,1,0,0,3,2,2,0,1.000,1,Louisiana Tech,2023-08-02 18:53:20
230,71,Massachusetts,Emily Whelan,o,o,Outfield,Senior,-10.180,0.247,0.212,0.262,0.273,21,6,1,0,6,7,2,4,0.974,1,,2023-08-02 18:53:20
231,72,Presbyterian,Rebecca Clark,-,+,Outfield,Senior,-10.904,0.221,0.197,0.215,0.291,16,4,0,2,14,2,1,0,0.990,1,,2023-08-02 18:53:20
232,1,Seton Hall,Shelby Smith,-,-,Pitcher,Senior,15.635,0.451,0.338,0.429,0.566,34,9,0,8,38,24,1,0,0.950,1,Houston,2023-08-02 18:53:20
233,2,Presbyterian,Morgan Hess,-,-,Pitcher,Sophomore,9.849,0.429,0.270,0.352,0.603,17,3,0,12,29,14,2,0,0.907,1,Delaware,2023-08-02 18:53:20
234,3,Canisius,Rylee Alfaro,-,-,Pitcher,Freshman,5.415,0.443,0.351,0.439,0.526,14,4,0,2,13,6,3,0,0.947,1,UC Riverside,2023-08-02 18:53:20
235,4,Iowa,Denali Loecker,-,-,Pitcher,Junior,5.007,0.369,0.251,0.323,0.469,30,7,2,10,42,18,2,0,0.944,1,Louisiana,2023-08-02 18:53:20
236,5,Rutgers,Ryann Orange,o,-,Pitcher,Freshman,4.668,0.376,0.301,0.348,0.486,28,9,3,4,27,9,2,4,0.900,1,California,2023-08-02 18:53:20
237,6,Maryland,Trinity Schlotterbeck,+,o,Pitcher,Senior,2.340,0.357,0.272,0.327,0.471,25,6,2,6,40,11,1,6,0.983,1,FAU,2023-08-02 18:53:20
238,7,Washington,Kelley Lynch,-,+,Pitcher,Senior,0.531,0.345,0.277,0.319,0.458,17,6,0,3,19,5,1,0,1.000,1,LSU,2023-08-02 18:53:20
239,8,New Mexico,Jenna Trim,-,o,Pitcher,Junior,-1.282,0.319,0.222,0.309,0.361,9,5,1,1,6,8,1,0,0.986,1,,2023-08-02 18:53:20
240,9,Marist,Reese Wilson,-,-,Pitcher,Freshman,-2.285,0.311,0.250,0.324,0.344,18,3,0,2,11,10,1,0,0.948,1,,2023-08-02 18:53:20
241,10,Marshall,Brianna Godfrey,+,-,Pitcher,Freshman,-3.747,0.271,0.253,0.317,0.333,12,0,2,0,3,5,2,7,0.918,1,Maryland,2023-08-02 18:53:20
242,11,CSU Bakersfield,Reina Castillo,-,+,Pitcher,Sophomore,-4.320,0.260,0.197,0.303,0.227,9,2,0,0,3,9,1,0,1.000,1,Tennessee St.,2023-08-02 18:53:20
243,1,Newberry,Molly Mattas,-,+,Catcher,Freshman,22.953,0.503,0.380,0.409,0.681,33,19,0,10,46,7,1,0,0.995,2,,2023-08-02 18:53:20
244,2,Lee,Sidney Lee,o,+,Catcher,Sophomore,21.078,0.489,0.347,0.413,0.646,29,11,0,11,43,17,1,3,0.992,2,South Alabama,2023-08-02 18:53:20
245,3,Mercy,Cayla Crawford,+,-,Catcher,Freshman,16.542,0.503,0.434,0.493,0.639,39,8,1,5,22,14,1,15,0.938,2,,2023-08-02 18:53:20
246,4,Newberry,Mackenzie Turner,o,+,Catcher,Sophomore,14.134,0.498,0.383,0.433,0.660,22,8,0,6,30,7,2,2,1.000,2,,2023-08-02 18:53:20
247,5,Georgian Court,Savannah Simons,o,-,Catcher,Freshman,11.817,0.422,0.318,0.412,0.506,35,14,2,5,38,14,17,3,0.943,2,,2023-08-02 18:53:20
248,6,Quincy,Taylor Downen,-,o,Catcher,Senior,8.838,0.410,0.355,0.383,0.536,34,10,0,5,32,8,0,1,0.986,2,,2023-08-02 18:53:20
249,7,Southern Ark.,Emily Shipman,o,+,Catcher,Sophomore,8.724,0.412,0.293,0.331,0.557,19,14,1,7,34,6,3,2,0.994,2,,2023-08-02 18:53:20
250,8,Francis Marion,Reagan Glanz,o,+,Catcher,Senior,4.815,0.391,0.333,0.402,0.462,22,1,0,3,21,8,1,5,0.994,2,,2023-08-02 18:53:20
251,9,Sioux Falls,Reese Holzhueter,o,-,Catcher,Sophomore,4.625,0.417,0.315,0.398,0.506,16,9,1,2,17,12,1,5,0.974,2,,2023-08-02 18:53:20
252,10,Drury,Sydney Sneed,o,-,Catcher,Senior,1.333,0.344,0.287,0.371,0.376,24,3,0,2,10,13,1,2,0.979,2,,2023-08-02 18:53:20
253,11,Hawaii Hilo,Klara Cejkova-Kolaci,-,+,Catcher,Junior,0.545,0.338,0.230,0.390,0.295,11,2,1,0,6,14,2,0,1.000,2,,2023-08-02 18:53:20
254,12,Pittsburg St.,Gracie Sullivan,-,+,Catcher,Junior,0.281,0.328,0.248,0.320,0.381,21,3,0,4,17,9,3,0,0.993,2,,2023-08-02 18:53:20
255,13,Caldwell,Delaney Ridgell,o,-,Catcher,Freshman,-0.375,0.350,0.312,0.366,0.413,30,12,1,0,20,5,8,4,0.976,2,,2023-08-02 18:53:20
256,14,Chico St.,Lanie Blomquist,-,o,Catcher,Sophomore,-3.119,0.244,0.179,0.281,0.214,8,2,0,0,6,8,0,0,0.990,2,,2023-08-02 18:53:20
257,15,Lincoln (MO),Madison Garcia,-,-,Catcher,Freshman,-3.233,0.278,0.268,0.278,0.352,13,6,0,0,6,1,0,1,0.970,2,,2023-08-02 18:53:20
258,16,Florida Tech,Ella Chang Gibson,o,o,Catcher,Senior,-3.420,0.270,0.233,0.291,0.300,22,5,0,1,15,9,2,2,0.982,2,,2023-08-02 18:53:20
259,17,Lincoln (MO),Jacqueline Marquez,-,-,Catcher,Junior,-3.905,0.255,0.197,0.222,0.328,8,2,0,2,7,2,0,0,0.975,2,,2023-08-02 18:53:20
260,18,West Virginia St.,Olivia Mcclain,o,-,Catcher,Sophomore,-4.595,0.277,0.250,0.308,0.300,12,3,0,0,9,5,0,3,0.806,2,,2023-08-02 18:53:20
261,19,Staten Island,Amelia Funston,-,+,Catcher,Freshman,-8.312,0.284,0.263,0.336,0.288,28,3,0,0,13,12,1,0,1.000,2,,2023-08-02 18:53:20
262,20,Shaw,"Sas'kia Stephens",o,-,Catcher,Senior,-15.158,0.238,0.220,0.270,0.256,15,3,0,0,20,4,2,2,0.947,2,,2023-08-02 18:53:20
263,1,Montevallo,Alisha Lanyon,o,o,Corner,Sophomore,24.898,0.527,0.355,0.393,0.739,19,18,1,11,38,9,1,6,0.963,2,,2023-08-02 18:53:20
264,2,West Va. Wesleyan,Morgan Norris,o,+,Corner,Sophomore,24.871,0.502,0.397,0.450,0.674,46,13,4,10,57,10,11,4,0.989,2,Regis,2023-08-02 18:53:20
265,3,Ohio Dominican,Braxton Downs,o,+,Corner,Senior,22.643,0.494,0.387,0.447,0.642,39,20,0,8,53,17,4,6,0.985,2,,2023-08-02 18:53:20
266,4,Colorado Mesa,Aislyn Sharp,o,o,Corner,Junior,19.391,0.502,0.351,0.453,0.627,26,13,0,8,26,21,4,4,0.974,2,,2023-08-02 18:53:20
267,5,UC-Colo. Springs,Paige White,-,-,Corner,Sophomore,16.433,0.554,0.340,0.409,0.773,10,13,1,9,19,12,0,0,0.903,2,,2023-08-02 18:53:20
268,6,Saginaw Valley,Alexis Gills,+,+,Corner,Junior,14.863,0.447,0.377,0.443,0.562,37,12,3,3,31,17,2,14,0.984,2,,2023-08-02 18:53:20
269,7,West Va. Wesleyan,Andie Dizon,o,+,Corner,Freshman,14.044,0.463,0.342,0.404,0.604,31,10,1,9,41,11,5,2,0.989,2,,2023-08-02 18:53:20
270,8,Eastern N.M.,Ashley Nickerson,-,+,Corner,Freshman,11.662,0.415,0.308,0.403,0.484,29,16,0,4,30,23,3,1,0.988,2,,2023-08-02 18:53:20
271,9,UT Tyler,Caitlyn Wells,-,+,Corner,Junior,9.267,0.420,0.270,0.404,0.483,15,4,0,5,26,20,2,0,1.000,2,,2023-08-02 18:53:20
272,10,Assumption,Mackenzie Bruggeman,-,o,Corner,Freshman,7.518,0.458,0.257,0.368,0.581,7,6,0,6,18,12,1,0,0.967,2,,2023-08-02 18:53:20
273,11,Lane,Kela Ray,+,-,Corner,Sophomore,5.890,0.460,0.388,0.446,0.602,27,4,4,3,27,12,0,11,0.924,2,,2023-08-02 18:53:20
274,12,Tusculum,Hayley Lazo,-,o,Corner,Senior,4.374,0.396,0.341,0.400,0.473,21,9,0,1,15,4,5,1,0.972,2,,2023-08-02 18:53:20
275,13,West Ga.,Ava Ramirez,-,-,Corner,Sophomore,2.127,0.364,0.208,0.356,0.375,6,2,0,2,6,10,1,1,0.935,2,,2023-08-02 18:53:20
276,14,Eastern N.M.,Katelyn Cifuentes,-,-,Corner,Junior,0.975,0.341,0.214,0.279,0.429,6,3,0,3,16,5,0,0,0.859,2,,2023-08-02 18:53:20
277,15,Newberry,Lindsey Mitchell,-,+,Corner,Senior,0.457,0.317,0.290,0.315,0.406,15,3,1,1,13,3,0,0,0.992,2,,2023-08-02 18:53:20
278,16,Chico St.,Anastacia Alba,+,-,Corner,Sophomore,-0.325,0.325,0.317,0.365,0.372,39,6,1,0,11,9,2,12,0.944,2,,2023-08-02 18:53:20
279,17,Newman,Gianna De Luca-Paape,o,o,Corner,Junior,-0.665,0.328,0.223,0.313,0.369,20,11,0,4,26,18,3,3,0.980,2,,2023-08-02 18:53:20
280,18,Alliance,Kayla Bird,o,-,Corner,Unknown,-3.341,0.343,0.293,0.338,0.423,26,7,0,3,24,8,2,2,0.953,2,,2023-08-02 18:53:20
281,19,Winston-Salem,Emma Eckhart,o,-,Corner,Freshman,-5.098,0.440,0.277,0.397,0.538,9,4,2,3,14,6,7,4,0.948,2,,2023-08-02 18:53:20
282,20,East Central,Vanessa Tamayo,-,+,Corner,Junior,-5.409,0.284,0.237,0.286,0.339,18,8,2,0,10,7,1,1,0.988,2,,2023-08-02 18:53:20
283,21,Assumption,Kali Scirocco,-,+,Corner,Senior,-5.914,0.202,0.160,0.222,0.200,6,2,0,0,6,3,1,1,1.000,2,,2023-08-02 18:53:20
284,22,Flagler,Olivia Parker,-,+,Corner,Sophomore,-7.020,0.257,0.170,0.278,0.237,16,6,0,1,16,19,2,0,0.987,2,,2023-08-02 18:53:20
285,23,Drury,Lindsay Henson,-,-,Corner,Sophomore,-8.233,0.205,0.153,0.209,0.224,8,4,1,0,10,6,0,0,0.921,2,,2023-08-02 18:53:20
286,24,Fayetteville St.,Dakota Smith,o,-,Corner,Freshman,-10.134,0.331,0.268,0.362,0.354,18,2,1,1,20,11,1,2,0.907,2,,2023-08-02 18:53:20
287,25,Alliance,Jenna Gillespie,-,-,Corner,Unknown,-12.576,0.151,0.091,0.177,0.109,4,1,0,0,3,6,0,0,0.953,2,,2023-08-02 18:53:20
288,26,Alliance,Sarah Nunez,-,-,Corner,Unknown,-15.532,0.210,0.174,0.256,0.183,18,1,0,0,6,11,1,1,0.917,2,,2023-08-02 18:53:20
289,1,Biola,Colby Mcclinton,+,-,Middle Infield,Freshman,20.822,0.472,0.429,0.513,0.559,56,12,5,0,26,21,8,16,0.929,2,Cal St. Fullterton,2023-08-02 18:53:20
290,2,Eckerd,Brenna Lokeinsky,+,+,Middle Infield,Sophomore,15.387,0.435,0.381,0.437,0.542,44,9,2,4,25,13,4,16,0.975,2,,2023-08-02 18:53:20
291,3,Quincy,Ashley Gerber,o,+,Middle Infield,Senior,6.407,0.388,0.313,0.395,0.448,27,13,1,1,16,13,5,6,0.983,2,Lindenwood,2023-08-02 18:53:20
292,4,Newman,Gianna Navarro,-,o,Middle Infield,Sophomore,6.219,0.375,0.376,0.400,0.468,58,9,1,2,23,7,1,0,0.946,2,,2023-08-02 18:53:20
293,5,Christian Brothers,Elaina Mcgill,o,-,Middle Infield,Senior,5.342,0.382,0.195,0.387,0.368,8,6,0,3,18,21,8,4,0.933,2,,2023-08-02 18:53:20
294,6,Anderson (SC),Madison Mcdonald,o,+,Middle Infield,Sophomore,5.326,0.390,0.322,0.355,0.506,18,7,0,3,13,5,0,2,0.971,2,,2023-08-02 18:53:20
295,7,Nova Southeastern,Alexi Watkins,o,o,Middle Infield,Sophomore,3.462,0.318,0.187,0.378,0.227,11,3,0,0,6,11,12,6,0.940,2,,2023-08-02 18:53:20
296,8,Rogers St.,Nicole Price,+,+,Middle Infield,Sophomore,0.587,0.326,0.327,0.387,0.353,45,4,0,0,17,16,0,10,0.957,2,,2023-08-02 18:53:20
297,9,Dominican (CA),Faith Erb,o,-,Middle Infield,Senior,0.568,0.371,0.320,0.424,0.380,13,3,0,0,3,9,0,3,0.928,2,,2023-08-02 18:53:20
298,10,Chowan,Caston Garland,o,-,Middle Infield,Freshman,-0.864,0.366,0.246,0.377,0.386,9,3,1,1,12,11,1,3,0.806,2,,2023-08-02 18:53:20
299,11,UT Tyler,Keely Castillo,-,+,Middle Infield,Sophomore,-1.433,0.270,0.200,0.306,0.250,9,3,0,0,11,9,1,0,0.971,2,,2023-08-02 18:53:20
300,12,Quincy,Jayle Jennings,o,+,Middle Infield,Senior,-1.888,0.315,0.244,0.298,0.382,24,3,0,5,18,10,0,4,0.967,2,,2023-08-02 18:53:20
301,13,West Va. Wesleyan,Alli Robinson,o,-,Middle Infield,Senior,-2.067,0.334,0.252,0.347,0.364,25,8,1,2,17,19,3,2,0.935,2,,2023-08-02 18:53:20
302,14,Newman,Laurie Cooke,+,o,Middle Infield,Sophomore,-2.284,0.319,0.301,0.338,0.387,43,10,3,0,20,8,3,17,0.937,2,,2023-08-02 18:53:20
303,15,Stanislaus St.,Sheridan Gulley,-,-,Middle Infield,Sophomore,-3.171,0.285,0.270,0.333,0.300,24,3,0,0,11,10,0,0,0.914,2,,2023-08-02 18:53:20
304,16,Sioux Falls,Rylie Jones,+,o,Middle Infield,Sophomore,-3.322,0.327,0.289,0.361,0.365,38,5,2,1,21,13,6,19,0.942,2,,2023-08-02 18:53:20
305,17,Pitt.-Johnstown,Emilia Santiago,-,o,Middle Infield,Freshman,-4.903,0.307,0.260,0.338,0.325,26,5,0,1,13,13,2,0,0.940,2,,2023-08-02 18:53:20
306,18,Ouachita Baptist,Madyson Shoebottom,-,+,Middle Infield,Freshman,-5.297,0.289,0.255,0.287,0.364,22,2,2,2,14,4,1,1,0.965,2,,2023-08-02 18:53:20
307,19,Chico St.,Rachael Bles,o,o,Middle Infield,Sophomore,-6.037,0.268,0.250,0.265,0.348,24,6,2,1,14,3,0,3,0.940,2,,2023-08-02 18:53:20
308,20,Georgian Court,Jordan Mendolla,+,-,Middle Infield,Sophomore,-6.319,0.279,0.162,0.239,0.323,6,7,0,3,17,8,2,7,0.898,2,,2023-08-02 18:53:20
309,21,Staten Island,Laila Aponte,-,+,Middle Infield,Sophomore,-7.001,0.230,0.186,0.288,0.186,8,0,0,0,4,7,0,0,0.969,2,,2023-08-02 18:53:20
310,22,New Haven,Maeve Lougheed,-,-,Middle Infield,Sophomore,-7.912,0.289,0.265,0.311,0.331,27,9,0,0,15,10,0,1,0.874,2,,2023-08-02 18:53:20
311,23,Lincoln (MO),Myah Dwyer,+,-,Middle Infield,Freshman,-7.959,0.250,0.209,0.243,0.300,15,7,0,1,2,4,1,7,0.926,2,,2023-08-02 18:53:20
312,1,Tuskegee,Marissa Mitchell,o,+,Outfield,Freshman,17.217,0.532,0.496,0.519,0.699,39,19,3,0,41,6,1,5,0.984,2,West Alabama,2023-08-02 18:53:20
313,2,Seton Hill,Camryn Murphy,o,o,Outfield,Freshman,11.693,0.477,0.300,0.385,0.636,14,10,0,9,28,15,2,6,0.964,2,,2023-08-02 18:53:20
314,3,Angelo St.,Lindsey Evans,+,o,Outfield,Sophomore,11.164,0.423,0.231,0.354,0.517,18,3,0,13,33,21,7,7,0.976,2,,2023-08-02 18:53:20
315,4,Lee,Ana Macha,+,-,Outfield,Sophomore,9.980,0.400,0.433,0.497,0.433,65,0,0,0,9,19,0,24,0.922,2,Indiana St.,2023-08-02 18:53:20
316,5,Neb.-Kearney,Lyndsey Roth,-,-,Outfield,Sophomore,9.232,0.420,0.270,0.402,0.490,16,4,3,4,16,22,0,1,0.917,2,,2023-08-02 18:53:20
317,6,Notre Dame (OH),Emma Gumont,+,o,Outfield,Sophomore,3.945,0.384,0.330,0.358,0.503,42,9,2,6,46,4,4,8,0.963,2,Illinois-Chicago,2023-08-02 18:53:20
318,7,Western N.M.,Cecilia Jurado,-,-,Outfield,Junior,3.542,0.361,0.290,0.350,0.439,22,5,1,3,12,6,4,0,0.932,2,,2023-08-02 18:53:20
319,8,Cal St. Monterey Bay,Ivana Perez,o,+,Outfield,Senior,3.323,0.354,0.281,0.354,0.413,32,11,1,3,19,20,0,5,0.986,2,,2023-08-02 18:53:20
320,9,Mars Hill,Ella Brooks,+,-,Outfield,Freshman,2.811,0.377,0.287,0.406,0.402,20,2,1,2,10,16,2,7,0.952,2,,2023-08-02 18:53:20
321,10,East Central,Jayna Reid,o,+,Outfield,Junior,2.418,0.361,0.267,0.410,0.336,25,5,0,1,10,19,9,3,1.000,2,,2023-08-02 18:53:20
322,11,Findlay,Rachel Mease,-,-,Outfield,Sophomore,0.723,0.358,0.358,0.377,0.448,20,3,0,1,9,2,0,1,0.953,2,,2023-08-02 18:53:20
323,12,Southern Ark.,Courtney Storey,o,-,Outfield,Sophomore,0.561,0.341,0.280,0.331,0.414,29,12,0,3,32,7,6,4,0.894,2,,2023-08-02 18:53:20
324,13,Barry,Jordan Ream,o,-,Outfield,Sophomore,0.179,0.256,0.214,0.308,0.232,11,1,0,0,3,7,1,6,0.936,2,,2023-08-02 18:53:20
325,14,Colo. Christian,Mikayla Oaks,-,+,Outfield,Junior,-1.340,0.337,0.245,0.300,0.422,14,7,1,3,13,6,2,0,1.000,2,,2023-08-02 18:53:20
326,15,Chico St.,Blaire Willson,o,-,Outfield,Sophomore,-1.947,0.260,0.246,0.283,0.298,11,3,0,0,7,3,0,2,0.938,2,,2023-08-02 18:53:20
327,16,Lynn,Aymee Godmaire,o,o,Outfield,Senior,-1.956,0.282,0.228,0.330,0.261,18,3,0,0,6,13,1,3,0.971,2,,2023-08-02 18:53:20
328,17,Okla. Baptist,Alleyna Rushing,+,-,Outfield,Freshman,-3.174,0.268,0.276,0.333,0.276,16,0,0,0,2,5,0,8,0.875,2,,2023-08-02 18:53:20
329,18,Fort Hays St.,Reese Curry,-,+,Outfield,Sophomore,-3.187,0.279,0.291,0.333,0.309,15,1,0,0,7,4,0,0,1.000,2,,2023-08-02 18:53:20
330,19,Henderson St.,Madison Treutlein,-,-,Outfield,Sophomore,-3.494,0.272,0.242,0.329,0.258,14,1,0,0,10,8,0,0,0.941,2,,2023-08-02 18:53:20
331,20,Chowan,Peyton Rockwell,o,+,Outfield,Freshman,-4.266,0.305,0.266,0.382,0.266,17,0,0,0,5,11,1,5,1.000,2,,2023-08-02 18:53:20
332,21,Bowie St.,Morgan Joseph,+,-,Outfield,Sophomore,-4.415,0.375,0.295,0.368,0.475,11,3,4,0,10,7,0,21,0.955,2,,2023-08-02 18:53:20
333,22,Chico St.,Kyra Gooler,-,+,Outfield,Sophomore,-4.976,0.171,0.167,0.196,0.188,7,1,0,0,6,2,0,0,1.000,2,,2023-08-02 18:53:20
334,23,Caldwell,Olivia Magliacano,o,-,Outfield,Freshman,-9.749,0.265,0.220,0.288,0.280,21,8,0,0,17,13,0,6,0.885,2,,2023-08-02 18:53:20
335,24,West Va. Wesleyan,Jenna Christopher,+,-,Outfield,Freshman,-10.746,0.219,0.170,0.228,0.245,11,3,2,0,7,6,1,13,0.865,2,,2023-08-02 18:53:20
336,25,Spring Hill,Sophia Nuzzolillo,o,o,Outfield,Junior,-11.222,0.252,0.235,0.292,0.272,17,1,1,0,11,7,0,5,0.968,2,,2023-08-02 18:53:20
337,1,Neb.-Kearney,Sydney Thomason,o,o,Pitcher,Sophomore,19.083,0.466,0.358,0.418,0.610,34,14,1,8,25,16,3,2,0.979,2,,2023-08-02 18:53:20
338,2,Savannah St.,Samantha Morales,-,o,Pitcher,Junior,3.269,0.475,0.378,0.432,0.608,17,8,0,3,19,7,0,1,0.969,2,,2023-08-02 18:53:20
339,3,Eastern N.M.,Jennifer Gress,-,-,Pitcher,Sophomore,0.956,0.341,0.190,0.370,0.295,12,6,1,1,13,21,9,1,0.956,2,,2023-08-02 18:53:20
340,4,Mars Hill,Alyssa Poston,+,-,Pitcher,Freshman,0.807,0.353,0.272,0.392,0.358,18,2,1,1,14,16,0,16,0.921,2,,2023-08-02 18:53:20
341,5,St. Thomas Aquinas,Abbie Landrum,-,-,Pitcher,Sophomore,-0.878,0.375,0.308,0.359,0.470,22,11,1,2,18,8,3,0,0.956,2,,2023-08-02 18:53:20
342,6,Allen,Daeshonna Beckham-Timmons,+,-,Pitcher,Senior,-5.647,0.328,0.284,0.333,0.389,21,4,0,2,17,6,1,9,0.888,2,,2023-08-02 18:53:20
343,7,Fayetteville St.,Braynka Brown,o,-,Pitcher,Senior,-6.173,0.406,0.315,0.439,0.426,13,3,0,1,7,11,1,2,0.900,2,,2023-08-02 18:53:20
344,8,Queens (NY),Dyana Budakowski,+,-,Pitcher,Junior,-10.155,0.256,0.262,0.287,0.308,31,1,1,1,10,5,0,8,0.895,2,,2023-08-02 18:53:20