university,Previous_Division_ID,Name,position,signed_university,New_Division_ID
Marshall,2,Autumn Owen,Catcher,North Carolina,1
DePaul,2,Anna Wohlers,Catcher,Auburn,1
Liberty,2,Caroline Hudson,Catcher,Oklahoma St.,1
Maryland,1,Amelia Lech,Catcher,Auburn,1
Georgia Tech,1,Emma Kauf,Catcher,Oregon,1
USC Upstate,2,Casey Goguts,Catcher,FIU,2
Louisville,1,Sarah Gordon,Catcher,Georgia,1
Central Mich.,2,Kelsey Alexander,Catcher,,4
Furman,2,Riley Ludlam,Catcher,Oklahoma,1
Oklahoma,1,Sophia Nugent,Catcher,Tennessee,1
USC Upstate,2,Peyton Darnell,Catcher,App. State,
Cornell,2,Celia Macari,Catcher,,4
Weber St.,2,Mika Chong,Catcher,LMU,
Harvard,2,Allison Heffley,Catcher,George Washington,2
Houston,2,Emma Robertson,Catcher,Central Ark.,2
South Dakota,2,Izzabela Goerke,Catcher,,4
Western Mich.,2,Courtney Farrish,Catcher,,4
Yale,2,Sam Goodcase,Catcher,,4
Utah Valley,2,Jaeden Barajas,Catcher,,4
New Mexico St.,2,Hannah Lindsay,Catcher,Iowa,1
Seattle U,2,Kalyn Hill,Catcher,Tarleton St.,2
Iowa,1,Tristin Doster,Catcher,Campbell,2
Princeton,2,Adrienne Chang,Catcher,,4
Harvard,2,Teagan Shaw,Catcher,,4
California Baptist,2,Mackenzie San Pedro,Catcher,CSUN,2
Missouri,1,Megan Moll,Catcher,FAU,
North Dakota,2,Baylee Howley,Catcher,Utah Tech,2
Harvard,2,Megan Welsh,Catcher,Western Michigan,
LMU (CA),2,Taylor Fitch,Catcher,Seattle,
"Saint Peter's",2,Brandi Feeney,Catcher,Lees-McRae,3
Gardner-Webb,2,Bridgette Strobl,Catcher,,4
Toledo,2,Macey Moore,Catcher,Bradley,2
Auburn,1,Jessie Blaine,Catcher,Mississippi St.,1
Bradley,2,Katie Pederson,Catcher,Illinois-Springfield,
Bethune-Cookman,2,Jordyn Villanueva,Catcher,Orange Lutheran,
Alcorn,2,Mikeria Howard,Catcher,Alabama St.,2
South Carolina,1,Hannah Hawley,Catcher,Michigan St.,1
FDU,2,Hailey Ramberg,Catcher,,4
"Saint Joseph's",2,Madison Fife,Catcher,Delaware,2
Campbell,2,Lindsey Hunt,Catcher,Drexel,2
UCLA,1,Alyssa Garcia,Catcher,San Diego St.,2
Utah St.,2,Makenzie Macfarlane,Catcher,Arizona St.,1
"Saint Joseph's",2,Payton Baxter,Catcher,McKendree,3
LIU,2,Maya Avila,Catcher,,4
New Mexico,2,Leslie Romero,Catcher,,4
Presbyterian,2,Ciara Hanson,Catcher,,4
SFA,2,Sydney Carithers,Catcher,New Mexico,2
CSU Bakersfield,2,Jocelynn Molina,Catcher,,4
California,1,Kennedy Thomas,Catcher,Houston,2
N.C. A&T,2,Sierra Baldwin,Catcher,Michigan St.,1
Liberty,2,Alexis Soto,Catcher,GCU,
Kennesaw St.,2,Isabella Galloway,Catcher,Lee,3
Troy,2,Katelynn De Leon,Catcher,FAU,
Tarleton St.,2,Brittany Coe,Catcher,SFA,2
Delaware,2,Jayla Brooks,Catcher,,4
Kennesaw St.,2,Stacey Deputy,Catcher,Campbell,2
"Saint Joseph's",2,Kaelin Cash,Corner,Michigan St.,1
Auburn,1,Bri Ellis,Corner,Arkansas,1
Notre Dame,1,Joley Mitchell,Corner,Texas,1
Lamar University,2,Samantha Bean,Corner,Maryland,1
Norfolk St.,2,Kenna Higa,Corner,Howard,2
Georgia St.,2,Bailee Richardson,Corner,Louisville,1
Texas,1,Courtney Day,Corner,Ole Miss,1
Oklahoma,1,Jocelyn Erickson,Corner,Florida,1
Bowling Green,2,Sophie Weber,Corner,Western Kentucky,
N.C. A&T,2,Dezianna Patmon,Corner,,4
Boston College,1,Abigail Knight,Corner,Charlotte,2
UAlbany,2,Sierra Fretz,Corner,"Saint Joseph's",2
Auburn,1,Denver Bryant,Corner,South Carolina,1
Pittsburgh,1,Haylie Brunson,Corner,Penn St.,1
Utah St.,2,Claire Raley,Corner,Louisiana Tech,2
Canisius,2,Destiny Falquez,Corner,St. Thomas,5
San Jose St.,2,Karizma Bergesen,Corner,Boise St.,2
Florida,1,Olivia Gigante,Corner,,4
California,1,"D'asha Saiki",Corner,Fresno St.,2
Villanova,2,Victoria Sebastian,Corner,,4
FDU,2,Savannah Thornell,Corner,,4
Louisiana,2,Stormy Kotzelnick,Corner,UCF,2
Detroit Mercy,2,Jaiden Lara,Corner,,4
Stony Brook,2,Ashley Jacobson,Corner,Western Washington,
Grand Canyon,2,CC Wong,Corner,Wichita St.,2
Penn St.,1,Michelle Leone,Corner,,4
Missouri,1,Riley Frizell,Corner,Louisville,1
East Carolina,2,Mackenzie Kila,Corner,CSUN,2
UIC,2,Tess Altevers Harris,Corner,,4
Rutgers,1,Calista Collins,Corner,Murray St.,2
Houston,2,Britaney Shaw,Corner,Incarnate Word,
Michigan,1,Audrey Leclair,Corner,Arizona St.,1
Illinois,1,Delaney Rummell,Corner,Ole Miss,1
Louisiana,2,Kylei Griffin,Corner,Texas A&M,1
Mississippi Val.,2,Kayla Robinson,Corner,,4
Memphis,2,Aliana Zavala,Corner,,4
"St. John's (NY)",2,Amy Mallah,Corner,,4
Brown,2,Meghan Gormley,Corner,,4
California Baptist,2,Karmyna Becerra,Corner,Southern Utah,2
Kennesaw St.,2,Brinaya Bailey,Corner,,4
Southern Utah,2,Madison Sanders,Corner,,4
Wagner,2,Alexa Garcia,Corner,,4
Wagner,2,Alexa Garcia,Corner,,4
Monmouth,2,Julia Thuer,Corner,,4
Monmouth,2,Riley Riendeau,Corner,,4
Northern Colo.,2,Peyton Gale,Corner,,4
Charleston So.,2,Lexi Markle,Corner,Queens,
UC Santa Barbara,2,Korie Thomas,Corner,San Jose St.,2
Morehead St.,2,Kirya Kingery,Corner,,4
Central Mich.,2,Emily Bracamonte,Corner,Toledo,2
South Carolina St.,2,Marissa Marshall,Corner,,4
Arizona St.,1,Savannah Price,Corner,Texas A&M,1
Siena,2,Emma Mclaughlin,Corner,,4
Dartmouth,2,Maria Angelino,Corner,,4
CSU Bakersfield,2,Shaylene Fuimaono,Corner,,4
Western Ky.,2,Kennedy Foote,Corner,,4
Indiana,1,Taryn Kern,Middle Infield,Stanford,1
Middle Tenn.,2,Laura Mealer,Middle Infield,Tennessee,1
USC Upstate,2,Tiffany Domingue,Middle Infield,Georgia Tech,1
Utah Tech,2,Lauren Almeida,Middle Infield,Fresno St.,2
Fresno St.,2,Alesia Denby,Middle Infield,Arizona St.,1
Purdue Fort Wayne,2,Taryn Jenkins,Middle Infield,Nevada,2
St. Thomas (MN),2,Brooke Ellestad,Middle Infield,Louisiana,2
UTSA,2,Kat Ibarra,Middle Infield,North Texas,2
Longwood,2,Jaden Pone,Middle Infield,Ole Miss,1
San Diego St.,2,Jillian Celis,Middle Infield,Washington,1
SFA,2,Camryn Middlebrook,Middle Infield,,4
Canisius,2,Saige Alfaro,Middle Infield,UC Riverside,2
Arizona St.,1,Jazmyn Rollin,Middle Infield,Houston,2
Ole Miss,1,Keila Kamoku,Middle Infield,BYU,1
Mississippi St.,1,Macy Graf,Middle Infield,Oklahoma St.,1
Yale,2,Carolyn Skotz,Middle Infield,,4
Lehigh,2,Lily Owens,Middle Infield,BYU,1
Green Bay,2,Jadin Justman,Middle Infield,Eastern Illinois,
Tennessee,1,Lair Beautae,Middle Infield,Houston,2
Memphis,2,Linsey Hargis,Middle Infield,,4
NIU,2,Sam Mallinder,Middle Infield,USF,
Marist,2,Sam Freeland,Middle Infield,,4
UCF,2,Micaela Macario,Middle Infield,San Diego St.,2
Columbia,2,Megan Ryono,Middle Infield,,4
Princeton,2,Grace Jackson,Middle Infield,,4
Tex. A&M-Commerce,2,Kaydee Bennett,Middle Infield,Abilene Christian,2
Bethune-Cookman,2,Desirae Martinez,Middle Infield,Pitt,7
Harvard,2,Kaitlin Lampson,Middle Infield,,4
Southern Utah,2,Jayne Sepulveda,Middle Infield,Lamar,6
Auburn,1,Carlee Mccondichie,Middle Infield,,4
Abilene Christian,2,Logan Gaspar,Middle Infield,CSU Bakersfield,2
LMU (CA),2,Gabby Villa,Middle Infield,,4
Cornell,2,Maicie Levitt,Middle Infield,Georgetown,2
Bucknell,2,Kailyn Lorberter,Middle Infield,,4
Tarleton St.,2,Morgan Medford,Middle Infield,North Texas,2
Radford,2,Foster Sharpe,Middle Infield,Louisberg,
Green Bay,2,Dawn Pawlak,Middle Infield,Florida Tech,3
San Jose St.,2,Jocylyn Vidal,Middle Infield,Long Beach St.,2
Lafayette,2,Harlie Bickett,Middle Infield,Ballarmine,
UMBC,2,Shanel Stott,Middle Infield,,4
North Dakota St.,2,Skylar Padgett,Middle Infield,Abilene Christian,2
Syracuse,1,Ryan Starr,Middle Infield,Ole Miss,1
Col. of Charleston,2,Mary-Kathryn Scott,Middle Infield,East Carolina,2
Monmouth,2,Eve Serrato,Middle Infield,,4
SIUE,2,Sherri Mason,Middle Infield,,4
Georgia St.,2,Emma Yanes,Middle Infield,Presbyterian,2
Tex. A&M-Commerce,2,Jodi De Hart,Middle Infield,Henderson St.,3
ULM,2,Alexis Chavez,Middle Infield,CSUN,2
Santa Clara,2,Ashley Trierweiler,Outfield,GCU,
Louisville,1,Korbe Otis,Outfield,Florida,1
UNI,2,Mya Dodge,Outfield,Missouri,1
Utah Tech,2,Tanya Windle,Outfield,Arizona St.,1
Iowa,1,Nia Carter,Outfield,Arkansas,1
Boise St.,2,Kelsey Hall,Outfield,Arizona St.,1
Coastal Carolina,2,Diamond Williams,Outfield,Maryland,1
Florida A&M,2,Melkayla Irvis,Outfield,,4
LMU (CA),2,Morgan Debord,Outfield,Minnesota,1
Central Ark.,2,Tremere Harris,Outfield,,4
Auburn,1,Lindsey Garcia,Outfield,Clemson,1
Louisiana Tech,2,Sierra Sacco,Outfield,Mississippi St.,1
Eastern Ill.,2,Aniya Holt,Outfield,UTSA,2
N.C. A&T,2,Jai Deese,Outfield,UNC - Pembroke,
Utah St.,2,Kya Pratt,Outfield,,4
Southeast Mo. St.,2,Jillian Anderson,Outfield,Rutgers,1
Washington,1,Jadelyn Allchin,Outfield,UCLA,1
Princeton,2,Serena Starks,Outfield,Illinois,1
Arizona St.,1,Jazmine Hill,Outfield,Texas A&M,1
UCLA,1,Kennedy Powell,Outfield,Texas A&M,1
Eastern Ill.,2,Jaylen Prichard,Outfield,UTSA,2
Lipscomb,2,Presley Leebrick,Outfield,FAU,
Texas A&M,1,Riley Valentine,Outfield,Alabama,1
"St. John's (NY)",2,Peyton Cody,Outfield,Nebraska,1
UT Arlington,2,Reagan Hukill,Outfield,,4
Fla. Atlantic,2,Riley Olson,Outfield,,4
Illinois,1,Danielle Davis,Outfield,,4
Massachusetts,2,Juliana Shields,Outfield,,4
Arizona St.,1,Emily Cazares,Outfield,,4
UConn,2,Makenzie Mason,Outfield,East Carolina,2
Miami (OH),2,Maggie Murphy,Outfield,Oakland,7
Miami (OH),2,Maggie Murphy,Outfield,Oakland,2
Texas,1,Alyssa Popelka,Outfield,Washington,1
Lamar University,2,Audry Fleming,Outfield,Prairie View,2
George Mason,2,Alena Ball,Outfield,Pitt,7
Michigan St.,1,Mandy Esman,Outfield,Houston,2
California Baptist,2,Natalie Elias,Outfield,Fresno St.,2
Mississippi St.,1,Kiersten Landers,Outfield,,4
Harvard,2,Trina Hoang,Outfield,,4
Houston Christian,2,Avery Drake,Outfield,,4
FIU,2,Alexis Ross,Outfield,Michigan St.,1
Tennessee St.,2,Alyssia Drayton,Outfield,,4
Portland St.,2,Trinity Holden,Outfield,Oregon,1
UCLA,1,Lauryn Carter,Outfield,LMU,
Villanova,2,Dani Dabroski,Outfield,Monmouth,2
Michigan St.,1,Brooke Snyder,Outfield,,4
Holy Cross,2,Olivia Eckelman,Outfield,,4
BYU,1,Alexis Gilio,Outfield,Louisiana Tech,2
North Carolina,1,Kianna Jones,Outfield,South Carolina,1
Omaha,2,Sophie Cerveny,Outfield,Eastern Illinois,
Lamar University,2,Hayley Freudenberg,Outfield,,4
UTSA,2,Lilly Hood,Outfield,Central Ark.,2
Canisius,2,Sophia Recrosio,Outfield,Marist,2
Duke,1,Kamryn Jackson,Outfield,FAU,
Jacksonville,2,Tatianna Davis,Outfield,,4
Georgia Tech,1,Auburn Dupree,Outfield,UAB,2
DePaul,2,Grace Frazier,Outfield,,4
FIU,2,Logan Turner,Outfield,North Florida,2
East Carolina,2,Sydney Yoder,Outfield,Rhode Island,7
East Carolina,2,Sydney Yoder,Outfield,Rhode Island,2
Missouri St.,2,Mckayla Carney,Outfield,Rogers St.,3
Tex. A&M-Commerce,2,America Rubio,Outfield,,4
DePaul,2,Tori Meyer,Outfield,Bradley,2
ETSU,2,Makala Strickland,Outfield,,4
Boston College,1,Aleyah Terrell,Outfield,Duke,1
South Fla.,2,Hallie Bryant,Outfield,Mercer,2
Wagner,2,Bianca Worthy,Outfield,Howard,2
Wagner,2,Bianca Worthy,Outfield,Howard,2
Eastern Ill.,2,Riley Dittmar,Outfield,Western Michigan,
Houston,2,Leanne Matthews,Outfield,Rutgers,1
Brown,2,Brianna Rodriguez,Outfield,,4
A&M-Corpus Christi,2,Juliana J. Garcia,Outfield,,4
Oregon St.,1,Aubree Seaney,Outfield,Louisiana Tech,2
Massachusetts,2,Emily Whelan,Outfield,,4
Presbyterian,2,Rebecca Clark,Outfield,,4
Seton Hall,2,Shelby Smith,Pitcher,Houston,2
Presbyterian,2,Morgan Hess,Pitcher,Delaware,2
Canisius,2,Rylee Alfaro,Pitcher,UC Riverside,2
Iowa,1,Denali Loecker,Pitcher,Louisiana,2
Rutgers,1,Ryann Orange,Pitcher,California,1
Maryland,1,Trinity Schlotterbeck,Pitcher,FAU,
Washington,1,Kelley Lynch,Pitcher,LSU,1
New Mexico,2,Jenna Trim,Pitcher,,4
Marist,2,Reese Wilson,Pitcher,,4
Marshall,2,Brianna Godfrey,Pitcher,Maryland,1
CSU Bakersfield,2,Reina Castillo,Pitcher,Tennessee St.,2
Newberry,3,Molly Mattas,Catcher,,4
Lee,3,Sidney Lee,Catcher,South Alabama,2
Mercy,3,Cayla Crawford,Catcher,,4
Newberry,3,Mackenzie Turner,Catcher,,4
Georgian Court,3,Savannah Simons,Catcher,,4
Quincy,3,Taylor Downen,Catcher,,4
Southern Ark.,3,Emily Shipman,Catcher,,4
Francis Marion,3,Reagan Glanz,Catcher,,4
Sioux Falls,3,Reese Holzhueter,Catcher,,4
Drury,3,Sydney Sneed,Catcher,,4
Hawaii Hilo,3,Klara Cejkova-Kolaci,Catcher,,4
Pittsburg St.,3,Gracie Sullivan,Catcher,,4
Caldwell,3,Delaney Ridgell,Catcher,,4
Chico St.,3,Lanie Blomquist,Catcher,,4
Lincoln (MO),3,Madison Garcia,Catcher,,4
Florida Tech,3,Ella Chang Gibson,Catcher,,4
Lincoln (MO),3,Jacqueline Marquez,Catcher,,4
West Virginia St.,3,Olivia Mcclain,Catcher,,4
Staten Island,3,Amelia Funston,Catcher,,4
Shaw,3,"Sas'kia Stephens",Catcher,,4
Montevallo,3,Alisha Lanyon,Corner,,4
West Va. Wesleyan,3,Morgan Norris,Corner,Regis,
Ohio Dominican,3,Braxton Downs,Corner,,4
Colorado Mesa,3,Aislyn Sharp,Corner,,4
UC-Colo. Springs,3,Paige White,Corner,,4
Saginaw Valley,3,Alexis Gills,Corner,,4
West Va. Wesleyan,3,Andie Dizon,Corner,,4
Eastern N.M.,3,Ashley Nickerson,Corner,,4
UT Tyler,3,Caitlyn Wells,Corner,,4
Assumption,3,Mackenzie Bruggeman,Corner,,4
Lane,3,Kela Ray,Corner,,4
Tusculum,3,Hayley Lazo,Corner,,4
West Ga.,3,Ava Ramirez,Corner,,4
Eastern N.M.,3,Katelyn Cifuentes,Corner,,4
Newberry,3,Lindsey Mitchell,Corner,,4
Chico St.,3,Anastacia Alba,Corner,,4
Newman,3,Gianna De Luca-Paape,Corner,,4
Alliance,,Kayla Bird,Corner,,4
Winston-Salem,3,Emma Eckhart,Corner,,4
East Central,3,Vanessa Tamayo,Corner,,4
Assumption,3,Kali Scirocco,Corner,,4
Flagler,3,Olivia Parker,Corner,,4
Drury,3,Lindsay Henson,Corner,,4
Fayetteville St.,3,Dakota Smith,Corner,,4
Alliance,,Jenna Gillespie,Corner,,4
Alliance,,Sarah Nunez,Corner,,4
Biola,3,Colby Mcclinton,Middle Infield,Cal St. Fullterton,
Eckerd,3,Brenna Lokeinsky,Middle Infield,,4
Quincy,3,Ashley Gerber,Middle Infield,Lindenwood,2
Newman,3,Gianna Navarro,Middle Infield,,4
Christian Brothers,3,Elaina Mcgill,Middle Infield,,4
Anderson (SC),3,Madison Mcdonald,Middle Infield,,4
Nova Southeastern,3,Alexi Watkins,Middle Infield,,4
Rogers St.,3,Nicole Price,Middle Infield,,4
Dominican (CA),3,Faith Erb,Middle Infield,,4
Chowan,3,Caston Garland,Middle Infield,,4
UT Tyler,3,Keely Castillo,Middle Infield,,4
Quincy,3,Jayle Jennings,Middle Infield,,4
West Va. Wesleyan,3,Alli Robinson,Middle Infield,,4
Newman,3,Laurie Cooke,Middle Infield,,4
Stanislaus St.,3,Sheridan Gulley,Middle Infield,,4
Sioux Falls,3,Rylie Jones,Middle Infield,,4
Pitt.-Johnstown,3,Emilia Santiago,Middle Infield,,4
Ouachita Baptist,3,Madyson Shoebottom,Middle Infield,,4
Chico St.,3,Rachael Bles,Middle Infield,,4
Georgian Court,3,Jordan Mendolla,Middle Infield,,4
Staten Island,3,Laila Aponte,Middle Infield,,4
New Haven,3,Maeve Lougheed,Middle Infield,,4
Lincoln (MO),3,Myah Dwyer,Middle Infield,,4
Tuskegee,3,Marissa Mitchell,Outfield,West Alabama,
Seton Hill,3,Camryn Murphy,Outfield,,4
Angelo St.,3,Lindsey Evans,Outfield,,4
Lee,3,Ana Macha,Outfield,Indiana St.,2
Neb.-Kearney,3,Lyndsey Roth,Outfield,,4
Notre Dame (OH),3,Emma Gumont,Outfield,Illinois-Chicago,
Western N.M.,3,Cecilia Jurado,Outfield,,4
Cal St. Monterey Bay,3,Ivana Perez,Outfield,,4
Mars Hill,3,Ella Brooks,Outfield,,4
East Central,3,Jayna Reid,Outfield,,4
Findlay,3,Rachel Mease,Outfield,,4
Southern Ark.,3,Courtney Storey,Outfield,,4
Barry,3,Jordan Ream,Outfield,,4
Colo. Christian,3,Mikayla Oaks,Outfield,,4
Chico St.,3,Blaire Willson,Outfield,,4
Lynn,3,Aymee Godmaire,Outfield,,4
Okla. Baptist,3,Alleyna Rushing,Outfield,,4
Fort Hays St.,3,Reese Curry,Outfield,,4
Henderson St.,3,Madison Treutlein,Outfield,,4
Chowan,3,Peyton Rockwell,Outfield,,4
Bowie St.,3,Morgan Joseph,Outfield,,4
Chico St.,3,Kyra Gooler,Outfield,,4
Caldwell,3,Olivia Magliacano,Outfield,,4
West Va. Wesleyan,3,Jenna Christopher,Outfield,,4
Spring Hill,3,Sophia Nuzzolillo,Outfield,,4
Neb.-Kearney,3,Sydney Thomason,Pitcher,,4
Savannah St.,3,Samantha Morales,Pitcher,,4
Eastern N.M.,3,Jennifer Gress,Pitcher,,4
Mars Hill,3,Alyssa Poston,Pitcher,,4
St. Thomas Aquinas,3,Abbie Landrum,Pitcher,,4
Allen,3,Daeshonna Beckham-Timmons,Pitcher,,4
Fayetteville St.,3,Braynka Brown,Pitcher,,4
Queens (NY),3,Dyana Budakowski,Pitcher,,4