id,university,Name,position,year,wins,losses,earned_run_average,innings_pitched,strikeouts,walks,runs,earned_runs,walks_and_hits_per_inning_pitched,singles_allowed,doubles_allowed,triples_allowed,homeruns_allowed,created_at,signed_university,division
1,Akron,Olivia Stefanoni,Pitcher,Junior,2,0,3.09,22.2,14,13,12,10,1.937,3,6,0,3,2023-08-02 18:56:36,Pitt,1
2,UAlbany,Amelia Freitas,Pitcher,Sophomore,1,2,5.76,20.2,6,13,28,17,2.129,21,3,0,4,2023-08-02 18:56:36,,1
3,UAlbany,Adian Sheeren,Pitcher,Senior,0,0,12.25,4.0,2,3,7,7,2.500,4,0,0,3,2023-08-02 18:56:36,Saint Rose,1
4,Boise St.,Kelsey Hall,Pitcher,Senior,0,0,0.00,0.0,0,0,0,0,0.000,0,0,0,0,2023-08-02 18:56:36,Arizona St.,1
5,Boise St.,Amber Thornton,Pitcher,Freshman,0,1,14.00,3.0,2,1,6,6,3.333,3,1,0,2,2023-08-02 18:56:36,,1
6,BYU,Delaney Baker,Pitcher,Freshman,0,0,10.50,1.1,2,1,3,2,2.727,3,0,0,0,2023-08-02 18:56:36,Southern Utah,1
7,CSU Bakersfield,Kaycie Kennedy,Pitcher,Sophomore,0,2,9.07,27.0,10,39,41,35,2.704,31,7,3,0,2023-08-02 18:56:36,Siena,1
8,CSUN,Riley Wickum,Pitcher,Freshman,2,2,5.06,27.2,22,15,25,20,1.838,16,7,0,2,2023-08-02 18:56:36,Idaho St.,1
9,Sacramento St.,Kelsey Alcantara,Pitcher,Junior,2,1,10.27,15.0,9,8,22,22,2.200,14,6,1,1,2023-08-02 18:56:36,,1
10,UC Riverside,Grace Pieson,Pitcher,Junior,1,2,5.76,20.2,10,29,27,17,2.574,19,3,2,3,2023-08-02 18:56:36,,1
11,Campbell,Jaimee Hardy,Pitcher,Sophomore,1,1,4.11,30.2,16,18,21,18,1.623,14,5,1,1,2023-08-02 18:56:36,Robert Morris,1
12,Canisius,Rylee Alfaro,Pitcher,Freshman,1,1,9.24,8.1,5,7,16,11,3.333,13,2,0,1,2023-08-02 18:56:36,UC Riverside,1
13,Central Conn. St.,Katie Master,Pitcher,Junior,1,2,6.70,15.2,6,8,19,15,2.039,12,2,2,3,2023-08-02 18:56:36,East Stroudsburg,1
14,Clemson,Rachel Gibson,Pitcher,Sophomore,0,0,0.00,1.0,1,1,0,0,1.000,0,0,0,0,2023-08-02 18:56:36,Georgia,1
15,Coastal Carolina,Tori Miller,Pitcher,Freshman,0,0,5.53,6.1,2,4,7,5,2.131,5,1,0,1,2023-08-02 18:56:36,South Alabama,1
16,Colgate,Jenna Geffert,Pitcher,Senior,1,1,3.06,16.0,8,11,10,7,1.938,5,3,1,1,2023-08-02 18:56:36,,1
17,Coppin St.,Brandilyn Reymer,Pitcher,Freshman,0,4,7.46,25.1,27,28,32,27,1.992,25,6,0,1,2023-08-02 18:56:36,Eckard,1
18,Coppin St.,Shawnee Ronyak,Pitcher,Junior,0,4,8.75,16.0,6,15,28,20,2.625,20,2,2,4,2023-08-02 18:56:36,,1
19,Creighton,Alyssa Bostley,Pitcher,Sophomore,0,2,8.13,20.2,9,19,27,24,2.574,20,3,0,4,2023-08-02 18:56:36,Towson,1
20,Dayton,Mary Newton,Pitcher,Sophomore,2,0,6.52,9.2,2,4,11,9,2.609,8,2,1,0,2023-08-02 18:56:36,Oakland,1
21,East Carolina,Taylor Smith,Pitcher,Junior,1,0,10.50,17.1,12,11,28,26,2.690,18,5,1,4,2023-08-02 18:56:36,,1
22,Florida,Olivia Gigante,Pitcher,Freshman,0,0,6.30,10.0,5,6,9,9,2.000,5,2,0,2,2023-08-02 18:56:36,,1
23,Georgia,Britton Rogers,Pitcher,Junior,0,0,13.12,2.2,1,3,5,5,2.273,3,0,0,2,2023-08-02 18:56:36,North Carolina,1
24,Ga. Southern,Graceanne Spears,Pitcher,Junior,1,3,4.13,20.1,11,7,13,12,1.493,9,3,0,1,2023-08-02 18:56:36,Ga. Southwestern,1
25,Hawaii,Malia Williams,Pitcher,Freshman,0,0,14.00,3.0,1,3,7,6,3.333,4,2,0,1,2023-08-02 18:56:36,Texas A&M - Corpus Christi ,1
26,Houston,Mattison Boyd,Pitcher,Senior,0,4,6.62,24.1,16,28,29,23,2.490,21,4,1,3,2023-08-02 18:56:36,Rutgers,1
27,Howard,Carleen Murray,Pitcher,Freshman,2,0,7.60,31.1,30,28,34,34,2.058,24,6,2,2,2023-08-02 18:56:36,British Columbia,1
28,Idaho St.,Anna Berger,Pitcher,Freshman,1,0,7.57,20.1,12,22,30,22,2.687,20,6,1,3,2023-08-02 18:56:36,,1
29,Indiana,Kate Rehberg,Pitcher,Senior,0,0,13.36,3.2,2,2,7,7,2.500,4,3,0,0,2023-08-02 18:56:36,Northern CO,1
30,Iowa,Emma Henderson,Pitcher,Sophomore,1,0,3.09,11.1,4,2,6,5,0.991,3,2,0,1,2023-08-02 18:56:36,SIU Edwardsville,1
31,Iowa,Katherine Serna,Pitcher,Sophomore,0,1,8.40,3.1,4,5,4,4,2.903,4,0,0,0,2023-08-02 18:56:36,Campbell,1
32,Lamar University,Audry Fleming,Pitcher,Junior,0,0,0.00,0.0,0,0,0,0,0.000,0,0,0,0,2023-08-02 18:56:36,Prarie View,1
33,Lamar University,Kelsey Pizarro,Pitcher,Sophomore,0,0,28.00,1.0,0,1,4,4,7.000,3,1,0,0,2023-08-02 18:56:36,,1
34,Lindenwood,Lydia Feiste,Pitcher,Freshman,0,0,4.50,4.2,2,3,3,3,2.857,2,1,0,0,2023-08-02 18:56:36,,1
35,Lipscomb,Kate Peters,Pitcher,Sophomore,1,3,3.86,16.1,9,5,14,9,1.615,2,7,2,3,2023-08-02 18:56:36,Troy,1
36,Long Beach St.,Shelby Frutoz,Pitcher,Sophomore,1,0,3.38,18.2,13,7,10,9,1.484,6,3,0,1,2023-08-02 18:56:36,,1
37,Long Beach St.,Addison Kostrencich,Pitcher,Sophomore,0,0,0.00,0.2,0,0,0,0,5.000,0,0,0,0,2023-08-02 18:56:36,Hawaii,1
38,Louisiana,Tyler Oubre,Pitcher,Freshman,0,0,5.73,3.2,6,1,3,3,1.875,2,0,0,1,2023-08-02 18:56:36,Liberty,1
39,Louisville,Cassie Grizzard,Pitcher,Freshman,1,1,5.19,27.0,29,13,26,20,1.370,18,3,0,5,2023-08-02 18:56:36,Virginia Tech,1
40,Louisville,Taja Felder,Pitcher,Senior,1,1,9.00,7.0,5,8,9,9,3.143,7,1,0,1,2023-08-02 18:56:36,UTEP,1
41,Marist,Reese Wilson,Pitcher,Freshman,0,1,3.94,5.1,3,2,5,3,2.157,3,2,0,0,2023-08-02 18:56:36,Salisbury,1
42,Marshall,Brianna Godfrey,Pitcher,Freshman,5,1,2.07,27.0,22,18,12,8,1.667,6,4,1,1,2023-08-02 18:56:36,Maryland,1
43,Marshall,Cailey Joyce,Pitcher,Senior,0,1,5.25,4.0,3,3,3,3,1.500,1,0,0,2,2023-08-02 18:56:36,Akron,1
44,Maryland,Kyra Pittman,Pitcher,Sophomore,2,0,3.57,15.2,5,3,8,8,1.250,1,4,0,3,2023-08-02 18:56:36,Pitt,1
45,Maryland,Nicole Bodeux,Pitcher,Freshman,0,0,3.50,2.0,1,1,1,1,1.000,1,0,0,0,2023-08-02 18:56:36,Houston,1
46,Mississippi St.,Bri Bower,Pitcher,Sophomore,1,0,1.11,6.1,7,3,1,1,0.820,1,0,0,0,2023-08-02 18:56:36,Illinois,1
47,Missouri,Megan Schumacher,Pitcher,Senior,3,1,4.85,34.2,23,12,27,24,1.842,16,9,1,1,2023-08-02 18:56:36,GCU,1
48,Kansas City,Audrey Danielson,Pitcher,Sophomore,1,3,7.52,27.0,22,26,42,29,2.519,31,7,2,2,2023-08-02 18:56:36,,1
49,Monmouth,Emily Spencer,Pitcher,Sophomore,0,2,13.65,6.2,3,10,13,13,3.226,12,1,0,0,2023-08-02 18:56:36,,1
50,UNLV,Sabrina Jolin,Pitcher,Sophomore,1,2,7.23,20.1,11,4,23,21,2.189,15,4,0,4,2023-08-02 18:56:36,Lamar,1
51,New Mexico,Jenna Trim,Pitcher,Junior,0,0,11.20,5.0,0,3,8,8,2.800,0,4,1,3,2023-08-02 18:56:36,,1
52,New Mexico,Bella Mitchell,Pitcher,Freshman,0,0,18.90,3.1,6,8,9,9,4.194,7,1,0,1,2023-08-02 18:56:36,Incarnate Word,1
53,New Mexico St.,Jordin King,Pitcher,Sophomore,1,2,5.90,29.2,20,22,28,25,1.849,17,3,0,8,2023-08-02 18:56:36,,1
54,New Mexico St.,Felicia De La Torre,Pitcher,Junior,1,2,8.34,22.2,13,18,27,27,2.432,13,5,1,8,2023-08-02 18:56:36,Azusa Pacific,1
55,New Mexico St.,Ana Rodriguez,Pitcher,Junior,0,0,14.54,4.1,4,0,9,9,3.171,5,1,0,3,2023-08-02 18:56:36,Monmouth,1
56,Nicholls,Jensen Gremillion,Pitcher,Junior,1,0,3.34,14.2,14,8,7,7,1.268,2,4,1,0,2023-08-02 18:56:36,Western Michigan,1
57,NC State,Brooklyn Lucero,Pitcher,Junior,0,0,11.67,3.0,1,4,8,5,3.333,5,2,0,1,2023-08-02 18:56:36,Carson-Newman,1
58,UNI,Kaylyn Jones,Pitcher,Sophomore,0,0,5.25,1.1,1,0,1,1,1.818,0,0,0,1,2023-08-02 18:56:36,Truman,1
59,Oklahoma St.,Bailie Runner,Pitcher,Sophomore,1,0,8.75,4.0,1,0,5,5,1.250,3,1,0,1,2023-08-02 18:56:36,Central Ark.,1
60,Oregon,Allison Benning,Pitcher,Sophomore,0,0,2.33,6.0,6,5,5,2,1.833,4,0,0,1,2023-08-02 18:56:36,North Florida,1
61,Purdue,Julianna Verni,Pitcher,Freshman,0,1,7.56,8.1,8,11,9,9,2.593,4,5,0,0,2023-08-02 18:56:36,Syracuse,1
62,Rutgers,Ryann Orange,Pitcher,Freshman,2,0,4.27,21.1,12,17,15,13,1.517,10,2,0,3,2023-08-02 18:56:36,California,1
63,Samford,Chloe Poss,Pitcher,Freshman,0,0,4.50,9.1,0,2,7,6,1.538,1,6,0,0,2023-08-02 18:56:36,North Georgia,1
64,San Jose St.,Ashley Goard,Pitcher,Sophomore,0,3,4.59,32.0,13,19,36,21,2.094,26,5,3,2,2023-08-02 18:56:36,,1
65,San Jose St.,Ashley Legler,Pitcher,Sophomore,1,1,4.61,13.2,4,12,10,9,1.894,7,3,0,0,2023-08-02 18:56:36,Cal St. San Bernadino,1
66,Siena,Allison Speshyock,Pitcher,Senior,3,0,2.74,30.2,17,19,12,12,1.457,9,1,1,1,2023-08-02 18:56:36,,1
67,South Carolina St.,Zarria Smith,Pitcher,Sophomore,1,3,4.34,30.2,22,23,22,19,1.589,12,9,0,1,2023-08-02 18:56:36,,1
68,South Dakota,Kynlee Marquez,Pitcher,Sophomore,1,3,5.25,26.2,6,20,33,20,2.252,22,9,1,1,2023-08-02 18:56:36,Tarleton St.,1
69,South Dakota St.,Grace Glanzer,Pitcher,Junior,0,1,4.32,11.1,9,7,7,7,1.712,6,1,0,0,2023-08-02 18:56:36,Augustana,1
70,South Fla.,Morgan Grubb,Pitcher,Freshman,0,0,6.74,17.2,4,9,20,17,2.209,13,3,2,2,2023-08-02 18:56:36,Delta State,1
71,Southeastern La.,Lainee Bailey,Pitcher,Freshman,0,0,3.41,12.1,8,6,7,6,1.818,1,4,1,1,2023-08-02 18:56:36,,1
72,Saint Francis (PA),Marissa Frederick,Pitcher,Sophomore,0,0,4.33,21.0,8,18,19,13,2.238,13,4,1,1,2023-08-02 18:56:36,,1
73,SFA,Corie Byrd,Pitcher,Freshman,0,1,5.83,36.0,15,23,33,30,1.833,15,11,1,6,2023-08-02 18:56:36,Southern Arkansas,1
74,Tennessee Tech,Avery Flatford,Pitcher,Freshman,0,0,19.44,9.0,8,22,28,25,4.222,21,3,2,2,2023-08-02 18:56:36,,1
75,Tennessee,Nicola Simpson,Pitcher,Sophomore,1,0,1.34,15.2,7,6,4,3,1.184,3,1,0,0,2023-08-02 18:56:36,Seattle,1
76,Tennessee,Charli Orsini,Pitcher,Freshman,2,0,1.00,14.0,9,6,4,2,0.857,3,1,0,0,2023-08-02 18:56:36,,1
77,Tex. A&M-Commerce,Madeline Janssen,Pitcher,Freshman,0,1,12.41,22.0,10,20,47,39,3.273,18,16,4,9,2023-08-02 18:56:36,Kearney,1
78,UTEP,Breanna Ford,Pitcher,Freshman,0,1,8.56,9.0,6,8,11,11,2.444,5,1,1,4,2023-08-02 18:56:36,,1
79,UTSA,Tatum Seith,Pitcher,Junior,0,1,0.00,0.0,0,0,3,3,0.000,1,1,0,1,2023-08-02 18:56:36,,1
80,Troy,Brookelyn Cannon,Pitcher,Sophomore,1,0,3.63,17.1,10,5,10,9,1.170,2,5,0,3,2023-08-02 18:56:36,Mississippi College,1
81,Utah,Halle Morris,Pitcher,Senior,1,3,4.87,23.0,16,16,21,16,1.435,12,2,1,6,2023-08-02 18:56:36,Utah Valley,1
82,Wichita St.,Kenzie Schopfer,Pitcher,Sophomore,0,0,3.50,6.0,5,0,3,3,0.833,0,1,0,2,2023-08-02 18:56:36,Creighton,1
83,Youngstown St.,Madison Griffin,Pitcher,Freshman,0,2,5.53,6.1,7,11,5,5,2.623,3,2,0,0,2023-08-02 18:56:36,IUP,1
84,Black Hills St.,Malaya Coleman,Pitcher,Freshman,0,2,10.12,18.2,10,11,37,27,3.132,22,8,3,4,2023-08-02 18:56:36,,2
85,Bloomsburg,Faith Persing,Pitcher,Freshman,1,1,9.00,4.2,4,3,6,6,3.095,3,1,1,1,2023-08-02 18:56:36,,2
86,Bluefield St.,Taylor Anderson,Pitcher,Freshman,1,1,0.00,0.0,0,0,0,0,0.000,0,0,0,0,2023-08-02 18:56:36,,2
87,Chico St.,Ashlee Toy,Pitcher,Junior,1,0,5.25,2.2,1,2,2,2,3.636,1,0,1,0,2023-08-02 18:56:36,,2
88,Chico St.,Kealani Cardona,Pitcher,Junior,0,0,21.00,0.1,0,0,1,1,20.000,0,1,0,0,2023-08-02 18:56:36,,2
89,Catawba,Emma Zieg,Pitcher,Freshman,2,0,7.23,20.1,1,10,21,21,1.990,8,7,1,5,2023-08-02 18:56:36,,2
90,Chadron St.,Paige Edwards,Pitcher,Sophomore,0,0,0.00,0.2,0,0,0,0,0.000,0,0,0,0,2023-08-02 18:56:36,,2
91,"D'Youville",Alexis Delfavero,Pitcher,Freshman,1,2,4.62,16.2,6,4,16,11,2.160,14,1,1,0,2023-08-02 18:56:36,,2
92,Delta St.,Madisyn Fruge,Pitcher,Freshman,1,0,20.00,7.0,3,7,25,20,4.857,15,7,0,3,2023-08-02 18:56:36,,2
93,Fayetteville St.,Dakota Smith,Pitcher,Freshman,0,0,0.00,0.0,0,0,0,0,0.000,0,0,0,0,2023-08-02 18:56:36,,2
94,Flagler,Mallory Forrester,Pitcher,Freshman,0,4,6.26,31.1,26,38,37,28,2.412,30,2,1,4,2023-08-02 18:56:36,,2
95,Florida Tech,Madilyn Dutton,Pitcher,Freshman,2,3,6.86,32.2,20,20,35,32,1.925,31,2,0,2,2023-08-02 18:56:36,,2
96,Frostburg St.,Desiree Scott,Pitcher,Sophomore,1,1,0.00,0.0,0,0,0,0,0.000,0,0,0,0,2023-08-02 18:56:36,,2
97,Georgian Court,Haley Korsak,Pitcher,Sophomore,1,1,8.22,7.2,3,6,11,9,2.917,8,2,0,1,2023-08-02 18:56:36,,2
98,Georgian Court,Sarah Clancy,Pitcher,Junior,3,1,5.87,22.2,14,6,21,19,1.757,12,6,1,2,2023-08-02 18:56:36,,2
99,Henderson St.,Tabitha Jackson,Pitcher,Freshman,1,1,4.12,18.2,11,15,15,11,2.253,11,3,0,1,2023-08-02 18:56:36,,2
100,Ill. Springfield,Madelyn Tompkins,Pitcher,Freshman,3,0,6.12,16.0,8,8,16,14,1.875,10,5,0,1,2023-08-02 18:56:36,,2
101,Lincoln Memorial,Elora Wilmot,Pitcher,Sophomore,0,0,16.33,9.0,6,12,21,21,3.667,13,6,1,1,2023-08-02 18:56:36,,2
102,Millersville,Mia Barone,Pitcher,Sophomore,0,0,3.23,4.1,2,3,2,2,1.951,0,2,0,0,2023-08-02 18:56:36,,2
103,UNC Pembroke,Trinity Whitfield,Pitcher,Sophomore,1,0,14.00,2.0,2,2,9,4,4.000,7,2,0,0,2023-08-02 18:56:36,,2
104,North Greenville,Reagan Stewart,Pitcher,Freshman,0,1,5.25,4.0,2,3,4,3,2.250,2,0,2,0,2023-08-02 18:56:36,,2
105,North Greenville,Wynter Radcliffe,Pitcher,Sophomore,0,0,8.40,3.1,2,0,8,4,2.581,3,1,1,3,2023-08-02 18:56:36,,2
106,Northwestern Okla.,Shakyrah Gladness,Pitcher,Junior,0,2,8.49,15.2,6,14,19,19,2.697,9,7,0,3,2023-08-02 18:56:36,,2
107,Notre Dame (OH),Jillian Bammann,Pitcher,Freshman,0,0,10.50,4.2,1,3,12,7,3.810,8,1,1,2,2023-08-02 18:56:36,,2
108,Nova Southeastern,Alyssa Grimes,Pitcher,Sophomore,1,1,5.83,12.0,3,6,10,10,1.750,5,3,0,2,2023-08-02 18:56:36,,2
109,Pace,Gia Miccio,Pitcher,Freshman,0,1,0.00,2.2,1,1,4,0,2.273,4,0,0,0,2023-08-02 18:56:36,,2
110,Rogers St.,Courtney Hill,Pitcher,Junior,0,1,1.65,29.2,38,13,7,7,0.925,4,2,1,0,2023-08-02 18:56:36,,2
111,Rollins,Avery Garbarek,Pitcher,Freshman,2,3,5.07,29.0,15,30,27,21,1.862,20,3,0,4,2023-08-02 18:56:36,,2
112,Saginaw Valley,Margot Van Eijl,Pitcher,Sophomore,3,1,3.54,27.2,21,6,17,14,1.434,11,3,2,1,2023-08-02 18:56:36,,2
113,Seton Hill,Harlowe Nigh,Pitcher,Freshman,2,1,3.25,23.2,9,10,12,11,1.724,6,5,1,0,2023-08-02 18:56:36,,2
114,Southern Nazarene,Jayleigh Totten,Pitcher,Junior,2,4,7.77,24.1,6,17,30,27,2.282,15,11,0,4,2023-08-02 18:56:36,,2
115,"Saint Augustine's",Anjellet Corner,Pitcher,Freshman,0,0,24.82,3.2,0,16,18,13,7.500,15,3,0,0,2023-08-02 18:56:36,,2
116,Staten Island,Alyssa Zangrilli,Pitcher,Freshman,0,0,6.56,5.1,4,4,9,5,2.353,7,0,1,1,2023-08-02 18:56:36,,2
117,Tex. Permian Basin,Morgan Mcqueen,Pitcher,Sophomore,0,1,17.50,6.0,0,7,15,15,3.000,10,1,0,4,2023-08-02 18:56:36,,2
118,"Texas Woman's",Julianne Malis,Pitcher,Junior,0,0,4.85,4.1,2,7,4,3,3.171,1,1,1,1,2023-08-02 18:56:36,,2
119,UT Tyler,Caitlyn Wells,Pitcher,Junior,0,0,0.00,0.2,0,1,0,0,5.000,0,0,0,0,2023-08-02 18:56:36,,2
120,UT Tyler,Kiana Pogroszewski,Pitcher,Senior,0,0,2.86,7.1,2,3,4,3,1.690,1,3,0,0,2023-08-02 18:56:36,,2
121,Valdosta St.,Taylor Barrett,Pitcher,Junior,1,1,3.88,21.2,13,17,16,12,1.887,10,3,0,3,2023-08-02 18:56:36,,2
122,Virginia St.,Kyla Graves,Pitcher,Freshman,0,0,0.00,0.0,0,0,0,0,0.000,0,0,0,0,2023-08-02 18:56:36,,2
123,West Chester,Anna Torrens,Pitcher,Junior,0,0,21.00,1.0,0,2,3,3,4.000,3,0,0,0,2023-08-02 18:56:36,,2
124,Western N.M.,Jasmin Kirby,Pitcher,Unknown,0,2,8.72,17.2,6,12,27,22,2.965,15,7,1,4,2023-08-02 18:56:36,,2
125,Young Harris,Kaliyah Smith,Pitcher,Sophomore,1,2,8.17,12.0,9,11,16,14,2.250,10,5,0,1,2023-08-02 18:56:36,,2