university,Previous_Division_ID,Name,position,signed_university,New_Division_ID
LSU,1,Alea Johnson,Pitcher,Alabama,1
Central Ark.,2,Kayla Beaver,Pitcher,Alabama,1
Texas A&M,1,Riley Valentine,Outfield,Alabama,1
Fresno St.,2,Alesia Denby,Middle Infield,Arizona St.,1
Michigan,1,Audrey Leclair,Corner,Arizona St.,1
Houston,2,Ayden Allen,Corner,Arizona St.,1
Boise St.,2,Kelsey Hall,Outfield,Arizona St.,1
Utah St.,2,Makenzie Macfarlane,Catcher,Arizona St.,1
Utah Tech,2,Tanya Windle,Outfield,Arizona St.,1
Auburn,1,Bri Ellis,Corner,Arkansas,1
Southern Miss.,2,Morgan Leinstock,Pitcher,Arkansas,1
Iowa,1,Nia Carter,Outfield,Arkansas,1
Mississippi St.,1,Reis Beuerlein,Pitcher,Arkansas,1
Maryland,1,Amelia Lech,Catcher,Auburn,1
DePaul,2,Anna Wohlers,Catcher,Auburn,1
Alabama,1,Jordan Stephens,Outfield,Boston College,1
Ole Miss,1,Makenna Segal,Corner,Boston College,1
Ole Miss,1,Keila Kamoku,Middle Infield,BYU,1
Lehigh,2,Lily Owens,Middle Infield,BYU,1
Rutgers,1,Ryann Orange,Pitcher,California,1
Auburn,1,Lindsey Garcia,Outfield,Clemson,1
Boston College,1,Aleyah Terrell,Outfield,Duke,1
Pittsburgh,1,Dani Drogemuller,Pitcher,Duke,1
Ole Miss,1,Brooke Barnard,Middle Infield,Florida,1
Oklahoma,1,Jocelyn Erickson,Corner,Florida,1
Louisville,1,Korbe Otis,Outfield,Florida,1
North Carolina,1,Lilli Backes,Pitcher,Georgia,1
Clemson,1,Rachel Gibson,Pitcher,Georgia,1
Louisville,1,Sarah Gordon,Catcher,Georgia,1
South Carolina,1,Brionna Condon,Middle Infield,Georgia Tech,1
USC Upstate,2,Tiffany Domingue,Middle Infield,Georgia Tech,1
Mississippi St.,1,Bri Bower,Pitcher,Illinois,1
Princeton,2,Serena Starks,Outfield,Illinois,1
New Mexico St.,2,Hannah Lindsay,Catcher,Iowa,1
Rutgers,1,Jaden Vickers,Pitcher,Kentucky,1
Georgia St.,2,Bailee Richardson,Corner,Louisville,1
Kentucky,1,Chelsea Mack,Outfield,Louisville,1
Missouri,1,Riley Frizell,Corner,Louisville,1
Washington,1,Kelley Lynch,Pitcher,LSU,1
Marshall,2,Brianna Godfrey,Pitcher,Maryland,1
Coastal Carolina,2,Diamond Williams,Outfield,Maryland,1
Lamar University,2,Samantha Bean,Corner,Maryland,1
FIU,2,Alexis Ross,Outfield,Michigan St.,1
South Carolina,1,Hannah Hawley,Catcher,Michigan St.,1
Saint Joseph's,2,Kaelin Cash,Corner,Michigan St.,1
Portland St.,2,Olivia Grey,Pitcher,Michigan St.,1
N.C. A&T,2,Sierra Baldwin,Catcher,Michigan St.,1
LMU (CA),2,Morgan Debord,Outfield,Minnesota,1
Auburn,1,Jessie Blaine,Catcher,Mississippi St.,1
Louisiana Tech,2,Sierra Sacco,Outfield,Mississippi St.,1
UNI,2,Mya Dodge,Outfield,Missouri,1
Purdue,1,Bella Bacon,Corner,Nebraska,1
Oklahoma,1,Jordy Bahl,Pitcher,Nebraska,1
St. John's (NY),2,Peyton Cody,Outfield,Nebraska,1
Marshall,2,Autumn Owen,Catcher,North Carolina,1
Georgia,1,Britton Rogers,Pitcher,North Carolina,1
Michigan St.,1,Ashley Miller,Pitcher,Northwestern,1
Princeton,2,Alexis Laudenslager,Pitcher,Notre Dame,1
Liberty,2,Karlie Keeney,Pitcher,Oklahoma,1
Oklahoma St.,1,Kelly Maxwell,Pitcher,Oklahoma,1
Wisconsin,1,Paytn Monticelli,Pitcher,Oklahoma,1
Furman,2,Riley Ludlam,Catcher,Oklahoma,1
Liberty,2,Caroline Hudson,Catcher,Oklahoma St.,1
McNeese,2,Jil Poullard,Corner,Oklahoma St.,1
Mississippi St.,1,Macy Graf,Middle Infield,Oklahoma St.,1
Hawaii,2,Brianna Lopez,Pitcher,Ole Miss,1
Texas,1,Courtney Day,Corner,Ole Miss,1
Illinois,1,Delaney Rummell,Corner,Ole Miss,1
Longwood,2,Jaden Pone,Middle Infield,Ole Miss,1
Syracuse,1,Ryan Starr,Middle Infield,Ole Miss,1
Georgia Tech,1,Emma Kauf,Catcher,Oregon,1
Portland St.,2,Trinity Holden,Outfield,Oregon,1
Pittsburgh,1,Haylie Brunson,Corner,Penn St.,1
Coastal Carolina,2,Mady Volpe,Pitcher,Penn St.,1
George Mason,2,Alena Ball,Outfield,Pittsburgh,1
Bethune-Cookman,2,Desirae Martinez,Middle Infield,Pittsburgh,1
Maryland,1,Kyra Pittman,Pitcher,Pittsburgh,1
Akron,2,Olivia Stefanoni,Pitcher,Pittsburgh,1
Notre Dame,1,Gaelen Kelly,Catcher,Rutgers,1
Southeast Mo. St.,2,Jillian Anderson,Outfield,Rutgers,1
Miami (OH),2,Laurelai Depew,Pitcher,Rutgers,1
Houston,2,Leanne Matthews,Outfield,Rutgers,1
Houston,2,Mattison Boyd,Pitcher,Rutgers,1
Stanford,1,Alana Vawter,Pitcher,South Carolina,1
Auburn,1,Denver Bryant,Corner,South Carolina,1
North Carolina,1,Kianna Jones,Outfield,South Carolina,1
Indiana,1,Taryn Kern,Middle Infield,Stanford,1
Purdue,1,Julianna Verni,Pitcher,Syracuse,1
Middle Tenn.,2,Laura Mealer,Middle Infield,Tennessee,1
Oklahoma,1,Sophia Nugent,Catcher,Tennessee,1
Notre Dame,1,Joley Mitchell,Corner,Texas,1
Ole Miss,1,Brooke Vestal,Pitcher,Texas A&M,1
Arizona St.,1,Jazmine Hill,Outfield,Texas A&M,1
UCLA,1,Kennedy Powell,Outfield,Texas A&M,1
Louisiana,2,Kramer Eschete,Outfield,Texas A&M,1
Louisiana,2,Kylei Griffin,Corner,Texas A&M,1
Arizona St.,1,Savannah Price,Corner,Texas A&M,1
Alabama,1,Aubrey Barnhart,Catcher,Texas Tech,1
Ole Miss,1,Jenna Lord,Corner,Texas Tech,1
UC San Diego,2,Jada Cecil,Pitcher,UCLA,1
Washington,1,Jadelyn Allchin,Outfield,UCLA,1
Cal St. Fullerton,2,Raci Miranda,Pitcher,Utah,1
Louisville,1,Cassie Grizzard,Pitcher,Virginia Tech,1
Texas,1,Alyssa Popelka,Outfield,Washington,1
San Diego St.,2,Jillian Celis,Middle Infield,Washington,1
Ball St.,2,Angelina Russo,Pitcher,Abilene Christian,2
Tex. A&M-Commerce,2,Kaydee Bennett,Middle Infield,Abilene Christian,2
North Dakota St.,2,Skylar Padgett,Middle Infield,Abilene Christian,2
Marshall,2,Cailey Joyce,Pitcher,Akron,2
Alcorn,2,Mikeria Howard,Catcher,Alabama St.,2
Houston,2,Bella Farina,Outfield,Binghamton,2
San Jose St.,2,Karizma Bergesen,Corner,Boise St.,2
Utah Valley,2,Kassidy Stiles,Outfield,Boise St.,2
Miami (OH),2,Taylor Turner,Pitcher,Bowling Green,2
Toledo,2,Macey Moore,Catcher,Bradley,2
DePaul,2,Tori Meyer,Outfield,Bradley,2
Furman,2,Alexis Larrow,Corner,Bryant,2
Oregon St.,1,Kristalyn Romulo,Outfield,Cal St. Fullerton,2
Iowa,1,Katherine Serna,Pitcher,Campbell,2
Kennesaw St.,2,Stacey Deputy,Catcher,Campbell,2
Iowa,1,Tristin Doster,Catcher,Campbell,2
Oklahoma St.,1,Bailie Runner,Pitcher,Central Ark.,2
Houston,2,Emma Robertson,Catcher,Central Ark.,2
UTSA,2,Lilly Hood,Outfield,Central Ark.,2
Hofstra,2,Abby Meehan,Outfield,Central Conn. St.,2
Missouri,1,Kendal Cook,Outfield,Charleston So.,2
Boston College,1,Abigail Knight,Corner,Charlotte,2
Florida,1,Christina Wellen,Outfield,Charlotte,2
South Carolina,1,Leah Powell,Pitcher,Charlotte,2
Wichita St.,2,Kenzie Schopfer,Pitcher,Creighton,2
Abilene Christian,2,Logan Gaspar,Middle Infield,CSU Bakersfield,2
ULM,2,Alexis Chavez,Middle Infield,CSUN,2
Hawaii,2,Jadyn Nielsen,Middle Infield,CSUN,2
East Carolina,2,Mackenzie Kila,Corner,CSUN,2
California Baptist,2,Mackenzie San Pedro,Catcher,CSUN,2
Saint Joseph's,2,Madison Fife,Catcher,Delaware,2
Presbyterian,2,Morgan Hess,Pitcher,Delaware,2
Bryant,2,Ava Paganis,Middle Infield,DePaul,2
Michigan St.,1,Bibianna Rodriguez,Corner,DePaul,2
Campbell,2,Lindsey Hunt,Catcher,Drexel,2
North Carolina,1,Annie Kate Dalton,Catcher,East Carolina,2
Virginia Tech,1,Emma Jackson,Outfield,East Carolina,2
Ohio St.,1,Hailey Massaro,Middle Infield,East Carolina,2
UConn,2,Makenzie Mason,Outfield,East Carolina,2
Col. of Charleston,2,Mary-Kathryn Scott,Middle Infield,East Carolina,2
Clemson,1,Morgan Johnson,Outfield,East Carolina,2
USC Upstate,2,Casey Goguts,Catcher,FIU,2
Boston College,1,Gianna Sarlo,Middle Infield,Fordham,2
California,1,D'asha Saiki,Corner,Fresno St.,2
Utah Tech,2,Lauren Almeida,Middle Infield,Fresno St.,2
California Baptist,2,Natalie Elias,Outfield,Fresno St.,2
Georgia St.,2,Elle Doolittle,Pitcher,Gardner-Webb,2
Stetson,2,Haley Yeary,Outfield,Gardner-Webb,2
Harvard,2,Allison Heffley,Catcher,George Washington,2
Michigan St.,1,Camryn Wincher,Corner,Georgetown,2
Cornell,2,Maicie Levitt,Middle Infield,Georgetown,2
Winthrop,2,Sydney Boulware,Pitcher,Georgia St.,2
Liberty,2,Alexis Soto,Catcher,Grand Canyon,2
Long Beach St.,2,Addison Kostrencich,Pitcher,Hawaii,2
Oregon St.,1,Kiani Nakamura,Middle Infield,Hawaii,2
Minnesota,1,Clare Ceynowa,Catcher,Houston,2
Arizona St.,1,Jazmyn Rollin,Middle Infield,Houston,2
California,1,Kennedy Thomas,Catcher,Houston,2
Tennessee,1,Lair Beautae,Middle Infield,Houston,2
Michigan St.,1,Mandy Esman,Outfield,Houston,2
Maryland,1,Nicole Bodeux,Pitcher,Houston,2
Seton Hall,2,Shelby Smith,Pitcher,Houston,2
Michigan St.,1,Zaquai Dumas,Middle Infield,Houston,2
A&M-Corpus Christi,2,Juliana A. Garcia,Catcher,Houston Christian,2
Wagner,2,Bianca Worthy,Outfield,Howard,2
New Mexico St.,2,Jordin King,Pitcher,Howard,2
Norfolk St.,2,Kenna Higa,Corner,Howard,2
Houston,2,Jaden Moore,Corner,Idaho St.,2
CSUN,2,Riley Wickum,Pitcher,Idaho St.,2
UC Davis,2,Taylor Fitzgerald,Pitcher,Idaho St.,2
Lee,3,Ana Macha,Outfield,Indiana St.,2
Stony Brook,2,Hailey Guerrero,Middle Infield,Iona,2
Virginia,1,Molly Grube,Pitcher,James Madison,2
Evansville,2,Abby Husak,Outfield,Kansas City,2
Northwestern St.,2,Derika Castillo,Catcher,Kansas City,2
California Baptist,2,Macie Howes,Corner,Kennesaw St.,2
North Ala.,2,Elena Escobar,Pitcher,Liberty,2
Louisiana,2,Tyler Oubre,Pitcher,Liberty,2
Quincy,3,Ashley Gerber,Middle Infield,Lindenwood,2
Indiana,1,Elle Smith,Outfield,Lipscomb,2
San Jose St.,2,Jocylyn Vidal,Middle Infield,Long Beach St.,2
St. Thomas (MN),2,Brooke Ellestad,Middle Infield,Louisiana,2
Iowa,1,Denali Loecker,Pitcher,Louisiana,2
Florida,1,Lexie Delbrey,Pitcher,Louisiana,2
BYU,1,Alexis Gilio,Outfield,Louisiana Tech,2
Oregon St.,1,Aubree Seaney,Outfield,Louisiana Tech,2
Utah St.,2,Claire Raley,Corner,Louisiana Tech,2
Canisius,2,Sophia Recrosio,Outfield,Marist,2
Western Ky.,2,Kasia Parks,Outfield,Marshall,2
Central Ark.,2,Ally Callahan,Catcher,Memphis,2
North Ala.,2,Hannah Price,Pitcher,Memphis,2
South Fla.,2,Hallie Bryant,Outfield,Mercer,2
Liberty,2,Janessa Plummer,Outfield,Mercer,2
Illinois,1,Addy Jarvis,Pitcher,Miami (OH),2
Rutgers,1,Ashley Hitchcock,Pitcher,Miami (OH),2
New Mexico St.,2,Ana Rodriguez,Pitcher,Monmouth,2
Villanova,2,Dani Dabroski,Outfield,Monmouth,2
Saint Francis (PA),2,Tessa Thompson,Outfield,Monmouth,2
New Mexico,2,Emmalyn Brinka,Pitcher,Montana,2
UNLV,2,Jocelyn Eisen,Middle Infield,Montana,2
Rutgers,1,Calista Collins,Corner,Murray St.,2
Purdue Fort Wayne,2,Taryn Jenkins,Middle Infield,Nevada,2
UTEP,2,Aalijah Alarcon,Pitcher,New Mexico,2
SFA,2,Sydney Carithers,Catcher,New Mexico,2
Tulsa,2,Gabby Higbee,Outfield,Nicholls,2
Rhode Island,2,Annabeth Carlberg,Outfield,North Dakota,2
Oregon,1,Allison Benning,Pitcher,North Florida,2
James Madison,2,Kylah Berry,Pitcher,North Florida,2
FIU,2,Logan Turner,Outfield,North Florida,2
UTSA,2,Kat Ibarra,Middle Infield,North Texas,2
Tarleton St.,2,Morgan Medford,Middle Infield,North Texas,2
Sam Houston,2,Kelsey Bunch,Catcher,Northwestern St.,2
Miami (OH),2,Maggie Murphy,Outfield,Oakland,2
Dayton,2,Mary Newton,Pitcher,Oakland,2
Lamar University,2,Audry Fleming,Outfield,Prairie View,2
Georgia St.,2,Emma Yanes,Middle Infield,Presbyterian,2
Miami (OH),2,Noelle Reid,Outfield,Quinnipiac,2
Virginia Tech,1,Emma Yates,Catcher,Radford,2
East Carolina,2,Sydney Yoder,Outfield,Rhode Island,2
Campbell,2,Jaimee Hardy,Pitcher,Robert Morris,2
Nevada,2,Andrea Lira,Outfield,Sacramento St.,2
Oregon St.,1,Jenna Birch,Middle Infield,Sacramento St.,2
UAlbany,2,Sierra Fretz,Corner,Saint Joseph's,2
UCLA,1,Alyssa Garcia,Catcher,San Diego St.,2
UCF,2,Micaela Macario,Middle Infield,San Diego St.,2
UC Santa Barbara,2,Korie Thomas,Corner,San Jose St.,2
Utah St.,2,Mia Reynolds,Pitcher,San Jose St.,2
New Mexico St.,2,Aydenne Brown,Pitcher,SFA,2
Tarleton St.,2,Brittany Coe,Catcher,SFA,2
Sam Houston,2,Kylie Bishop,Corner,SFA,2
CSU Bakersfield,2,Kaycie Kennedy,Pitcher,Siena,2
Iowa,1,Anna Henderson,Catcher,SIUE,2
Lee,3,Sidney Lee,Catcher,South Alabama,2
Coastal Carolina,2,Tori Miller,Pitcher,South Alabama,2
Creighton,2,Maddox Boston,Middle Infield,South Dakota,2
Auburn,1,Maia Engelkes,Outfield,South Dakota,2
App State,2,Kaylee Kardash,Corner,South Dakota St.,2
BYU,1,Delaney Baker,Pitcher,Southern Utah,2
California Baptist,2,Karmyna Becerra,Corner,Southern Utah,2
Massachusetts,2,Olivia Guindon,Catcher,Southern Utah,2
Niagara,2,Karena Recrosio,Outfield,St. Bonaventure,2
UCF,2,Shelli Dipuma,Middle Infield,Stetson,2
Cornell,2,Gabrielle Maday,Pitcher,Stony Brook,2
Eastern Ill.,2,Alexa Rehmeier,Pitcher,Tarleton St.,2
Nicholls,2,Brianna Mcfaddin,Outfield,Tarleton St.,2
Houston,2,Hannah Blincoe,Pitcher,Tarleton St.,2
Seattle U,2,Kalyn Hill,Catcher,Tarleton St.,2
South Dakota,2,Kynlee Marquez,Pitcher,Tarleton St.,2
CSU Bakersfield,2,Reina Castillo,Pitcher,Tennessee St.,2
Morehead St.,2,Lennon Spicer,Pitcher,Tennessee Tech,2
FDU,2,Payton Wagner,Pitcher,Tennessee Tech,2
Seattle U,2,Sofia Carroll,Outfield,Tennessee Tech,2
Central Mich.,2,Emily Bracamonte,Corner,Toledo,2
Creighton,2,Alyssa Bostley,Pitcher,Towson,2
Lipscomb,2,Kate Peters,Pitcher,Troy,2
Georgia Tech,1,Auburn Dupree,Outfield,UAB,2
Saint Mary's (CA),2,Allyssa Alano,Outfield,UC Riverside,2
Maryland,1,Kamryn Davis,Outfield,UC Riverside,2
Canisius,2,Rylee Alfaro,Pitcher,UC Riverside,2
Canisius,2,Saige Alfaro,Middle Infield,UC Riverside,2
Purdue,1,Mo Wimpee,Pitcher,UC San Diego,2
Texas A&M,1,Alana Snow,Outfield,UC Santa Barbara,2
Oregon St.,1,Erin Mendoza,Outfield,UC Santa Barbara,2
Louisiana,2,Stormy Kotzelnick,Corner,UCF,2
Memphis,2,Hallie Siems,Pitcher,UConn,2
Arizona,1,Ali Ashner,Outfield,Utah St.,2
North Dakota,2,Baylee Howley,Catcher,Utah Tech,2
Utah,1,Halle Morris,Pitcher,Utah Valley,2
Louisville,1,Taja Felder,Pitcher,UTEP,2
Eastern Ill.,2,Aniya Holt,Outfield,UTSA,2
Texas,1,Camille Corona,Corner,UTSA,2
Eastern Ill.,2,Jaylen Prichard,Outfield,UTSA,2
New Mexico,2,Olivia Birkinshaw,Outfield,Weber St.,2
Grand Canyon,2,CC Wong,Corner,Wichita St.,2
UAlbany,2,Ryan Hanson,Catcher,Augusta,3
New Mexico St.,2,Felicia De La Torre,Pitcher,Azusa Pacific,3
LIU,2,Alexis Toledo,Middle Infield,Barry,3
Southern Utah,2,Mikala Huskey,Outfield,Biola,3
Sacramento St.,2,Kelsey Alcantara,Pitcher,Cal St. Monterey Bay,3
NC State,1,Brooklyn Lucero,Pitcher,Carson-Newman,3
FDU,2,Destiny Sevilla,Corner,Chico St.,3
FDU,2,Alex Hooper,Middle Infield,CSUSB,3
Central Conn. St.,2,Katie Master,Pitcher,East Stroudsburg,3
Green Bay,2,Dawn Pawlak,Middle Infield,Florida Tech,3
Ga. Southern,2,Graceanne Spears,Pitcher,Ga. Southwestern,3
Western Mich.,2,Carsyn Segorski,Outfield,Grand Valley St.,3
Tex. A&M-Commerce,2,Jodi De Hart,Middle Infield,Henderson St.,3
Kennesaw St.,2,Isabella Galloway,Catcher,Lee,3
Saint Peter's,2,Brandi Feeney,Catcher,Lees-McRae,3
Houston,2,Baylea Myers,Corner,Lubbock Christian,3
Saint Joseph's,2,Payton Baxter,Catcher,McKendree,3
Samford,2,Chloe Poss,Pitcher,North Georgia,3
Campbell,2,Aubrey Hutzler,Catcher,Nova Southeastern,3
Abilene Christian,2,Gianna Russo,Middle Infield,Nova Southeastern,3
Missouri St.,2,Mckayla Carney,Outfield,Rogers St.,3
Lamar University,2,Sydney Norton,Corner,Rogers St.,3
UAlbany,2,Adian Sheeren,Pitcher,Saint Rose,3
Coppin St.,2,Phaedra Smith,Middle Infield,Savannah St.,3
Georgia St.,2,Abby Brown,Corner,Shorter,3
UAlbany,2,Amelia Freitas,Pitcher,Southern N.H.,3
Kennesaw St.,2,Evan Fuller,Outfield,Texas Woman's,3
Northwestern St.,2,Viv Hernandez,Outfield,Texas Woman's,3
Southern Miss.,2,Riley Stephens,Middle Infield,Washburn,3
North Ala.,2,Jessie Baughan,Outfield,West Florida,3
Stony Brook,2,Ashley Jacobson,Corner,Western Wash.,3
Abilene Christian,2,Matti Reiling,Corner,Midland,5
Jackson St.,2,Takiya Hill,Pitcher,Ottawa,5
Canisius,2,Destiny Falquez,Corner,St. Thomas,5
Samford,2,Lainey Baker,Pitcher,Union,5
Southern Utah,2,Jayne Sepulveda,Middle Infield,Lamar,6
UNLV,2,Sabrina Jolin,Pitcher,Lamar,6
San Diego St.,2,Trinity Brandon,Middle Infield,Lamar,6
UC Santa Barbara,2,Mya Quick,Corner,Sierra,8
South Carolina,1,Olivia Cook,Corner,App State,2
USC Upstate,2,Peyton Darnell,Catcher,App State,2
South Dakota St.,2,Grace Glanzer,Pitcher,Augustana (SD),3
Lafayette,2,Harlie Bickett,Middle Infield,Bellarmine,2
Howard,2,Carleen Murray,Pitcher,British Columbia,5
Niagara,2,Kennedy Laird,Catcher,British Columbia,5
Biola,3,Colby Mcclinton,Middle Infield,Cal St. Fullerton,2
San Jose St.,2,Ashley Legler,Pitcher,CSUSB,3
Notre Dame,1,Brooke Marquez,Middle Infield,Col. of Charleston,2
Presbyterian,2,Kennedy Rhue,Outfield,Col. of Charleston,2
Idaho St.,2,Mia Escujuri,Catcher,CSUSB,3
South Fla.,2,Morgan Grubb,Pitcher,Delta St.,3
Tennessee,1,Brylee Mesusan,Outfield,ETSU,2
Presbyterian,2,Jenna Borkey,Outfield,Eastern Florida State,6
Green Bay,2,Jadin Justman,Middle Infield,Eastern Ill.,2
Abilene Christian,2,Mia Mazzola,Corner,Eastern Ill.,2
Omaha,2,Sophie Cerveny,Outfield,Eastern Ill.,2
Coppin St.,2,Brandilyn Reymer,Pitcher,Eckerd,3
Arkansas,1,Cally Kildow,Outfield,Fla. Atlantic,2
South Fla.,2,Jaden Martinez,Pitcher,Fla. Atlantic,2
Duke,1,Kamryn Jackson,Outfield,Fla. Atlantic,2
Troy,2,Katelynn De Leon,Catcher,Fla. Atlantic,2
Missouri,1,Megan Moll,Catcher,Fla. Atlantic,2
Lipscomb,2,Presley Leebrick,Outfield,Fla. Atlantic,2
Maryland,1,Trinity Schlotterbeck,Pitcher,Fla. Atlantic,2
Santa Clara,2,Ashley Trierweiler,Outfield,Grand Canyon,2
Missouri,1,Megan Schumacher,Pitcher,Grand Canyon,2
Notre Dame (OH),3,Emma Gumont,Outfield,UIC,2
Bradley,2,Katie Pederson,Catcher,Ill. Springfield,3
New Mexico,2,Bella Mitchell,Pitcher,UIW,2
Houston,2,Britaney Shaw,Corner,UIW,2
Southeastern La.,2,Jillian Gutierrez,Outfield,UIW,2
Youngstown St.,2,Madison Griffin,Pitcher,Indiana (PA),3
Seton Hall,2,Regan Rand,Catcher,Indiana (PA),3
UAlbany,2,Maya Thompson,Corner,Kean,4
Tex. A&M-Commerce,2,Madeline Janssen,Pitcher,Neb.-Kearney,3
Saint Louis,2,Grace Kmak,Outfield,Lewis,3
UCLA,1,Lauryn Carter,Outfield,LMU (CA),2
Weber St.,2,Mika Chong,Catcher,LMU (CA),2
Radford,2,Foster Sharpe,Middle Infield,Louisburg,7
Memphis,2,Mikayla Hoschak,Pitcher,Maryville (TN),4
Louisiana Tech,2,Mary Martinez,Pitcher,Middle Tenn.,2
Troy,2,Brookelyn Cannon,Pitcher,Mississippi Col.,3
FGCU,2,Simia Spahiev,Outfield,Mo.-St. Louis,3
Belmont,2,Kathryn Flowers,Catcher,Mo. Southern St.,3
Indiana,1,Kate Rehberg,Pitcher,Northern Colo.,2
Southeastern La.,2,Britt Bourgoyne,Middle Infield,Northwest Florida State,6
Southeastern La.,2,Mckayla Ferguson,Catcher,Northwest Florida State,6
Bethune-Cookman,2,Jordyn Villanueva,Catcher,Long Beach,8
Southeastern La.,2,Lainee Bailey,Pitcher,Pearl River,7
Charleston So.,2,Lexi Markle,Corner,Queens (NC),3
Col. of Charleston,2,Natalie Windham,Outfield,Queens (NC),3
Rider,2,Ysabellah Otero,Corner,Ramapo,4
West Va. Wesleyan,3,Morgan Norris,Corner,Regis (CO),3
LMU (CA),2,Taylor Fitch,Catcher,Seattle U,2
Iowa,1,Emma Henderson,Pitcher,SIUE,2
Idaho St.,2,Sophia Stoddard,Catcher,Southeastern La.,2
Tarleton St.,2,Sage Harlow,Outfield,Southeastern Okla.,2
SFA,2,Corie Byrd,Pitcher,Southern Ark.,3
Hawaii,2,Malia Williams,Pitcher,A&M-Corpus Christi,2
UNI,2,Kaylyn Jones,Pitcher,Truman St.,3
South Fla.,2,Lydia Castro,Catcher,Massachusetts,2
N.C. A&T,2,Jai Deese,Outfield,UNC Pembroke,3
UCF,2,Olivia Elliott,Outfield,South Fla.,2
NIU,2,Sam Mallinder,Middle Infield,South Fla.,2
Ga. Southern,2,Baileigh Pitts,Catcher,Chattanooga,2
North Dakota,2,Logan Gronberg,Corner,Valley City State,5
Charlotte,2,Karley Beltran,Middle Infield,Va. Wesleyan,4
Kent St.,2,Kennedy Cole,Catcher,Wayne St. (MI),3
Central Mich.,2,Madie Martinez,Middle Infield,Wayne St. (MI),3
Tuskegee,3,Marissa Mitchell,Outfield,West Ala.,3
Southeastern La.,2,Blaire Bizette,Catcher,West Ga.,3
Bowling Green,2,Sophie Weber,Corner,Western Ky.,2
Saint Francis (PA),2,Elliott Sanders,Outfield,Western Mich.,2
Cleveland St.,2,Emily Yacapraro,Outfield,Western Mich.,2
Nicholls,2,Jensen Gremillion,Pitcher,Western Mich.,2
Harvard,2,Megan Welsh,Catcher,Western Mich.,2
Eastern Ill.,2,Riley Dittmar,Outfield,Western Mich.,2
BYU,1,Emma Andrewjeski,Catcher,Western Wash.,3
Georgia St.,2,Havalynn Abernathy,Outfield,Wofford,2
Southern U.,2,T'auna Fenroy,Middle Infield,Xavier,5
