university,Previous_Division_ID,Name,position,signed_university,New_Division_ID
Oklahoma,1,Jordy Bahl,Pitcher,Nebraska,1
Central Ark.,2,Kayla Beaver,Pitcher,Alabama,1
Oklahoma St.,1,Kelly Maxwell,Pitcher,Oklahoma,1
Stanford,1,Alana Vawter,Pitcher,South Carolina,1
Maryland,1,Trinity Schlotterbeck,Pitcher,FAU,
Princeton,2,Alexis Laudenslager,Pitcher,Notre Dame,1
UC San Diego,2,Jada Cecil,Pitcher,UCLA,1
Michigan St.,1,Ashley Miller,Pitcher,Northwestern,5
Michigan St.,1,Ashley Miller,Pitcher,Northwestern,1
Southern Miss.,2,Morgan Leinstock,Pitcher,Arkansas,1
Coastal Carolina,2,Mady Volpe,Pitcher,Penn St.,1
Washington,1,Kelley Lynch,Pitcher,LSU,1
Winthrop,2,Sydney Boulware,Pitcher,Georgia St.,2
Bucknell,2,Olivia Marinelli,Pitcher,,4
Iowa,1,Denali Loecker,Pitcher,Louisiana,2
Hawaii,2,Brianna Lopez,Pitcher,Ole Miss,1
North Ala.,2,Hannah Price,Pitcher,Memphis,2
Mississippi St.,1,Reis Beuerlein,Pitcher,Arkansas,1
Alcorn,2,Alexa Veamoi,Pitcher,,4
Wisconsin,1,Paytn Monticelli,Pitcher,Oklahoma,1
North Carolina,1,Lilli Backes,Pitcher,Georgia,1
North Ala.,2,Elena Escobar,Pitcher,Liberty,2
Liberty,2,Karlie Keeney,Pitcher,Oklahoma,1
UC Davis,2,Taylor Fitzgerald,Pitcher,Idaho St.,2
Louisiana Tech,2,Mary Martinez,Pitcher,Middle Tennessee,
Cornell,2,Gabrielle Maday,Pitcher,Stony Brook,2
Jackson St.,2,Takiya Hill,Pitcher,Ottawa,5
Virginia,1,Molly Grube,Pitcher,James Madison,2
South Fla.,2,Jaden Martinez,Pitcher,FAU,
Presbyterian,2,Morgan Hess,Pitcher,Delaware,2
Seton Hall,2,Shelby Smith,Pitcher,Houston,2
St. Bonaventure,2,Elizabeth Lis,Pitcher,,4
Purdue,1,Mo Wimpee,Pitcher,UC San Diego,2
Ball St.,2,Angelina Russo,Pitcher,Abilene Christian,2
Cal St. Fullerton,2,Raci Miranda,Pitcher,Utah,1
Ole Miss,1,Brooke Vestal,Pitcher,Texas A&M,1
Samford,2,Lainey Baker,Pitcher,Union,5
Rutgers,1,Jaden Vickers,Pitcher,Kentucky,1
Bucknell,2,Kaiya Burton,Pitcher,,4
LSU,1,Alea Johnson,Pitcher,Alabama,1
Coppin St.,2,Isabel Tobias,Pitcher,,4
Portland St.,2,Olivia Grey,Pitcher,Michigan St.,1
South Carolina,1,Leah Powell,Pitcher,Charlotte,2
Pittsburgh,1,Dani Drogemuller,Pitcher,Duke,1
Illinois,1,Addy Jarvis,Pitcher,Miami (OH),2
Rutgers,1,Raimy Gamsby,Pitcher,,4
Morehead St.,2,Lennon Spicer,Pitcher,Tennessee Tech,2
Lipscomb,2,Laine Barefoot,Pitcher,,4
New Mexico St.,2,Aydenne Brown,Pitcher,SFA,2
Rutgers,1,Ashley Hitchcock,Pitcher,Miami (OH),2
St. Thomas (MN),2,Isabelle True,Pitcher,,4
Yale,2,Nicole Conway,Pitcher,,4
Eastern Ill.,2,Alexa Rehmeier,Pitcher,Tarleton St.,2
Florida,1,Lexie Delbrey,Pitcher,Louisiana,2
Miami (OH),2,Laurelai Depew,Pitcher,Rutgers,1
James Madison,2,Kylah Berry,Pitcher,North Florida,2
Memphis,2,Hallie Siems,Pitcher,UConn,2
Utah St.,2,Mia Reynolds,Pitcher,San Jose St.,2
Georgia St.,2,Elle Doolittle,Pitcher,Gardner-Webb,2
Kansas City,2,Jenna Milan,Pitcher,,4
UTEP,2,Aalijah Alarcon,Pitcher,New Mexico,2
UTEP,2,Mackenzee Collins,Pitcher,,4
Miami (OH),2,Taylor Turner,Pitcher,Bowling Green,2
New Mexico,2,Emmalyn Brinka,Pitcher,Montana,2
Houston,2,Hannah Blincoe,Pitcher,Tarleton St.,2
Memphis,2,Mikayla Hoschak,Pitcher,Maryville,
Providence,2,Elysia Cunnigan,Pitcher,,4
CSU Bakersfield,2,Reina Castillo,Pitcher,Tennessee St.,2
Edward Waters,3,Alyssa Charter-Smith,Pitcher,,4
Lake Erie,3,Grace Hammer,Pitcher,,4
West Va. Wesleyan,3,"Abigail O'shields",Pitcher,,4
Drury,3,Lindsay Henson,Pitcher,,4
St. Thomas Aquinas,3,Abbie Landrum,Pitcher,,4
King (TN),3,Madison Walter,Pitcher,,4
Quincy,3,Jayle Jennings,Pitcher,,4
Neb.-Kearney,3,Sydney Thomason,Pitcher,,4
San Fran. St.,3,Brooklyn Heffernan,Pitcher,,4
Fairmont St.,3,Caitlyn Kassay,Pitcher,,4
Northern St.,3,Meghan Anderson,Pitcher,,4
Seton Hill,3,Chloe Elliott,Pitcher,,4
Mars Hill,3,Alyssa Poston,Pitcher,,4
Hawaii Hilo,3,Alexis Lacy,Pitcher,,4
Limestone,3,Makayla Cyzick,Pitcher,,4
Queens (NY),3,Dyana Budakowski,Pitcher,,4
Neb.-Kearney,3,Faith Gaynor,Pitcher,,4
Felician,3,Riley Williams,Pitcher,,4
Angelo St.,3,Genesis Armendariz,Pitcher,,4
Savannah St.,3,Samantha Morales,Pitcher,,4
Fairmont St.,3,Emma Gates,Pitcher,,4
Fayetteville St.,3,Braynka Brown,Pitcher,,4
Carson-Newman,3,Rylee Gattis,Pitcher,,4
Converse,3,Rylee Summers,Pitcher,,4
Southwestern Okla.,3,Taryn Westbrook,Pitcher,,4
Western N.M.,3,Cassidy Paulson,Pitcher,,4
West Ga.,3,Katie Morris,Pitcher,,4
Southwest Baptist,3,Madison Bentley,Pitcher,,4
Christian Brothers,3,Olivia Renta,Pitcher,,4
Black Hills St.,3,Kailey Bond,Pitcher,,4
Allen,3,Daeshonna Beckham-Timmons,Pitcher,,4