id,university,Name,position,year,batting_average,on_base_percentage,slugging_percentage,singles,doubles,triples,homeruns,runs_batted_in,walks,hit_by_pitches,stolen_bases,fielding_percentage,created_at,signed_university,division
1,Abilene Christian,Matti Reiling,Corner,Junior,0.050,0.136,0.100,0,1,0,0,0,2,0,3,0.922,2023-08-02 19:06:35,Midland,1
2,Abilene Christian,Gianna Russo,Middle Infield,Freshman,0.167,0.286,0.167,2,0,0,0,1,1,1,0,0.667,2023-08-02 19:06:35,Nova Southeastern,1
3,Abilene Christian,Mia Mazzola,Corner,Freshman,0.000,0.000,0.000,0,0,0,0,0,0,0,0,0.000,2023-08-02 19:06:35,Eastern Illinois,1
4,Akron,Olivia Stefanoni,Pitcher,Junior,0.000,0.000,0.000,0,0,0,0,0,0,0,0,1.000,2023-08-02 19:06:35,,1
5,Alabama,Jordan Stephens,Outfield,Sophomore,0.231,0.256,0.256,8,1,0,0,7,2,0,2,0.889,2023-08-02 19:06:35,Boston College,1
6,Alabama,Aubrey Barnhart,Catcher,Sophomore,0.000,0.167,0.000,0,0,0,0,0,0,1,0,1.000,2023-08-02 19:06:35,Texas Tech,1
7,Alabama St.,Ryleigh Baker,Corner,Senior,0.000,0.333,0.000,0,0,0,0,1,4,2,0,0.897,2023-08-02 19:06:35,,1
8,UAB,Makenna Cortez,Middle Infield,Sophomore,0.000,0.000,0.000,0,0,0,0,0,0,0,4,0.880,2023-08-02 19:06:35,,1
9,UAlbany,Amelia Freitas,Pitcher,Sophomore,0.000,0.000,0.000,0,0,0,0,0,0,0,0,0.750,2023-08-02 19:06:35,Southern New Hampshire,1
10,UAlbany,Maya Thompson,Corner,Freshman,0.083,0.154,0.167,0,1,0,0,2,1,0,0,1.000,2023-08-02 19:06:35,Kean University,1
11,UAlbany,Adian Sheeren,Pitcher,Senior,0.000,0.000,0.000,0,0,0,0,0,0,0,0,0.000,2023-08-02 19:06:35,,1
12,UAlbany,Ryan Hanson,Catcher,Freshman,0.000,0.000,0.000,0,0,0,0,0,0,0,0,0.000,2023-08-02 19:06:35,Augusta,1
13,App State,Kaylee Kardash,Corner,Freshman,0.000,0.000,0.000,0,0,0,0,0,0,0,0,0.500,2023-08-02 19:06:35,South Dakota St.,1
14,Arizona,Ali Ashner,Outfield,Junior,0.269,0.345,0.269,7,0,0,0,3,3,0,0,1.000,2023-08-02 19:06:35,Utah St.,1
15,Arizona St.,Taylor Nicholson,Middle Infield,Freshman,0.100,0.167,0.100,1,0,0,0,1,1,0,0,1.000,2023-08-02 19:06:35,,1
16,Arizona St.,Mackenzie Nicholson,Outfield,Freshman,0.000,0.000,0.000,0,0,0,0,0,0,0,2,0.000,2023-08-02 19:06:35,,1
17,Arkansas,Cally Kildow,Outfield,Junior,0.000,0.143,0.000,0,0,0,0,0,1,0,1,0.875,2023-08-02 19:06:35,FAU,1
18,Auburn,Maia Engelkes,Outfield,Senior,0.231,0.412,0.538,1,1,0,1,7,3,1,0,0.000,2023-08-02 19:06:35,South Dakota,1
19,Austin Peay,Riley Suits,Catcher,Senior,0.125,0.364,0.125,1,0,0,0,1,2,1,0,1.000,2023-08-02 19:06:35,,1
20,Baylor,Emry Mcdonough,Corner,Sophomore,0.400,0.400,0.400,2,0,0,0,0,0,0,1,0.938,2023-08-02 19:06:35,,1
21,Belmont,Kathryn Flowers,Catcher,Sophomore,0.310,0.355,0.345,8,1,0,0,7,2,0,0,0.909,2023-08-02 19:06:35,Missouri Southern St.,1
22,Bethune-Cookman,Jordynn Lawrence,Outfield,Junior,0.000,0.000,0.000,0,0,0,0,1,0,0,0,1.000,2023-08-02 19:06:35,,1
23,Boise St.,Zoe Karam,Corner,Freshman,0.000,0.333,0.000,0,0,0,0,0,2,0,0,1.000,2023-08-02 19:06:35,,1
24,Boise St.,Amber Thornton,Pitcher,Freshman,0.000,0.000,0.000,0,0,0,0,0,0,0,0,0.000,2023-08-02 19:06:35,,1
25,Boston College,Alexis Dale,Middle Infield,Sophomore,0.105,0.150,0.105,2,0,0,0,0,1,0,4,1.000,2023-08-02 19:06:35,,1
26,Boston College,Gianna Sarlo,Middle Infield,Senior,0.182,0.229,0.273,5,0,0,1,2,1,1,0,0.950,2023-08-02 19:06:35,Fordham,1
27,BYU,Emma Andrewjeski,Catcher,Sophomore,0.286,0.286,0.357,3,1,0,0,2,0,0,0,0.923,2023-08-02 19:06:35,Western Washington,1
28,BYU,Jolee Benson,Catcher,Freshman,0.300,0.364,0.400,2,1,0,0,0,1,0,0,1.000,2023-08-02 19:06:35,,1
29,BYU,Delaney Baker,Pitcher,Freshman,0.000,0.000,0.000,0,0,0,0,0,0,0,0,0.000,2023-08-02 19:06:35,Southern Utah,1
30,Brown,Erin Elgas,Pitcher,Senior,0.000,0.000,0.000,0,0,0,0,0,0,0,0,1.000,2023-08-02 19:06:35,,1
31,Bryant,Morgan Tesser,Corner,Sophomore,0.346,0.433,0.577,5,3,0,1,3,4,0,1,0.812,2023-08-02 19:06:35,,1
32,Bryant,Ava Paganis,Middle Infield,Freshman,0.150,0.182,0.350,1,0,2,0,1,1,0,0,0.944,2023-08-02 19:06:35,DePaul,1
33,Bryant,Ashley Pierce,Middle Infield,Freshman,0.000,0.400,0.000,0,0,0,0,0,2,0,0,0.333,2023-08-02 19:06:35,,1
34,California Baptist,Macie Howes,Corner,Freshman,0.111,0.250,0.222,0,1,0,0,2,1,1,0,0.000,2023-08-02 19:06:35,Kennesaw St.,1
35,CSU Bakersfield,Jay Reeves,Outfield,Freshman,0.000,0.000,0.000,0,0,0,0,0,0,0,4,1.000,2023-08-02 19:06:35,,1
36,CSU Bakersfield,Kaycie Kennedy,Pitcher,Sophomore,0.000,0.000,0.000,0,0,0,0,0,0,0,0,1.000,2023-08-02 19:06:35,Siena,1
37,Fresno St.,Shaunessy Cardwell,Corner,Freshman,0.225,0.354,0.250,8,1,0,0,2,7,1,0,0.000,2023-08-02 19:06:35,,1
38,Fresno St.,Avery Lawley,Catcher,Junior,0.000,0.000,0.000,0,0,0,0,0,0,0,0,1.000,2023-08-02 19:06:35,,1
39,Fresno St.,Makenna Steele,Corner,Junior,0.000,0.000,0.000,0,0,0,0,0,0,0,0,0.000,2023-08-02 19:06:35,,1
40,CSUN,Mia Stankiewicz,Middle Infield,Junior,0.100,0.182,0.100,3,0,0,0,1,3,0,1,0.892,2023-08-02 19:06:35,,1
41,CSUN,Samantha Kwiatkowski,Catcher,Sophomore,0.136,0.125,0.182,2,1,0,0,3,0,0,1,1.000,2023-08-02 19:06:35,,1
42,CSUN,Riley Wickum,Pitcher,Freshman,0.000,0.000,0.000,0,0,0,0,0,0,0,0,1.000,2023-08-02 19:06:35,Idaho St.,1
43,CSUN,Macy Mohrlock,Catcher,Freshman,0.333,0.500,0.833,1,0,0,1,3,2,0,0,0.000,2023-08-02 19:06:35,,1
44,Sacramento St.,Kelsey Alcantara,Pitcher,Junior,0.000,0.000,0.000,0,0,0,0,0,0,0,0,1.000,2023-08-02 19:06:35,Cal St. Monterey Bay,1
45,Sacramento St.,Nevaeh Pinon,Catcher,Senior,0.000,0.000,0.000,0,0,0,0,0,0,0,0,0.950,2023-08-02 19:06:35,,1
46,UC Riverside,Grace Pieson,Pitcher,Junior,0.000,0.000,0.000,0,0,0,0,0,0,0,0,0.250,2023-08-02 19:06:35,,1
47,UC Santa Barbara,Mya Quick,Corner,Freshman,0.000,0.500,0.000,0,0,0,0,1,1,0,3,0.000,2023-08-02 19:06:35,Sierra,1
48,Campbell,Jaimee Hardy,Pitcher,Sophomore,0.200,0.259,0.320,2,3,0,0,4,2,0,0,1.000,2023-08-02 19:06:35,,1
49,Campbell,Samantha Fontaine,Corner,Sophomore,0.143,0.250,0.429,0,0,1,0,1,1,0,0,0.923,2023-08-02 19:06:35,,1
50,Campbell,Aubrey Hutzler,Catcher,Freshman,0.000,0.400,0.000,0,0,0,0,0,2,0,0,1.000,2023-08-02 19:06:35,Nova Southeastern,1
51,Central Ark.,Bella Barnes,Catcher,Sophomore,0.000,0.071,0.000,0,0,0,0,0,0,1,0,1.000,2023-08-02 19:06:35,,1
52,Central Ark.,Regan Riemersma,Outfield,Freshman,0.000,0.000,0.000,0,0,0,0,0,0,0,0,0.000,2023-08-02 19:06:35,,1
53,Central Ark.,Ally Callahan,Catcher,Freshman,0.500,0.500,0.500,2,0,0,0,0,0,0,0,1.000,2023-08-02 19:06:35,Memphis,1
54,Central Conn. St.,Katie Master,Outfield,Junior,0.000,0.000,0.000,0,0,0,0,0,0,0,0,1.000,2023-08-02 19:06:35,,1
55,UCF,Olivia Elliott,Outfield,Freshman,0.250,0.280,0.417,4,1,0,1,5,0,1,0,1.000,2023-08-02 19:06:35,USF,1
56,UCF,Shelli Dipuma,Middle Infield,Freshman,0.333,0.556,0.333,2,0,0,0,3,3,0,1,0.000,2023-08-02 19:06:35,Stetson,1
57,UCF,Averi Wong,Outfield,Sophomore,0.222,0.300,0.222,2,0,0,0,2,1,0,0,0.000,2023-08-02 19:06:35,,1
58,Central Mich.,Madie Martinez,Middle Infield,Sophomore,0.000,0.000,0.000,0,0,0,0,0,0,0,0,0.000,2023-08-02 19:06:35,Wayne St.,1
59,Col. of Charleston,Ella Campbell,Middle Infield,Freshman,0.200,0.217,0.267,8,0,0,1,3,0,1,0,0.810,2023-08-02 19:06:35,,1
60,Col. of Charleston,Natalie Windham,Outfield,Sophomore,0.083,0.214,0.083,1,0,0,0,0,2,0,2,1.000,2023-08-02 19:06:35,Queens,1
61,Col. of Charleston,Chloe Valdez,Middle Infield,Sophomore,0.222,0.222,0.333,1,1,0,0,2,0,0,0,0.833,2023-08-02 19:06:35,,1
62,Clemson,Sarah Howell,Catcher,Sophomore,0.000,0.500,0.000,0,0,0,0,0,1,0,0,0.000,2023-08-02 19:06:35,,1
63,Clemson,Morgan Johnson,Outfield,Junior,0.333,0.467,0.417,3,1,0,0,1,3,0,0,0.000,2023-08-02 19:06:35,East Carolina,1
64,Clemson,Rachel Gibson,Pitcher,Sophomore,0.000,0.000,0.000,0,0,0,0,0,0,0,0,0.000,2023-08-02 19:06:35,Georgia,1
65,Cleveland St.,Emily Yacapraro,Outfield,Freshman,0.262,0.311,0.262,11,0,0,0,2,2,1,6,0.889,2023-08-02 19:06:35,Western Michigan,1
66,Coastal Carolina,Tori Miller,Pitcher,Freshman,0.000,0.000,0.000,0,0,0,0,0,0,0,0,1.000,2023-08-02 19:06:35,,1
67,Colgate,Bailey Burns,Outfield,Senior,0.200,0.333,0.200,3,0,0,0,2,3,0,0,0.667,2023-08-02 19:06:35,,1
68,Colgate,Jenna Geffert,Pitcher,Senior,0.000,0.000,0.000,0,0,0,0,0,0,0,0,1.000,2023-08-02 19:06:35,,1
69,Coppin St.,Phaedra Smith,Middle Infield,Freshman,0.000,0.000,0.000,0,0,0,0,0,0,0,0,0.000,2023-08-02 19:06:35,Savannah St.,1
70,Coppin St.,Brandilyn Reymer,Pitcher,Freshman,0.000,0.000,0.000,0,0,0,0,0,0,0,0,0.778,2023-08-02 19:06:35,,1
71,Coppin St.,Shawnee Ronyak,Outfield,Junior,0.053,0.100,0.053,1,0,0,0,0,1,0,1,0.500,2023-08-02 19:06:35,,1
72,Creighton,Maddox Boston,Middle Infield,Freshman,0.095,0.208,0.095,2,0,0,0,1,3,0,0,0.882,2023-08-02 19:06:35,South Dakota,1
73,Creighton,Alyssa Bostley,Pitcher,Sophomore,0.000,0.000,0.000,0,0,0,0,0,0,0,0,1.000,2023-08-02 19:06:35,,1
74,Dayton,Mary Newton,Pitcher,Sophomore,0.000,0.000,0.000,0,0,0,0,0,0,0,0,1.000,2023-08-02 19:06:35,,1
75,East Carolina,Malea Rolle,Middle Infield,Sophomore,0.100,0.250,0.100,3,0,0,0,1,5,1,0,1.000,2023-08-02 19:06:35,,1
76,East Carolina,Taylor Smith,Pitcher,Junior,0.000,0.000,0.000,0,0,0,0,0,0,0,0,1.000,2023-08-02 19:06:35,,1
77,East Carolina,Madison Mercer,Middle Infield,Freshman,0.000,0.000,0.000,0,0,0,0,0,0,0,0,0.000,2023-08-02 19:06:35,,1
78,East Carolina,Dafne Mercado,Catcher,Sophomore,0.000,0.111,0.000,0,0,0,0,0,1,0,0,0.000,2023-08-02 19:06:35,,1
79,Evansville,Abby Husak,Outfield,Junior,0.111,0.385,0.111,1,0,0,0,0,4,0,0,1.000,2023-08-02 19:06:35,Kansas City,1
80,FDU,Payton Wagner,Pitcher,Sophomore,0.000,0.143,0.000,0,0,0,0,0,1,0,1,1.000,2023-08-02 19:06:35,Tennessee Tech,1
81,FDU,Alex Hooper,Middle Infield,Freshman,0.289,0.317,0.342,9,2,0,0,2,1,1,0,0.884,2023-08-02 19:06:35,CSU - San Bernadino,1
82,FDU,Destiny Sevilla,Corner,Freshman,0.200,0.324,0.267,4,2,0,0,3,6,0,1,0.857,2023-08-02 19:06:35,Chico St.,1
83,FDU,Abby Mitchell,Catcher,Freshman,0.091,0.167,0.091,1,0,0,0,0,1,0,0,1.000,2023-08-02 19:06:35,,1
84,Florida,Christina Wellen,Outfield,Sophomore,0.500,0.500,0.500,1,0,0,0,2,0,0,5,0.000,2023-08-02 19:06:35,Charlotte,1
85,Florida A&M,Nadia Zenteno,Pitcher,Senior,0.000,0.000,0.000,0,0,0,0,1,0,0,0,0.808,2023-08-02 19:06:35,,1
86,Fla. Atlantic,Sam Bodell,Catcher,Sophomore,0.000,0.000,0.000,0,0,0,0,0,0,0,0,0.000,2023-08-02 19:06:35,,1
87,FGCU,Simia Spahiev,Outfield,Sophomore,0.167,0.154,0.250,1,1,0,0,2,0,0,0,0.000,2023-08-02 19:06:35,Missouri - Saint Louis,1
88,FIU,Hanna Johanning,Outfield,Sophomore,0.000,0.067,0.000,0,0,0,0,0,1,0,1,1.000,2023-08-02 19:06:35,,1
89,Furman,Alexis Larrow,Corner,Junior,0.000,0.000,0.000,0,0,0,0,0,0,0,0,0.000,2023-08-02 19:06:35,Bryant,1
90,Gardner-Webb,Alexa Key,Outfield,Senior,0.194,0.219,0.258,5,0,1,0,4,1,0,2,0.833,2023-08-02 19:06:35,,1
91,Georgia,Britton Rogers,Pitcher,Junior,0.000,0.000,0.000,0,0,0,0,0,0,0,0,0.000,2023-08-02 19:06:35,North Carolina,1
92,Ga. Southern,Janiyah Strong,Corner,Freshman,0.125,0.111,0.125,1,0,0,0,1,0,0,0,0.000,2023-08-02 19:06:35,,1
93,Ga. Southern,Graceanne Spears,Pitcher,Junior,0.000,0.000,0.000,0,0,0,0,0,0,0,0,0.000,2023-08-02 19:06:35,Ga. Southwestern,1
94,Ga. Southern,Baileigh Pitts,Catcher,Freshman,0.200,0.200,0.200,1,0,0,0,0,0,0,0,1.000,2023-08-02 19:06:35,UT Chattanooga,1
95,Georgia St.,Abby Brown,Corner,Sophomore,0.132,0.175,0.316,2,1,0,2,5,2,0,0,0.978,2023-08-02 19:06:35,Shorter,1
96,Georgia St.,Havalynn Abernathy,Outfield,Sophomore,0.000,0.000,0.000,0,0,0,0,0,0,0,0,0.000,2023-08-02 19:06:35,Wofford,1
97,Grambling,Jyah Hamilton,Corner,Freshman,0.500,0.500,1.000,0,1,0,0,0,0,0,0,0.000,2023-08-02 19:06:35,,1
98,Hawaii,Jadyn Nielsen,Middle Infield,Freshman,0.000,0.111,0.000,0,0,0,0,0,1,0,1,1.000,2023-08-02 19:06:35,CSUN,1
99,Hawaii,Malia Williams,Pitcher,Freshman,0.000,0.000,0.000,0,0,0,0,0,0,0,0,0.000,2023-08-02 19:06:35,,1
100,Hofstra,Abby Meehan,Outfield,Sophomore,0.333,0.333,0.333,1,0,0,0,0,0,0,0,0.000,2023-08-02 19:06:35,Central Conn.,1
101,Houston,Baylea Myers,Corner,Sophomore,0.194,0.333,0.194,7,0,0,0,3,6,2,1,0.923,2023-08-02 19:06:35,Lubbock Christian,1
102,Houston,Bella Farina,Outfield,Freshman,0.100,0.250,0.100,1,0,0,0,0,2,0,2,0.000,2023-08-02 19:06:35,Binghamton,1
103,Houston,Mattison Boyd,Pitcher,Senior,0.000,0.000,0.000,0,0,0,0,0,0,0,0,1.000,2023-08-02 19:06:35,Rutgers,1
104,Houston,Ayden Allen,Corner,Freshman,0.000,0.000,0.000,0,0,0,0,1,0,0,0,0.000,2023-08-02 19:06:35,Arizona St.,1
105,Houston,Jaden Moore,Corner,Freshman,0.000,0.000,0.000,0,0,0,0,0,0,0,0,0.000,2023-08-02 19:06:35,Idaho St.,1
106,Houston Christian,Hadlee Tomczak,Catcher,Freshman,0.154,0.327,0.231,5,0,0,1,4,8,2,0,0.975,2023-08-02 19:06:35,,1
107,Howard,Carleen Murray,Pitcher,Freshman,0.000,0.000,0.000,0,0,0,0,0,0,0,0,1.000,2023-08-02 19:06:35,,1
108,Idaho St.,Brook Richards,Corner,Sophomore,0.121,0.216,0.152,3,1,0,0,2,4,0,3,0.926,2023-08-02 19:06:35,,1
109,Idaho St.,Sophia Stoddard,Catcher,Junior,0.220,0.312,0.317,7,1,0,1,8,4,2,1,0.958,2023-08-02 19:06:35,Southeastern LA,1
110,Idaho St.,Anna Berger,Pitcher,Freshman,0.000,0.000,0.000,0,0,0,0,0,0,0,0,1.000,2023-08-02 19:06:35,,1
111,Idaho St.,Mia Escujuri,Catcher,Freshman,0.091,0.167,0.091,1,0,0,0,1,1,0,0,1.000,2023-08-02 19:06:35,CSU - San Bernadino,1
112,Illinois,Miranda Gallardo,Corner,Senior,0.000,0.200,0.000,0,0,0,0,0,0,1,2,0.571,2023-08-02 19:06:35,,1
113,Indiana,Elle Smith,Outfield,Freshman,0.667,0.750,0.667,2,0,0,0,0,1,0,5,1.000,2023-08-02 19:06:35,Lipscomb,1
114,Indiana,Kate Rehberg,Pitcher,Senior,0.000,0.000,0.000,0,0,0,0,0,0,0,0,1.000,2023-08-02 19:06:35,Northern CO,1
115,Iowa,Emma Henderson,Pitcher,Sophomore,0.250,0.333,0.292,5,1,0,0,2,2,1,0,1.000,2023-08-02 19:06:35,SIU Edwardsville,1
116,Iowa,Anna Henderson,Catcher,Sophomore,0.000,0.167,0.000,0,0,0,0,0,0,1,0,1.000,2023-08-02 19:06:35,SIU Edwardsville,1
117,Iowa,Katherine Serna,Pitcher,Sophomore,0.000,0.000,0.000,0,0,0,0,0,0,0,0,1.000,2023-08-02 19:06:35,Campbell,1
118,Jackson St.,Breanna Kimber,Outfield,Sophomore,0.000,0.000,0.000,0,0,0,0,0,0,0,2,1.000,2023-08-02 19:06:35,,1
119,Kennesaw St.,Evan Fuller,Outfield,Freshman,0.077,0.200,0.077,1,0,0,0,0,2,0,0,1.000,2023-08-02 19:06:35,"Texas Woman's",1
120,Kent St.,Kennedy Cole,Catcher,Freshman,0.000,0.143,0.000,0,0,0,0,0,2,0,0,1.000,2023-08-02 19:06:35,Wayne St.,1
121,Kentucky,Chelsea Mack,Outfield,Freshman,0.231,0.231,0.231,3,0,0,0,0,0,0,8,1.000,2023-08-02 19:06:35,Louisville,1
122,Lamar University,Sydney Norton,Corner,Sophomore,0.000,0.250,0.000,0,0,0,0,1,1,0,0,0.000,2023-08-02 19:06:35,Rogers St.,1
123,Lamar University,Kelsey Pizarro,Pitcher,Sophomore,0.000,0.000,0.000,0,0,0,0,0,0,0,0,0.000,2023-08-02 19:06:35,,1
124,Liberty,Janessa Plummer,Outfield,Junior,0.000,0.000,0.000,0,0,0,0,0,0,0,2,0.833,2023-08-02 19:06:35,Mercer,1
125,Lindenwood,Ally Mcardle,Outfield,Freshman,0.667,0.667,0.667,2,0,0,0,0,0,0,3,0.000,2023-08-02 19:06:35,,1
126,Lindenwood,Lydia Feiste,Outfield,Freshman,0.000,0.000,0.000,0,0,0,0,0,0,0,0,0.000,2023-08-02 19:06:35,,1
127,Lipscomb,Kate Peters,Pitcher,Sophomore,0.000,0.000,0.000,0,0,0,0,0,0,0,0,0.833,2023-08-02 19:06:35,,1
128,Lipscomb,Avery Cox,Catcher,Sophomore,0.000,0.000,0.000,0,0,0,0,0,0,0,0,0.000,2023-08-02 19:06:35,,1
129,Long Beach St.,Shelby Frutoz,Pitcher,Sophomore,0.000,0.000,0.000,0,0,0,0,0,0,0,0,1.000,2023-08-02 19:06:35,,1
130,Long Beach St.,Addison Kostrencich,Pitcher,Sophomore,0.000,0.000,0.000,0,0,0,0,0,0,0,0,0.000,2023-08-02 19:06:35,,1
131,LIU,Alexis Toledo,Middle Infield,Senior,0.000,0.000,0.000,0,0,0,0,0,0,0,0,1.000,2023-08-02 19:06:35,Barry,1
132,Longwood,Abby Wyatt,Pitcher,Freshman,0.148,0.281,0.148,4,0,0,0,0,5,0,0,0.938,2023-08-02 19:06:35,,1
133,Louisiana,Kramer Eschete,Outfield,Sophomore,0.167,0.286,0.167,4,0,0,0,2,4,0,7,0.882,2023-08-02 19:06:35,Texas A&M,1
134,Louisiana,Tyler Oubre,Pitcher,Freshman,0.000,0.000,0.000,0,0,0,0,0,0,0,0,0.000,2023-08-02 19:06:35,Liberty,1
135,ULM,Gabby Davila,Outfield,Sophomore,0.000,0.190,0.000,0,0,0,0,5,4,0,0,1.000,2023-08-02 19:06:35,,1
136,Louisville,Cassie Grizzard,Pitcher,Freshman,0.000,0.000,0.000,0,0,0,0,0,0,0,0,0.500,2023-08-02 19:06:35,Virginia Tech,1
137,Louisville,Taja Felder,Pitcher,Senior,0.000,0.000,0.000,0,0,0,0,0,0,0,0,1.000,2023-08-02 19:06:35,UTEP,1
138,Manhattan,Makayla Veneziale,Pitcher,Freshman,0.000,0.000,0.000,0,0,0,0,0,0,0,0,0.889,2023-08-02 19:06:35,,1
139,Marshall,Cailey Joyce,Pitcher,Senior,0.000,0.000,0.000,0,0,0,0,0,0,0,0,0.000,2023-08-02 19:06:35,,1
140,Maryland,Kamryn Davis,Outfield,Sophomore,0.167,0.167,0.167,1,0,0,0,0,0,0,7,1.000,2023-08-02 19:06:35,UC Riverside,1
141,Maryland,Kyra Pittman,Pitcher,Sophomore,0.000,0.000,0.000,0,0,0,0,0,0,0,0,1.000,2023-08-02 19:06:35,Pitt,1
142,Maryland,Nicole Bodeux,Pitcher,Freshman,0.000,0.000,0.000,0,0,0,0,0,0,0,0,0.000,2023-08-02 19:06:35,Houston,1
143,Massachusetts,Olivia Guindon,Catcher,Sophomore,0.100,0.182,0.100,1,0,0,0,0,1,0,0,0.935,2023-08-02 19:06:35,Southern Utah,1
144,UMass Lowell,Kylie Frank,Catcher,Freshman,0.000,0.000,0.000,0,0,0,0,0,0,0,0,1.000,2023-08-02 19:06:35,,1
145,McNeese,Jil Poullard,Corner,Junior,0.333,0.375,0.667,4,1,0,2,7,2,0,2,1.000,2023-08-02 19:06:35,Oklahoma St.,1
146,Miami (OH),Noelle Reid,Outfield,Sophomore,0.000,0.000,0.000,0,0,0,0,0,0,0,0,0.000,2023-08-02 19:06:35,Quinnipiac,1
147,Michigan,Jessica Garmen,Catcher,Senior,0.333,0.500,0.333,1,0,0,0,2,0,1,0,1.000,2023-08-02 19:06:35,,1
148,Michigan St.,Zaquai Dumas,Middle Infield,Junior,0.310,0.474,0.483,6,2,0,1,7,8,1,1,0.923,2023-08-02 19:06:35,Houston,1
149,Michigan St.,Bibianna Rodriguez,Corner,Freshman,0.125,0.125,0.125,1,0,0,0,0,0,0,0,1.000,2023-08-02 19:06:35,DePaul,1
150,Michigan St.,Camryn Wincher,Corner,Senior,0.286,0.429,0.321,7,1,0,0,2,6,1,0,1.000,2023-08-02 19:06:35,Georgetown,1
151,Minnesota,Clare Ceynowa,Catcher,Junior,0.400,0.571,1.000,1,0,0,1,3,1,1,0,1.000,2023-08-02 19:06:35,Houston,1
152,Ole Miss,Nyomi Jones,Outfield,Senior,0.333,0.394,0.333,10,0,0,0,2,3,0,1,1.000,2023-08-02 19:06:35,,1
153,Ole Miss,Brooke Barnard,Middle Infield,Sophomore,0.333,0.417,0.619,4,1,1,1,9,2,1,5,0.947,2023-08-02 19:06:35,Florida,1
154,Ole Miss,Natalie Ray,Outfield,Freshman,0.323,0.417,0.323,10,0,0,0,4,3,2,1,1.000,2023-08-02 19:06:35,,1
155,Ole Miss,Jenna Lord,Corner,Sophomore,0.235,0.257,0.294,6,2,0,0,3,1,0,1,1.000,2023-08-02 19:06:35,Texas Tech,1
156,Ole Miss,Makenna Segal,Corner,Sophomore,0.500,0.500,0.500,1,0,0,0,1,0,0,0,1.000,2023-08-02 19:06:35,Boston College,1
157,Mississippi St.,Bri Bower,Pitcher,Sophomore,0.000,0.000,0.000,0,0,0,0,0,0,0,0,1.000,2023-08-02 19:06:35,Illinois,1
158,Missouri,Megan Schumacher,Pitcher,Senior,0.000,0.000,0.000,0,0,0,0,0,0,0,0,0.947,2023-08-02 19:06:35,GCU,1
159,Missouri,Addie Lange,Catcher,Senior,0.190,0.320,0.190,4,0,0,0,1,2,2,1,0.983,2023-08-02 19:06:35,,1
160,Missouri,Kendal Cook,Outfield,Junior,0.000,0.000,0.000,0,0,0,0,0,0,0,0,0.000,2023-08-02 19:06:35,Charleston So.,1
161,Kansas City,Gaby Lafavor,Outfield,Freshman,0.263,0.300,0.316,4,1,0,0,3,1,0,0,1.000,2023-08-02 19:06:35,,1
162,Kansas City,Audrey Danielson,Pitcher,Sophomore,0.000,0.000,0.000,0,0,0,0,0,0,0,0,1.000,2023-08-02 19:06:35,,1
163,Monmouth,Emily Spencer,Pitcher,Sophomore,0.235,0.278,0.412,4,3,0,1,10,2,0,0,1.000,2023-08-02 19:06:35,,1
164,Murray St.,Ella Strickland,Corner,Sophomore,0.156,0.325,0.188,4,1,0,0,0,8,0,0,1.000,2023-08-02 19:06:35,,1
165,UNLV,Sabrina Jolin,Pitcher,Sophomore,0.000,0.000,0.000,0,0,0,0,0,0,0,0,0.833,2023-08-02 19:06:35,Lamar,1
166,UNLV,Jocelyn Eisen,Middle Infield,Sophomore,0.000,0.500,0.000,0,0,0,0,1,2,0,0,0.000,2023-08-02 19:06:35,Montana,1
167,Nevada,Bradianne Glover,Outfield,Sophomore,0.000,0.000,0.000,0,0,0,0,0,0,0,14,0.000,2023-08-02 19:06:35,,1
168,Nevada,Andrea Lira,Outfield,Freshman,0.125,0.222,0.125,4,0,0,0,1,4,0,1,0.857,2023-08-02 19:06:35,Sacramento St.,1
169,New Mexico,Olivia Birkinshaw,Outfield,Sophomore,0.286,0.367,0.405,9,2,0,1,8,1,5,2,0.864,2023-08-02 19:06:35,Weber St.,1
170,New Mexico,Loran Walker,Catcher,Sophomore,0.171,0.279,0.257,5,0,0,1,6,3,3,1,0.935,2023-08-02 19:06:35,,1
171,New Mexico,Bella Mitchell,Pitcher,Freshman,0.000,0.000,0.000,0,0,0,0,0,0,0,0,0.000,2023-08-02 19:06:35,Incarnate Word,1
172,New Mexico St.,Jordin King,Pitcher,Sophomore,0.000,0.000,0.000,0,0,0,0,0,0,0,0,1.000,2023-08-02 19:06:35,Howard,1
173,New Mexico St.,Felicia De La Torre,Pitcher,Junior,0.000,0.000,0.000,0,0,0,0,0,0,0,0,0.000,2023-08-02 19:06:35,,1
174,New Mexico St.,Ana Rodriguez,Pitcher,Junior,0.000,0.200,0.000,0,0,0,0,0,1,0,0,0.000,2023-08-02 19:06:35,,1
175,Niagara,Lily Irvine,Catcher,Freshman,0.167,0.167,0.278,1,2,0,0,1,0,0,0,1.000,2023-08-02 19:06:35,,1
176,Niagara,Karena Recrosio,Outfield,Sophomore,0.235,0.316,0.235,4,0,0,0,0,1,1,0,0.941,2023-08-02 19:06:35,St. Bonaventure,1
177,Niagara,Kennedy Laird,Catcher,Freshman,0.250,0.250,0.250,2,0,0,0,0,0,0,0,1.000,2023-08-02 19:06:35,British Columbia,1
178,Nicholls,Brianna Mcfaddin,Outfield,Freshman,0.290,0.290,0.290,9,0,0,0,2,0,0,20,1.000,2023-08-02 19:06:35,Tarleton St.,1
179,Nicholls,Jensen Gremillion,Pitcher,Junior,0.000,0.000,0.000,0,0,0,0,0,0,0,0,1.000,2023-08-02 19:06:35,Western Michigan,1
180,Norfolk St.,Morgan Johnson,Corner,Senior,0.297,0.325,0.514,8,0,1,2,9,2,0,1,0.844,2023-08-02 19:06:35,,1
181,North Ala.,Jessie Baughan,Outfield,Sophomore,0.333,0.333,0.333,1,0,0,0,0,0,0,0,1.000,2023-08-02 19:06:35,West Florida,1
182,N.C. A&T,Kendall Macauley,Outfield,Junior,0.067,0.176,0.200,0,0,1,0,1,1,1,1,0.923,2023-08-02 19:06:35,,1
183,NC State,Brooklyn Lucero,Pitcher,Junior,0.083,0.154,0.083,1,0,0,0,1,1,0,0,1.000,2023-08-02 19:06:35,Carson-Newman,1
184,North Carolina,Annie Kate Dalton,Catcher,Sophomore,0.200,0.286,0.257,5,2,0,0,6,5,0,0,0.980,2023-08-02 19:06:35,East Carolina,1
185,Charlotte,Karley Beltran,Middle Infield,Freshman,0.000,0.000,0.000,0,0,0,0,0,0,0,0,0.000,2023-08-02 19:06:35,Virginia Wesleyan,1
186,North Dakota,Logan Gronberg,Corner,Freshman,0.167,0.242,0.300,3,1,0,1,2,2,1,0,1.000,2023-08-02 19:06:35,Valley City St.,1
187,UNI,Kaylyn Jones,Pitcher,Sophomore,0.000,0.000,0.000,0,0,0,0,0,0,0,0,0.000,2023-08-02 19:06:35,,1
188,Northwestern St.,Viv Hernandez,Outfield,Sophomore,0.125,0.125,0.125,1,0,0,0,2,0,0,2,0.000,2023-08-02 19:06:35,"Texas Woman's",1
189,Northwestern St.,Derika Castillo,Catcher,Sophomore,0.125,0.222,0.250,2,0,0,1,2,3,0,0,0.909,2023-08-02 19:06:35,Kansas City,1
190,Notre Dame,Brooke Marquez,Middle Infield,Senior,0.211,0.244,0.263,6,2,0,0,5,0,2,0,0.983,2023-08-02 19:06:35,Charleston,1
191,Notre Dame,Gaelen Kelly,Catcher,Freshman,0.000,0.000,0.000,0,0,0,0,0,0,0,0,0.000,2023-08-02 19:06:35,Rutgers,1
192,Ohio St.,Lindsey Potter,Outfield,Junior,0.000,0.000,0.000,0,0,0,0,0,0,0,2,0.000,2023-08-02 19:06:35,,1
193,Ohio St.,Hailey Massaro,Middle Infield,Freshman,0.000,0.000,0.000,0,0,0,0,0,0,0,0,0.000,2023-08-02 19:06:35,East Carolina,1
194,Ohio,Emily Walker,Outfield,Junior,0.056,0.190,0.056,1,0,0,0,1,3,0,2,1.000,2023-08-02 19:06:35,,1
196,Oklahoma St.,Bailie Runner,Pitcher,Sophomore,0.000,0.000,0.000,0,0,0,0,0,0,0,0,1.000,2023-08-02 19:06:35,Central Ark.,1
197,Oregon,Allison Benning,Pitcher,Sophomore,0.176,0.263,0.235,2,1,0,0,0,2,0,0,1.000,2023-08-02 19:06:35,North Florida,1
198,Oregon St.,Erin Mendoza,Outfield,Sophomore,0.250,0.333,0.250,10,0,0,0,3,3,2,3,0.946,2023-08-02 19:06:35,UC Santa Barbara,1
199,Oregon St.,Kristalyn Romulo,Outfield,Sophomore,0.000,0.000,0.000,0,0,0,0,0,0,0,4,0.000,2023-08-02 19:06:35,Cal St. Fullerton,1
200,Oregon St.,Kiani Nakamura,Middle Infield,Sophomore,0.286,0.444,0.286,2,0,0,0,0,2,0,0,1.000,2023-08-02 19:06:35,Hawaii,1
201,Oregon St.,Jenna Birch,Middle Infield,Freshman,0.000,0.000,0.000,0,0,0,0,0,0,0,0,0.778,2023-08-02 19:06:35,Sacramento St.,1
202,Presbyterian,Jenna Borkey,Outfield,Freshman,0.000,0.000,0.000,0,0,0,0,0,0,0,7,1.000,2023-08-02 19:06:35,Eastern Florida St.,1
203,Presbyterian,Kennedy Rhue,Outfield,Sophomore,0.000,0.000,0.000,0,0,0,0,0,0,0,2,0.000,2023-08-02 19:06:35,Charleston,1
204,Purdue Fort Wayne,Alise Moneypenny,Catcher,Sophomore,0.093,0.133,0.163,3,0,0,1,2,2,0,0,0.988,2023-08-02 19:06:35,,1
205,Purdue,Bella Bacon,Corner,Freshman,0.250,0.381,0.250,8,0,0,0,5,4,4,0,1.000,2023-08-02 19:06:35,Nebraska,1
206,Purdue,Rita Nuss,Corner,Freshman,0.158,0.220,0.184,5,1,0,0,2,3,0,0,0.911,2023-08-02 19:06:35,,1
207,Purdue,Julianna Verni,Pitcher,Freshman,0.000,0.000,0.000,0,0,0,0,0,0,0,0,1.000,2023-08-02 19:06:35,Syracuse,1
208,Radford,Taylor Trent,Middle Infield,Freshman,0.216,0.275,0.297,6,1,1,0,4,3,0,0,1.000,2023-08-02 19:06:35,,1
209,Rhode Island,Annabeth Carlberg,Outfield,Freshman,0.429,0.500,0.571,2,1,0,0,6,1,0,0,0.000,2023-08-02 19:06:35,North Dakota,1
210,Rider,Lilly Feltenberger,Middle Infield,Freshman,0.000,0.250,0.000,0,0,0,0,0,1,0,0,1.000,2023-08-02 19:06:35,,1
211,Rider,Ysabellah Otero,Corner,Sophomore,0.087,0.160,0.087,2,0,0,0,0,1,1,0,0.956,2023-08-02 19:06:35,Ramapo College of NJ,1
212,Rider,Amanda Cooper,Outfield,Senior,0.294,0.333,0.529,3,1,0,1,4,1,0,0,1.000,2023-08-02 19:06:35,,1
213,Rider,Kate Mager,Outfield,Freshman,0.000,0.000,0.000,0,0,0,0,0,0,0,0,0.000,2023-08-02 19:06:35,,1
214,Rutgers,Lilly Orozco,Pitcher,Sophomore,0.000,0.286,0.000,0,0,0,0,0,2,0,0,1.000,2023-08-02 19:06:35,,1
215,Sam Houston,Kelsey Bunch,Catcher,Sophomore,0.269,0.367,0.500,3,3,0,1,3,2,2,0,1.000,2023-08-02 19:06:35,Northwestern St.,1
216,Sam Houston,Kylie Bishop,Corner,Freshman,0.083,0.083,0.083,1,0,0,0,2,0,0,0,0.875,2023-08-02 19:06:35,SFA,1
217,Samford,Chloe Poss,Pitcher,Freshman,0.176,0.310,0.176,6,0,0,0,2,4,3,1,1.000,2023-08-02 19:06:35,North Georgia,1
218,San Diego St.,Trinity Brandon,Middle Infield,Freshman,0.121,0.121,0.182,3,0,1,0,1,0,0,0,0.974,2023-08-02 19:06:35,Lamar,1
219,San Jose St.,Ashley Goard,Corner,Sophomore,0.000,0.333,0.000,0,0,0,0,0,2,0,0,0.944,2023-08-02 19:06:35,,1
220,San Jose St.,Ashley Legler,Pitcher,Sophomore,0.000,0.000,0.000,0,0,0,0,0,0,0,0,1.000,2023-08-02 19:06:35,,1
221,Seattle U,Sofia Carroll,Outfield,Freshman,0.000,0.000,0.000,0,0,0,0,0,0,0,0,0.000,2023-08-02 19:06:35,Tennessee Tech,1
222,Seton Hall,Regan Rand,Catcher,Freshman,0.267,0.353,0.267,4,0,0,0,0,1,1,0,0.939,2023-08-02 19:06:35,IUP,1
223,Siena,Allison Speshyock,Pitcher,Senior,0.000,0.000,0.000,0,0,0,0,0,0,0,0,1.000,2023-08-02 19:06:35,,1
224,Siena,Sydney Erlandson,Catcher,Sophomore,0.111,0.273,0.111,1,0,0,0,0,2,0,0,1.000,2023-08-02 19:06:35,,1
225,South Carolina,Olivia Cook,Corner,Sophomore,0.000,0.000,0.000,0,0,0,0,0,0,0,1,0.000,2023-08-02 19:06:35,App. State,1
226,South Carolina,Brionna Condon,Middle Infield,Freshman,0.250,0.250,0.250,1,0,0,0,0,0,0,0,1.000,2023-08-02 19:06:35,Georgia Tech,1
227,South Carolina St.,Zarria Smith,Pitcher,Sophomore,0.206,0.325,0.294,4,3,0,0,3,6,0,2,1.000,2023-08-02 19:06:35,,1
228,South Carolina St.,Takara Ware,Outfield,Unknown,0.100,0.182,0.100,1,0,0,0,0,1,0,4,0.833,2023-08-02 19:06:35,,1
229,South Dakota,Grace Hamling,Middle Infield,Sophomore,0.000,0.250,0.000,0,0,0,0,0,1,0,0,0.500,2023-08-02 19:06:35,,1
230,South Dakota,Kynlee Marquez,Pitcher,Sophomore,0.200,0.333,0.200,1,0,0,0,1,0,1,0,1.000,2023-08-02 19:06:35,Tarleton St.,1
231,South Dakota,Tatum Brown,Outfield,Freshman,0.000,0.250,0.000,0,0,0,0,0,1,0,0,0.000,2023-08-02 19:06:35,,1
232,South Dakota St.,Grace Glanzer,Pitcher,Junior,0.000,0.000,0.000,0,0,0,0,0,0,0,0,1.000,2023-08-02 19:06:35,Augustana,1
233,South Fla.,Natalie Zweig,Corner,Junior,0.125,0.176,0.188,1,1,0,0,2,1,0,1,0.960,2023-08-02 19:06:35,,1
234,South Fla.,Lydia Castro,Catcher,Sophomore,0.186,0.205,0.419,4,1,0,3,5,0,1,0,0.969,2023-08-02 19:06:35,UMASS,1
235,South Fla.,Julia Mrochko,Middle Infield,Sophomore,0.042,0.042,0.042,1,0,0,0,0,0,0,0,0.947,2023-08-02 19:06:35,,1
236,South Fla.,Morgan Grubb,Pitcher,Freshman,0.000,0.000,0.000,0,0,0,0,0,0,0,0,1.000,2023-08-02 19:06:35,,1
237,Southeastern La.,Mckayla Ferguson,Catcher,Freshman,0.115,0.258,0.192,1,2,0,0,4,2,3,8,0.943,2023-08-02 19:06:35,Northwest Fl. St.,1
238,Southeastern La.,Blaire Bizette,Catcher,Sophomore,0.233,0.283,0.326,8,1,0,1,4,3,0,1,1.000,2023-08-02 19:06:35,West Georgia,1
239,Southeastern La.,Britt Bourgoyne,Middle Infield,Freshman,0.000,0.333,0.000,0,0,0,0,0,3,0,3,0.944,2023-08-02 19:06:35,Northwest Fl. St.,1
240,Southeastern La.,Jillian Gutierrez,Outfield,Freshman,0.200,0.250,0.200,3,0,0,0,3,1,0,0,0.000,2023-08-02 19:06:35,Incarnate Word,1
241,Southeastern La.,Lainee Bailey,Pitcher,Freshman,0.200,0.200,0.600,0,0,1,0,1,0,0,0,1.000,2023-08-02 19:06:35,Pearl River CC,1
242,Southern Miss.,Riley Stephens,Middle Infield,Sophomore,0.111,0.238,0.111,2,0,0,0,4,3,0,0,1.000,2023-08-02 19:06:35,Washburn,1
243,Southern U.,"T'auna Fenroy",Middle Infield,Freshman,0.000,0.000,0.000,0,0,0,0,0,0,0,0,0.500,2023-08-02 19:06:35,Xavier (LA),1
244,Southern Utah,Mikala Huskey,Outfield,Freshman,0.000,0.000,0.000,0,0,0,0,0,0,0,0,1.000,2023-08-02 19:06:35,Biola,1
245,Saint Francis (PA),Tessa Thompson,Outfield,Freshman,0.325,0.413,0.600,9,0,1,3,9,5,1,0,1.000,2023-08-02 19:06:35,Monmouth,1
246,Saint Francis (PA),Elliott Sanders,Outfield,Freshman,0.111,0.273,0.111,1,0,0,0,0,1,1,1,1.000,2023-08-02 19:06:35,Western Michigan,1
247,Saint Francis (PA),Marissa Frederick,Pitcher,Sophomore,0.000,0.000,0.000,0,0,0,0,0,0,0,0,1.000,2023-08-02 19:06:35,,1
248,Saint Francis (PA),Lauryn Kane,Corner,Freshman,0.143,0.143,0.143,1,0,0,0,1,0,0,0,0.667,2023-08-02 19:06:35,,1
249,"St. John's (NY)",Natalie Alheidt,Catcher,Senior,0.200,0.333,0.267,4,2,0,0,2,5,1,1,0.977,2023-08-02 19:06:35,,1
250,Saint Louis,Grace Kmak,Outfield,Sophomore,0.273,0.273,0.273,3,0,0,0,3,0,0,4,1.000,2023-08-02 19:06:35,Lewis University,1
251,"Saint Mary's (CA)",Allyssa Alano,Outfield,Sophomore,0.000,0.000,0.000,0,0,0,0,0,0,0,0,0.000,2023-08-02 19:06:35,UC Riverside,1
252,"Saint Mary's (CA)",Ashlyn Zermeno,Corner,Sophomore,0.000,0.000,0.000,0,0,0,0,0,0,0,0,0.000,2023-08-02 19:06:35,,1
253,"Saint Mary's (CA)",Elena Barragan,Corner,Junior,0.000,0.000,0.000,0,0,0,0,0,0,0,0,0.000,2023-08-02 19:06:35,,1
254,"Saint Peter's",Samantha Miller,Outfield,Senior,0.222,0.267,0.222,6,0,0,0,4,0,2,0,1.000,2023-08-02 19:06:35,,1
255,SFA,Corie Byrd,Pitcher,Freshman,0.000,0.000,0.000,0,0,0,0,0,0,0,0,1.000,2023-08-02 19:06:35,,1
256,Stetson,Haley Yeary,Outfield,Freshman,0.000,0.000,0.000,0,0,0,0,0,0,0,0,0.000,2023-08-02 19:06:35,Gardner-Webb,1
257,Stetson,Sofia Boza,Middle Infield,Freshman,0.500,0.500,0.500,1,0,0,0,0,0,0,0,0.000,2023-08-02 19:06:35,,1
258,Stetson,Catherine Beaton,Middle Infield,Junior,0.000,0.143,0.000,0,0,0,0,0,1,0,0,1.000,2023-08-02 19:06:35,,1
259,Stony Brook,Hailey Guerrero,Middle Infield,Freshman,0.348,0.423,0.565,5,2,0,1,5,2,1,0,0.885,2023-08-02 19:06:35,Iona,1
260,Syracuse,Lauren Vaughn,Corner,Freshman,0.111,0.200,0.111,1,0,0,0,2,1,0,0,0.000,2023-08-02 19:06:35,,1
261,Tarleton St.,Kaylin Ortner,Outfield,Freshman,0.000,0.250,0.000,0,0,0,0,0,1,0,1,1.000,2023-08-02 19:06:35,,1
262,Tarleton St.,Sage Harlow,Outfield,Freshman,0.182,0.217,0.182,4,0,0,0,2,1,0,0,1.000,2023-08-02 19:06:35,Southeastern Ok. St.,1
263,Tarleton St.,Paige Nunes,Catcher,Sophomore,0.231,0.231,0.385,1,2,0,0,2,0,0,0,0.000,2023-08-02 19:06:35,,1
264,Tarleton St.,Makayla Romeo,Middle Infield,Junior,0.000,0.200,0.000,0,0,0,0,0,1,0,0,0.000,2023-08-02 19:06:35,,1
265,Tennessee St.,Shelby Shepherd,Pitcher,Senior,0.154,0.312,0.231,1,1,0,0,1,3,0,0,0.905,2023-08-02 19:06:35,,1
266,Tennessee Tech,Avery Flatford,Pitcher,Freshman,0.000,0.000,0.000,0,0,0,0,0,0,0,0,0.000,2023-08-02 19:06:35,,1
267,Tennessee,Brylee Mesusan,Outfield,Freshman,0.308,0.357,0.308,4,0,0,0,2,0,1,3,1.000,2023-08-02 19:06:35,East Tennessee St.,1
268,Tennessee,Jenna Mosley,Corner,Freshman,0.000,0.167,0.000,0,0,0,0,1,2,0,1,0.750,2023-08-02 19:06:35,,1
269,Tennessee,Nicola Simpson,Pitcher,Sophomore,0.000,0.000,0.000,0,0,0,0,0,0,0,0,1.000,2023-08-02 19:06:35,Seattle,1
270,Tennessee,Charli Orsini,Pitcher,Freshman,0.000,0.000,0.000,0,0,0,0,0,0,0,0,1.000,2023-08-02 19:06:35,,1
271,Texas A&M,Alana Snow,Outfield,Junior,0.500,0.500,0.500,1,0,0,0,0,0,0,0,0.000,2023-08-02 19:06:35,UC Santa Barbara,1
272,Tex. A&M-Commerce,Mckenna Meadors,Pitcher,Sophomore,0.000,0.000,0.000,0,0,0,0,0,0,0,0,0.929,2023-08-02 19:06:35,,1
273,Tex. A&M-Commerce,Madeline Janssen,Pitcher,Freshman,0.000,0.000,0.000,0,0,0,0,0,0,0,0,1.000,2023-08-02 19:06:35,,1
274,A&M-Corpus Christi,Juliana A. Garcia,Catcher,Freshman,0.111,0.158,0.111,2,0,0,0,1,1,0,0,1.000,2023-08-02 19:06:35,Houston Christian,1
275,UT Arlington,Jadyn Erickson,Outfield,Senior,0.233,0.250,0.233,10,0,0,0,0,1,0,3,0.917,2023-08-02 19:06:35,,1
276,Texas,Camille Corona,Corner,Junior,0.342,0.366,0.421,10,3,0,0,5,2,0,0,0.931,2023-08-02 19:06:35,UTSA,1
277,UTEP,Breanna Ford,Pitcher,Freshman,0.000,0.000,0.000,0,0,0,0,0,0,0,0,1.000,2023-08-02 19:06:35,,1
278,UTSA,Tatum Seith,Pitcher,Junior,0.000,0.000,0.000,0,0,0,0,0,0,0,0,0.000,2023-08-02 19:06:35,,1
279,Troy,Brookelyn Cannon,Pitcher,Sophomore,0.000,0.000,0.000,0,0,0,0,0,0,0,0,1.000,2023-08-02 19:06:35,,1
280,Tulsa,Gabby Higbee,Outfield,Freshman,0.074,0.107,0.074,2,0,0,0,0,0,1,0,1.000,2023-08-02 19:06:35,Nicholls,1
281,Utah,Halle Morris,Pitcher,Senior,0.217,0.250,0.217,5,0,0,0,3,1,0,0,1.000,2023-08-02 19:06:35,Utah Valley,1
282,Utah Valley,Kassidy Stiles,Outfield,Freshman,0.237,0.275,0.237,9,0,0,0,0,2,0,1,1.000,2023-08-02 19:06:35,Boise St.,1
283,Utah Valley,Katelyn Bridgeman,Middle Infield,Freshman,0.133,0.350,0.133,2,0,0,0,0,3,2,0,0.857,2023-08-02 19:06:35,,1
284,Virginia Tech,Emma Jackson,Outfield,Freshman,0.267,0.327,0.556,7,1,0,4,10,4,0,0,0.667,2023-08-02 19:06:35,East Carolina,1
285,Virginia Tech,Emma Yates,Catcher,Junior,0.333,0.333,0.333,1,0,0,0,1,0,0,0,1.000,2023-08-02 19:06:35,Radford,1
286,Wagner,Haley Peaslee,Catcher,Senior,0.125,0.176,0.188,1,1,0,0,0,0,1,0,0.000,2023-08-02 19:06:35,,1
287,Western Caro.,Riley Lambert,Outfield,Junior,0.256,0.256,0.487,6,1,1,2,7,0,0,0,0.950,2023-08-02 19:06:35,,1
288,Western Ill.,Kayla Zamora,Middle Infield,Sophomore,0.077,0.200,0.077,1,0,0,0,1,2,0,0,0.792,2023-08-02 19:06:35,,1
289,Western Ky.,Kasia Parks,Outfield,Sophomore,0.179,0.273,0.214,4,1,0,0,3,1,3,4,0.939,2023-08-02 19:06:35,Marshall,1
290,Western Mich.,Carsyn Segorski,Outfield,Freshman,0.000,0.222,0.000,0,0,0,0,0,2,0,0,0.667,2023-08-02 19:06:35,Grand Valley St.,1
291,Western Mich.,Briana Bumbalough,Catcher,Freshman,0.000,0.000,0.000,0,0,0,0,0,0,0,0,1.000,2023-08-02 19:06:35,,1
292,Wichita St.,Kenzie Schopfer,Pitcher,Sophomore,0.000,0.000,0.000,0,0,0,0,0,0,0,0,0.000,2023-08-02 19:06:35,Creighton,1
293,Winthrop,Aleah Roy,Outfield,Freshman,0.286,0.286,0.286,4,0,0,0,2,0,0,1,0.750,2023-08-02 19:06:35,,1
294,Wisconsin,Alyssa Mcclelland,Outfield,Junior,0.000,0.000,0.000,0,0,0,0,0,0,0,1,0.000,2023-08-02 19:06:35,,1
295,Youngstown St.,Madison Griffin,Pitcher,Freshman,0.000,0.000,0.000,0,0,0,0,0,0,0,0,0.000,2023-08-02 19:06:35,IUP,1
296,Youngstown St.,Zoey Dunlap,Outfield,Senior,1.000,1.000,1.000,1,0,0,0,0,1,0,0,0.000,2023-08-02 19:06:35,,1
297,Adams St.,Makanalei Lapera,Corner,Unknown,0.174,0.269,0.261,3,0,1,0,0,3,0,2,0.839,2023-08-02 19:06:35,,2
298,Adams St.,Angel Contreraz,Corner,Unknown,0.286,0.500,0.714,1,0,0,1,3,2,1,1,0.875,2023-08-02 19:06:35,,2
299,Albany St. (GA),Ciweya Tennison,Outfield,Junior,0.098,0.245,0.146,2,2,0,0,7,8,0,5,0.900,2023-08-02 19:06:35,,2
300,Allen,Dasia Harden,Outfield,Junior,0.062,0.118,0.062,1,0,0,0,0,1,0,0,0.222,2023-08-02 19:06:35,,2
301,"American Int'l",Sarah Falcone,Outfield,Freshman,0.130,0.192,0.130,3,0,0,0,2,0,2,0,0.833,2023-08-02 19:06:35,,2
302,Angelo St.,Victoria Mosqueda,Catcher,Sophomore,0.214,0.353,0.214,3,0,0,0,1,3,0,0,1.000,2023-08-02 19:06:35,,2
303,Ark.-Monticello,Madison Morrissey,Outfield,Junior,0.182,0.250,0.182,4,0,0,0,0,2,0,1,1.000,2023-08-02 19:06:35,,2
304,Ashland,Brynna Wolford,Outfield,Freshman,0.000,0.000,0.000,0,0,0,0,0,0,0,1,0.000,2023-08-02 19:06:35,,2
305,Augusta,Jessica Costain,Catcher,Freshman,0.000,0.250,0.000,0,0,0,0,0,1,0,0,0.000,2023-08-02 19:06:35,,2
306,Barry,Cheyenn Fulton,Outfield,Sophomore,0.071,0.071,0.071,1,0,0,0,1,0,0,2,0.833,2023-08-02 19:06:35,,2
307,Black Hills St.,Malaya Coleman,Pitcher,Freshman,0.000,0.000,0.000,0,0,0,0,0,0,0,0,1.000,2023-08-02 19:06:35,,2
308,Bloomsburg,Faith Persing,Pitcher,Freshman,0.161,0.212,0.161,5,0,0,0,1,2,0,0,0.929,2023-08-02 19:06:35,,2
309,Bluefield St.,Maurincia Demmings,Catcher,Sophomore,0.132,0.312,0.158,4,1,0,0,3,10,0,0,0.917,2023-08-02 19:06:35,,2
310,Bluefield St.,Taylor Anderson,Corner,Freshman,0.042,0.233,0.042,1,0,0,0,2,5,1,0,0.778,2023-08-02 19:06:35,,2
311,Bridgeport,Irene Dill,Corner,Sophomore,0.000,0.100,0.000,0,0,0,0,0,1,0,0,0.980,2023-08-02 19:06:35,,2
312,Bridgeport,Hannah Kirk,Outfield,Senior,0.143,0.250,0.143,1,0,0,0,1,1,0,3,0.000,2023-08-02 19:06:35,,2
313,Bridgeport,Keylani Velez,Middle Infield,Sophomore,1.000,1.000,1.000,1,0,0,0,0,1,0,0,0.000,2023-08-02 19:06:35,,2
314,Bridgeport,Olivia Saccoccio,Corner,Sophomore,0.000,0.000,0.000,0,0,0,0,0,0,0,0,0.000,2023-08-02 19:06:35,,2
315,California (PA),Alaina Whipkey,Middle Infield,Freshman,0.000,0.154,0.000,0,0,0,0,0,2,0,1,0.880,2023-08-02 19:06:35,,2
316,Chico St.,Ashlee Toy,Pitcher,Junior,0.333,0.333,0.333,13,0,0,0,5,0,0,6,0.941,2023-08-02 19:06:35,,2
317,Chico St.,Kealani Cardona,Pitcher,Junior,0.000,0.000,0.000,0,0,0,0,0,0,0,0,0.000,2023-08-02 19:06:35,,2
318,Cal St. Dom. Hills,Sydney Diaz,Outfield,Sophomore,0.250,0.444,0.250,5,0,0,0,5,6,1,1,1.000,2023-08-02 19:06:35,,2
319,Cal St. Dom. Hills,Alexus Corona,Catcher,Freshman,0.250,0.268,0.300,8,2,0,0,7,1,0,0,1.000,2023-08-02 19:06:35,,2
320,Cal St. Dom. Hills,Haylee Garcia,Corner,Sophomore,0.000,0.231,0.000,0,0,0,0,0,3,0,3,0.870,2023-08-02 19:06:35,,2
321,Stanislaus St.,Jalyssa Ledesma,Middle Infield,Sophomore,0.050,0.050,0.100,0,1,0,0,2,0,0,0,0.788,2023-08-02 19:06:35,,2
322,Cal St. San Marcos,Rachel Jardim,Corner,Sophomore,0.000,0.000,0.000,0,0,0,0,0,0,0,0,0.000,2023-08-02 19:06:35,,2
323,Catawba,Emma Zieg,Pitcher,Freshman,0.000,0.000,0.000,0,0,0,0,0,0,0,0,1.000,2023-08-02 19:06:35,,2
324,Central Okla.,Korbyn Skipworth,Outfield,Sophomore,0.133,0.263,0.133,2,0,0,0,1,3,0,1,1.000,2023-08-02 19:06:35,,2
325,Chadron St.,Paige Edwards,Pitcher,Sophomore,0.000,0.000,0.000,0,0,0,0,1,0,0,0,1.000,2023-08-02 19:06:35,,2
326,Chaminade,Jaycie Chun,Outfield,Freshman,0.000,0.000,0.000,0,0,0,0,0,0,0,0,1.000,2023-08-02 19:06:35,,2
327,Charleston (WV),Carlie Odejewski,Outfield,Junior,0.143,0.143,0.143,1,0,0,0,0,0,0,9,1.000,2023-08-02 19:06:35,,2
328,Charleston (WV),Nicolina Pezzone,Outfield,Freshman,0.500,0.500,0.500,1,0,0,0,0,0,0,1,0.000,2023-08-02 19:06:35,,2
329,Colo. Christian,Kaitlynn Martinez,Outfield,Sophomore,0.000,0.000,0.000,0,0,0,0,0,0,0,3,1.000,2023-08-02 19:06:35,,2
330,Colo. Christian,Madison Zaro,Corner,Freshman,0.667,0.800,1.333,0,2,0,0,1,2,0,0,1.000,2023-08-02 19:06:35,,2
331,UC-Colo. Springs,Brianna Jennings,Outfield,Sophomore,0.250,0.323,0.393,5,1,0,1,2,1,2,5,1.000,2023-08-02 19:06:35,,2
332,"D'Youville",Alexis Delfavero,Pitcher,Freshman,0.000,0.000,0.000,0,0,0,0,0,0,0,0,0.833,2023-08-02 19:06:35,,2
333,Delta St.,Madisyn Fruge,Pitcher,Freshman,0.000,0.000,0.000,0,0,0,0,0,0,0,0,0.667,2023-08-02 19:06:35,,2
334,Drury,Summer Johnson,Outfield,Senior,0.267,0.353,0.433,5,2,0,1,6,3,1,0,0.889,2023-08-02 19:06:35,,2
335,Eastern N.M.,Edyn Lopez,Middle Infield,Sophomore,0.200,0.286,0.400,2,3,0,1,4,3,1,0,1.000,2023-08-02 19:06:35,,2
336,Eastern N.M.,Vivian Pichardo,Outfield,Junior,0.143,0.400,0.143,1,0,0,0,1,3,0,0,0.000,2023-08-02 19:06:35,,2
337,Eastern N.M.,Emily Muth,Outfield,Freshman,0.000,0.000,0.000,0,0,0,0,0,0,0,0,0.000,2023-08-02 19:06:35,,2
338,Edinboro,Emily Lacki,Corner,Unknown,0.000,0.000,0.000,0,0,0,0,0,0,0,0,0.000,2023-08-02 19:06:35,,2
339,Felician,Jaylyn Melendez,Corner,Sophomore,0.100,0.182,0.100,3,0,0,0,2,3,0,0,1.000,2023-08-02 19:06:35,,2
340,Flagler,Stephanie Youngblood,Outfield,Freshman,0.100,0.308,0.100,1,0,0,0,0,3,0,3,0.917,2023-08-02 19:06:35,,2
341,Flagler,Regan Miller,Corner,Freshman,0.143,0.250,0.429,1,0,0,2,5,2,1,0,0.000,2023-08-02 19:06:35,,2
342,Flagler,Gianna Amundsen,Pitcher,Sophomore,0.500,0.600,0.500,2,0,0,0,1,1,0,0,1.000,2023-08-02 19:06:35,,2
343,Flagler,Mallory Forrester,Pitcher,Freshman,0.000,0.000,0.000,0,0,0,0,0,0,0,0,0.625,2023-08-02 19:06:35,,2
344,Florida Tech,Madilyn Dutton,Pitcher,Freshman,0.000,0.000,0.000,0,0,0,0,0,0,0,0,1.000,2023-08-02 19:06:35,,2
345,Florida Tech,Carly Bogart,Catcher,Junior,0.000,0.000,0.000,0,0,0,0,0,0,0,0,0.000,2023-08-02 19:06:35,,2
346,Fort Hays St.,Emily Jordan,Catcher,Sophomore,0.000,0.500,0.000,0,0,0,0,0,1,0,0,0.000,2023-08-02 19:06:35,,2
347,Francis Marion,Jayla King,Outfield,Sophomore,0.000,0.000,0.000,0,0,0,0,0,0,0,1,0.000,2023-08-02 19:06:35,,2
348,Frostburg St.,Desiree Scott,Catcher,Sophomore,0.000,0.000,0.000,0,0,0,0,2,0,0,0,0.667,2023-08-02 19:06:35,,2
349,Gannon,Jordan Best,Catcher,Freshman,0.182,0.308,0.212,5,1,0,0,2,5,1,0,1.000,2023-08-02 19:06:35,,2
350,Georgia College,Avery Thomas,Outfield,Freshman,0.000,0.200,0.000,0,0,0,0,0,1,1,1,0.800,2023-08-02 19:06:35,,2
351,Georgian Court,Kiara Meikle,Outfield,Junior,0.278,0.435,0.611,2,1,1,1,5,5,0,5,0.941,2023-08-02 19:06:35,,2
352,Georgian Court,Trinity Moreno,Middle Infield,Freshman,0.250,0.429,0.250,1,0,0,0,1,2,0,2,1.000,2023-08-02 19:06:35,,2
353,Georgian Court,Haley Korsak,Pitcher,Sophomore,0.000,0.000,0.000,0,0,0,0,0,0,0,0,0.667,2023-08-02 19:06:35,,2
354,Georgian Court,Kayla Ryan,Outfield,Freshman,0.000,0.000,0.000,0,0,0,0,0,0,0,1,0.000,2023-08-02 19:06:35,,2
355,Georgian Court,Sarah Clancy,Pitcher,Junior,0.000,0.000,0.000,0,0,0,0,0,0,0,0,1.000,2023-08-02 19:06:35,,2
356,Georgian Court,Kalia Franklin,Middle Infield,Sophomore,0.000,0.000,0.000,0,0,0,0,0,0,0,0,1.000,2023-08-02 19:06:35,,2
357,Henderson St.,Tabitha Jackson,Pitcher,Freshman,0.000,0.000,0.000,0,0,0,0,0,0,0,0,0.800,2023-08-02 19:06:35,,2
358,Ill. Springfield,Madelyn Tompkins,Pitcher,Freshman,0.000,0.000,0.000,0,0,0,0,0,0,0,0,0.800,2023-08-02 19:06:35,,2
359,Lander,Rylee Dreyer,Outfield,Freshman,0.000,0.000,0.000,0,0,0,0,0,0,0,0,0.000,2023-08-02 19:06:35,,2
360,Lees-McRae,Rylie Webster,Corner,Sophomore,0.244,0.262,0.268,9,1,0,0,3,1,0,1,0.890,2023-08-02 19:06:35,,2
361,Lincoln Memorial,Cayla Abbey,Outfield,Junior,0.200,0.250,0.267,2,1,0,0,0,1,0,0,0.750,2023-08-02 19:06:35,,2
362,Lincoln Memorial,Elora Wilmot,Pitcher,Sophomore,0.000,0.000,0.000,0,0,0,0,0,0,0,0,1.000,2023-08-02 19:06:35,,2
363,Lincoln (MO),Audrey Rowe,Catcher,Freshman,0.000,0.071,0.000,0,0,0,0,0,1,0,0,0.769,2023-08-02 19:06:35,,2
364,Lincoln (MO),Imani Lambert-Butler,Catcher,Freshman,0.500,0.500,1.000,0,1,0,0,0,0,0,0,0.000,2023-08-02 19:06:35,,2
365,Lock Haven,Allyson Byrne,Catcher,Freshman,0.143,0.143,0.143,1,0,0,0,0,0,0,0,1.000,2023-08-02 19:06:35,,2
366,Lubbock Christian,Alyssa Campos,Outfield,Freshman,0.000,0.000,0.000,0,0,0,0,0,0,0,0,0.000,2023-08-02 19:06:35,,2
367,Mars Hill,Avery Hawk,Middle Infield,Freshman,0.000,0.000,0.000,0,0,0,0,0,0,0,0,0.000,2023-08-02 19:06:35,,2
368,Millersville,Mia Barone,Pitcher,Sophomore,0.000,0.000,0.000,0,0,0,0,0,0,0,0,1.000,2023-08-02 19:06:35,,2
369,Mo. Southern St.,Marybeth Dyson,Outfield,Freshman,0.364,0.500,0.364,4,0,0,0,0,2,1,4,1.000,2023-08-02 19:06:35,,2
370,Mont. St. Billings,Kayli Mueller,Outfield,Freshman,0.000,0.200,0.000,0,0,0,0,1,2,1,0,0.909,2023-08-02 19:06:35,,2
371,Mount Olive,Mariah Bell,Outfield,Freshman,0.000,0.000,0.000,0,0,0,0,0,0,0,4,0.000,2023-08-02 19:06:35,,2
372,UNC Pembroke,Trinity Whitfield,Pitcher,Sophomore,0.000,0.000,0.000,0,0,0,0,0,0,0,0,0.000,2023-08-02 19:06:35,,2
373,North Greenville,Reagan Stewart,Pitcher,Freshman,0.000,0.500,0.000,0,0,0,0,0,1,0,0,0.000,2023-08-02 19:06:35,,2
374,North Greenville,Wynter Radcliffe,Pitcher,Sophomore,0.000,0.000,0.000,0,0,0,0,0,0,0,0,0.000,2023-08-02 19:06:35,,2
375,Northeastern St.,Alexa Almejo,Outfield,Freshman,0.231,0.302,0.333,7,1,0,1,5,4,0,0,1.000,2023-08-02 19:06:35,,2
376,Northeastern St.,Emma Sanchez,Outfield,Freshman,0.000,0.000,0.000,0,0,0,0,0,0,0,0,0.500,2023-08-02 19:06:35,,2
377,Northeastern St.,Cheyenne Fixico,Corner,Freshman,0.000,0.000,0.000,0,0,0,0,0,0,0,0,0.000,2023-08-02 19:06:35,,2
378,Northern St.,Aubree Terris,Corner,Junior,0.000,0.000,0.000,0,0,0,0,0,0,0,0,0.000,2023-08-02 19:06:35,,2
379,Northwestern Okla.,Brooklyn Lachappa,Middle Infield,Sophomore,0.138,0.194,0.138,4,0,0,0,0,2,0,1,0.857,2023-08-02 19:06:35,,2
380,Northwestern Okla.,Shakyrah Gladness,Outfield,Junior,0.071,0.235,0.071,1,0,0,0,0,3,0,0,1.000,2023-08-02 19:06:35,,2
381,Northwestern Okla.,Ariana Potter,Catcher,Junior,0.217,0.280,0.217,5,0,0,0,0,1,1,0,0.941,2023-08-02 19:06:35,,2
382,Northwestern Okla.,Megan Kennedy,Middle Infield,Junior,0.308,0.357,0.308,4,0,0,0,0,1,0,0,0.833,2023-08-02 19:06:35,,2
383,Notre Dame (OH),Jillian Bammann,Pitcher,Freshman,0.000,0.000,0.000,0,0,0,0,0,0,0,0,1.000,2023-08-02 19:06:35,,2
384,Notre Dame (OH),Lula Sassano,Catcher,Freshman,0.000,0.000,0.000,0,0,0,0,0,0,0,0,0.000,2023-08-02 19:06:35,,2
385,Nova Southeastern,Alyssa Grimes,Pitcher,Sophomore,0.000,0.000,0.000,0,0,0,0,0,0,0,0,0.000,2023-08-02 19:06:35,,2
386,Okla. Baptist,Aileen Avelar,Middle Infield,Sophomore,0.125,0.125,0.125,1,0,0,0,0,0,0,0,0.667,2023-08-02 19:06:35,,2
387,Okla. Baptist,Brooklyn Purtell,Corner,Freshman,0.250,0.333,0.250,2,0,0,0,1,1,0,0,0.000,2023-08-02 19:06:35,,2
388,Okla. Christian,Rebeca Fajardo,Corner,Senior,0.500,0.556,0.562,7,1,0,0,5,1,1,1,0.850,2023-08-02 19:06:35,,2
389,Ouachita Baptist,Tiffany Backeberg,Outfield,Freshman,0.229,0.289,0.371,5,2,0,1,3,2,1,1,1.000,2023-08-02 19:06:35,,2
390,Ouachita Baptist,Kennedy Wilkie,Corner,Freshman,0.095,0.174,0.095,2,0,0,0,1,2,0,0,0.889,2023-08-02 19:06:35,,2
391,Pace,Gia Miccio,Pitcher,Freshman,0.000,0.000,0.000,0,0,0,0,0,0,0,0,0.000,2023-08-02 19:06:35,,2
392,Pittsburg St.,Josi Solano,Outfield,Sophomore,0.231,0.286,0.231,3,0,0,0,0,0,1,0,1.000,2023-08-02 19:06:35,,2
393,Pittsburg St.,Macy Rocha,Corner,Freshman,0.167,0.167,0.250,1,1,0,0,1,0,0,0,1.000,2023-08-02 19:06:35,,2
394,Pittsburg St.,Caroline Wilhelm,Middle Infield,Freshman,0.000,0.167,0.000,0,0,0,0,0,1,0,0,0.000,2023-08-02 19:06:35,,2
395,Queens (NY),Jillian Cosme,Outfield,Sophomore,0.176,0.176,0.176,3,0,0,0,1,0,0,2,1.000,2023-08-02 19:06:35,,2
396,Quincy,Courtney Mills,Corner,Senior,0.185,0.312,0.185,5,0,0,0,2,4,1,0,0.857,2023-08-02 19:06:35,,2
397,Quincy,Brianna Wellen,Corner,Freshman,0.500,0.500,0.500,1,0,0,0,0,0,0,0,0.000,2023-08-02 19:06:35,,2
398,Rockhurst,Alexis Enslinger,Outfield,Junior,0.200,0.238,0.250,3,1,0,0,0,0,1,1,1.000,2023-08-02 19:06:35,,2
399,Rogers St.,Natalie Gonzalez,Middle Infield,Senior,0.091,0.091,0.091,1,0,0,0,0,0,0,1,0.800,2023-08-02 19:06:35,,2
400,Rogers St.,Samantha Farris,Catcher,Junior,0.273,0.333,0.455,4,1,0,1,8,2,0,0,1.000,2023-08-02 19:06:35,,2
401,Rogers St.,Courtney Hill,Pitcher,Junior,0.000,0.000,0.000,0,0,0,0,0,0,0,0,0.500,2023-08-02 19:06:35,,2
402,Rollins,Avery Garbarek,Pitcher,Freshman,0.500,0.500,2.000,0,0,0,1,2,0,0,0,0.667,2023-08-02 19:06:35,,2
403,Saginaw Valley,Margot Van Eijl,Pitcher,Sophomore,0.000,0.000,0.000,0,0,0,0,0,0,0,0,0.800,2023-08-02 19:06:35,,2
404,Seton Hill,Alexis Valencia,Outfield,Freshman,0.138,0.167,0.172,3,1,0,0,1,1,0,13,0.875,2023-08-02 19:06:35,,2
405,Seton Hill,Tristin Koerner,Catcher,Freshman,0.227,0.217,0.273,4,1,0,0,3,0,0,1,0.938,2023-08-02 19:06:35,,2
406,Seton Hill,Harlowe Nigh,Pitcher,Freshman,0.059,0.059,0.059,1,0,0,0,0,0,0,0,1.000,2023-08-02 19:06:35,,2
407,Shepherd,Gianna Liciardello,Corner,Freshman,0.000,0.273,0.000,0,0,0,0,1,6,0,0,0.000,2023-08-02 19:06:35,,2
408,Southern Ark.,Haylee Ladner,Corner,Sophomore,0.500,0.667,0.500,1,0,0,0,0,1,0,0,1.000,2023-08-02 19:06:35,,2
409,Southern Nazarene,Taryn Martin,Middle Infield,Freshman,0.273,0.304,0.364,4,2,0,0,2,1,0,0,1.000,2023-08-02 19:06:35,,2
410,Southern Nazarene,Jayleigh Totten,Pitcher,Junior,0.000,0.000,0.000,0,0,0,0,0,0,0,0,1.000,2023-08-02 19:06:35,,2
411,Southern N.H.,Olivia Mason,Middle Infield,Freshman,0.000,0.000,0.000,0,0,0,0,0,0,0,2,0.000,2023-08-02 19:06:35,,2
412,Southwestern Okla.,Kaelan Westbrook,Outfield,Sophomore,0.294,0.333,0.324,9,1,0,0,4,2,0,0,0.000,2023-08-02 19:06:35,,2
413,"Saint Augustine's",Raevyn Thomas,Middle Infield,Freshman,0.192,0.250,0.423,3,0,0,2,10,2,0,4,0.824,2023-08-02 19:06:35,,2
414,"Saint Martin's",Malia Pinder,Corner,Junior,0.033,0.171,0.033,1,0,0,0,1,5,0,0,1.000,2023-08-02 19:06:35,,2
415,"Saint Martin's",Kayleigh Lugowski,Outfield,Freshman,0.217,0.308,0.217,5,0,0,0,3,3,0,1,1.000,2023-08-02 19:06:35,,2
416,Saint Rose,Lauren Parete,Middle Infield,Sophomore,0.111,0.111,0.111,1,0,0,0,0,0,0,0,0.000,2023-08-02 19:06:35,,2
417,Saint Rose,Olivia Urquhart,Pitcher,Freshman,0.333,0.333,0.333,1,0,0,0,1,0,0,0,0.000,2023-08-02 19:06:35,,2
418,St. Thomas Aquinas,Ava Del Salto,Pitcher,Freshman,0.000,0.000,0.000,0,0,0,0,0,0,0,1,0.000,2023-08-02 19:06:35,,2
419,St. Thomas Aquinas,Brooke Biamonte,Pitcher,Sophomore,0.000,0.000,0.000,0,0,0,0,1,0,0,0,0.000,2023-08-02 19:06:35,,2
420,Staten Island,Alyssa Zangrilli,Pitcher,Freshman,0.000,0.000,0.000,0,0,0,0,0,0,0,0,0.500,2023-08-02 19:06:35,,2
421,Tex. A&M-Kingsville,Hailey Vess,Outfield,Freshman,0.109,0.163,0.152,3,2,0,0,2,2,1,1,1.000,2023-08-02 19:06:35,,2
422,Tex. A&M-Kingsville,Makena Riggs,Corner,Freshman,0.176,0.176,0.176,3,0,0,0,1,0,0,1,0.962,2023-08-02 19:06:35,,2
423,Tex. Permian Basin,Belicia Urdiales,Outfield,Freshman,0.083,0.154,0.083,1,0,0,0,0,1,0,4,1.000,2023-08-02 19:06:35,,2
424,Tex. Permian Basin,Morgan Mcqueen,Outfield,Sophomore,0.000,0.333,0.000,0,0,0,0,1,2,0,2,1.000,2023-08-02 19:06:35,,2
425,"Texas Woman's",Kristin Rodriguez,Outfield,Sophomore,0.071,0.188,0.071,2,0,0,0,2,4,0,9,0.947,2023-08-02 19:06:35,,2
426,"Texas Woman's",Julianne Malis,Pitcher,Junior,0.000,0.000,0.000,0,0,0,0,0,0,0,0,1.000,2023-08-02 19:06:35,,2
427,"Texas Woman's",Caitlin Clem,Outfield,Sophomore,0.250,0.400,0.250,1,0,0,0,0,1,0,0,0.000,2023-08-02 19:06:35,,2
428,"Texas Woman's",Gracelyn Taylor,Catcher,Sophomore,0.000,0.000,0.000,0,0,0,0,0,0,0,0,0.000,2023-08-02 19:06:35,,2
429,UT Tyler,Kiana Pogroszewski,Pitcher,Senior,0.000,0.000,0.000,0,0,0,0,0,0,0,0,1.000,2023-08-02 19:06:35,,2
430,Trevecca Nazarene,Azaria Jones,Middle Infield,Sophomore,0.217,0.345,0.478,3,0,0,2,9,4,1,2,0.875,2023-08-02 19:06:35,,2
431,Trevecca Nazarene,Jaylah Edmondson,Catcher,Sophomore,0.303,0.419,0.576,5,3,0,2,9,8,0,1,1.000,2023-08-02 19:06:35,,2
432,Trevecca Nazarene,Savannah Davis,Middle Infield,Freshman,0.333,0.333,0.333,2,0,0,0,0,0,0,1,1.000,2023-08-02 19:06:35,,2
433,Trevecca Nazarene,Reilly Dulin,Corner,Freshman,0.000,0.500,0.000,0,0,0,0,0,0,1,0,1.000,2023-08-02 19:06:35,,2
434,Trevecca Nazarene,Hannah Sundberg,Catcher,Sophomore,1.000,1.000,2.000,0,1,0,0,1,0,0,0,0.000,2023-08-02 19:06:35,,2
435,Tusculum,Italia Kyle,Middle Infield,Freshman,0.000,0.091,0.000,0,0,0,0,0,1,0,0,0.000,2023-08-02 19:06:35,,2
436,Tusculum,Alyssa Suits,Corner,Sophomore,0.125,0.263,0.156,3,1,0,0,0,6,0,6,0.979,2023-08-02 19:06:35,,2
437,Union (TN),Allie Whitfield,Corner,Junior,0.241,0.324,0.276,6,1,0,0,5,4,0,0,1.000,2023-08-02 19:06:35,,2
438,Valdosta St.,Taylor Barrett,Pitcher,Junior,0.000,0.000,0.000,0,0,0,0,0,0,0,0,1.000,2023-08-02 19:06:35,,2
439,Virginia St.,Kyla Graves,Outfield,Freshman,0.417,0.475,0.639,12,0,1,2,10,1,3,2,0.923,2023-08-02 19:06:35,,2
440,Walsh,Allison Pavlick,Catcher,Sophomore,0.000,0.167,0.000,0,0,0,0,0,1,0,0,0.000,2023-08-02 19:06:35,,2
441,Washburn,Allison Hemsath,Outfield,Freshman,0.200,0.200,0.200,1,0,0,0,1,0,0,4,0.000,2023-08-02 19:06:35,,2
442,West Ala.,Vanessa Westfall,Corner,Unknown,0.000,0.000,0.000,0,0,0,0,0,0,0,0,1.000,2023-08-02 19:06:35,,2
443,West Chester,Anna Torrens,Pitcher,Junior,0.000,0.000,0.000,0,0,0,0,0,0,0,0,0.000,2023-08-02 19:06:35,,2
444,West Florida,Harper Newlan,Corner,Sophomore,0.000,0.500,0.000,0,0,0,0,0,1,0,0,1.000,2023-08-02 19:06:35,,2
445,West Ga.,Nicole Couvertiere,Outfield,Freshman,0.250,0.344,0.357,6,0,0,1,3,4,0,4,1.000,2023-08-02 19:06:35,,2
446,West Ga.,Caroline Redden,Catcher,Freshman,0.125,0.300,0.125,1,0,0,0,0,2,0,0,1.000,2023-08-02 19:06:35,,2
447,West Liberty,Alexa Eisemann,Outfield,Freshman,0.250,0.294,0.250,4,0,0,0,1,1,0,2,0.833,2023-08-02 19:06:35,,2
448,West Tex. A&M,Ruby Moore,Outfield,Freshman,0.389,0.500,0.556,5,1,1,0,2,4,0,9,1.000,2023-08-02 19:06:35,,2
449,West Va. Wesleyan,Breanna Rice,Outfield,Junior,0.000,0.000,0.000,0,0,0,0,0,0,0,0,0.000,2023-08-02 19:06:35,,2
450,Western N.M.,Jordyn Ayala,Corner,Freshman,0.100,0.270,0.200,2,0,0,1,5,7,0,0,0.875,2023-08-02 19:06:35,,2
451,Western N.M.,Jasmin Kirby,Pitcher,Unknown,0.000,0.000,0.000,0,0,0,0,0,0,0,0,1.000,2023-08-02 19:06:35,,2
452,Western N.M.,Lisa Lucero,Catcher,Freshman,0.176,0.176,0.176,3,0,0,0,2,0,0,0,0.974,2023-08-02 19:06:35,,2
453,Western N.M.,Breeanna Simmons,Outfield,Junior,0.318,0.500,0.682,3,2,0,2,9,8,0,0,1.000,2023-08-02 19:06:35,,2
454,Western Ore.,Savina Molina,Middle Infield,Sophomore,0.000,0.000,0.000,0,0,0,0,0,0,0,0,0.750,2023-08-02 19:06:35,,2
455,Young Harris,Kaliyah Smith,Pitcher,Sophomore,0.000,0.000,0.000,0,0,0,0,0,0,0,0,0.800,2023-08-02 19:06:35,,2