university,Previous_Division_ID,Name,position,signed_university,New_Division_ID
Akron,2,Olivia Stefanoni,Pitcher,Pitt,7
UAlbany,2,Amelia Freitas,Pitcher,,4
UAlbany,2,Adian Sheeren,Pitcher,Saint Rose,3
Boise St.,2,Kelsey Hall,Pitcher,Arizona St.,1
Boise St.,2,Amber Thornton,Pitcher,,4
BYU,1,Delaney Baker,Pitcher,Southern Utah,2
CSU Bakersfield,2,Kaycie Kennedy,Pitcher,Siena,2
CSUN,2,Riley Wickum,Pitcher,Idaho St.,2
Sacramento St.,2,Kelsey Alcantara,Pitcher,,4
UC Riverside,2,Grace Pieson,Pitcher,,4
Campbell,2,Jaimee Hardy,Pitcher,Robert Morris,2
Canisius,2,Rylee Alfaro,Pitcher,UC Riverside,2
Central Conn. St.,2,Katie Master,Pitcher,East Stroudsburg,3
Clemson,1,Rachel Gibson,Pitcher,Georgia,1
Coastal Carolina,2,Tori Miller,Pitcher,South Alabama,2
Colgate,2,Jenna Geffert,Pitcher,,4
Coppin St.,2,Brandilyn Reymer,Pitcher,Eckard,
Coppin St.,2,Shawnee Ronyak,Pitcher,,4
Creighton,2,Alyssa Bostley,Pitcher,Towson,2
Dayton,2,Mary Newton,Pitcher,Oakland,7
Dayton,2,Mary Newton,Pitcher,Oakland,2
East Carolina,2,Taylor Smith,Pitcher,,4
Florida,1,Olivia Gigante,Pitcher,,4
Georgia,1,Britton Rogers,Pitcher,North Carolina,1
Ga. Southern,2,Graceanne Spears,Pitcher,Ga. Southwestern,3
Hawaii,2,Malia Williams,Pitcher,Texas A&M - Corpus Christi ,
Houston,2,Mattison Boyd,Pitcher,Rutgers,1
Howard,2,Carleen Murray,Pitcher,British Columbia,
Idaho St.,2,Anna Berger,Pitcher,,4
Indiana,1,Kate Rehberg,Pitcher,Northern CO,
Iowa,1,Emma Henderson,Pitcher,SIU Edwardsville,
Iowa,1,Katherine Serna,Pitcher,Campbell,2
Lamar University,2,Audry Fleming,Pitcher,Prarie View,
Lamar University,2,Kelsey Pizarro,Pitcher,,4
Lindenwood,2,Lydia Feiste,Pitcher,,4
Lipscomb,2,Kate Peters,Pitcher,Troy,2
Long Beach St.,2,Shelby Frutoz,Pitcher,,4
Long Beach St.,2,Addison Kostrencich,Pitcher,Hawaii,2
Louisiana,2,Tyler Oubre,Pitcher,Liberty,2
Louisville,1,Cassie Grizzard,Pitcher,Virginia Tech,1
Louisville,1,Taja Felder,Pitcher,UTEP,2
Marist,2,Reese Wilson,Pitcher,Salisbury,4
Marshall,2,Brianna Godfrey,Pitcher,Maryland,1
Marshall,2,Cailey Joyce,Pitcher,Akron,2
Maryland,1,Kyra Pittman,Pitcher,Pitt,7
Maryland,1,Nicole Bodeux,Pitcher,Houston,2
Mississippi St.,1,Bri Bower,Pitcher,Illinois,1
Missouri,1,Megan Schumacher,Pitcher,GCU,
Kansas City,2,Audrey Danielson,Pitcher,,4
Monmouth,2,Emily Spencer,Pitcher,,4
UNLV,2,Sabrina Jolin,Pitcher,Lamar,6
New Mexico,2,Jenna Trim,Pitcher,,4
New Mexico,2,Bella Mitchell,Pitcher,Incarnate Word,
New Mexico St.,2,Jordin King,Pitcher,,4
New Mexico St.,2,Felicia De La Torre,Pitcher,Azusa Pacific,3
New Mexico St.,2,Ana Rodriguez,Pitcher,Monmouth,2
Nicholls,2,Jensen Gremillion,Pitcher,Western Michigan,
NC State,1,Brooklyn Lucero,Pitcher,Carson-Newman,3
UNI,2,Kaylyn Jones,Pitcher,Truman,
Oklahoma St.,1,Bailie Runner,Pitcher,Central Ark.,2
Oregon,1,Allison Benning,Pitcher,North Florida,2
Purdue,1,Julianna Verni,Pitcher,Syracuse,1
Rutgers,1,Ryann Orange,Pitcher,California,1
Samford,2,Chloe Poss,Pitcher,North Georgia,3
San Jose St.,2,Ashley Goard,Pitcher,,4
San Jose St.,2,Ashley Legler,Pitcher,Cal St. San Bernadino,
Siena,2,Allison Speshyock,Pitcher,,4
South Carolina St.,2,Zarria Smith,Pitcher,,4
South Dakota,2,Kynlee Marquez,Pitcher,Tarleton St.,2
South Dakota St.,2,Grace Glanzer,Pitcher,Augustana,
South Fla.,2,Morgan Grubb,Pitcher,Delta State,
Southeastern La.,2,Lainee Bailey,Pitcher,,4
Saint Francis (PA),2,Marissa Frederick,Pitcher,,4
SFA,2,Corie Byrd,Pitcher,Southern Arkansas,
Tennessee Tech,2,Avery Flatford,Pitcher,,4
Tennessee,1,Nicola Simpson,Pitcher,Seattle,
Tennessee,1,Charli Orsini,Pitcher,,4
Tex. A&M-Commerce,2,Madeline Janssen,Pitcher,Kearney,
UTEP,2,Breanna Ford,Pitcher,,4
UTSA,2,Tatum Seith,Pitcher,,4
Troy,2,Brookelyn Cannon,Pitcher,Mississippi College,
Utah,1,Halle Morris,Pitcher,Utah Valley,2
Wichita St.,2,Kenzie Schopfer,Pitcher,Creighton,2
Youngstown St.,2,Madison Griffin,Pitcher,IUP,
Black Hills St.,3,Malaya Coleman,Pitcher,,4
Bloomsburg,3,Faith Persing,Pitcher,,4
Bluefield St.,3,Taylor Anderson,Pitcher,,4
Chico St.,3,Ashlee Toy,Pitcher,,4
Chico St.,3,Kealani Cardona,Pitcher,,4
Catawba,3,Emma Zieg,Pitcher,,4
Chadron St.,3,Paige Edwards,Pitcher,,4
"D'Youville",3,Alexis Delfavero,Pitcher,,4
Delta St.,3,Madisyn Fruge,Pitcher,,4
Fayetteville St.,3,Dakota Smith,Pitcher,,4
Flagler,3,Mallory Forrester,Pitcher,,4
Florida Tech,3,Madilyn Dutton,Pitcher,,4
Frostburg St.,3,Desiree Scott,Pitcher,,4
Georgian Court,3,Haley Korsak,Pitcher,,4
Georgian Court,3,Sarah Clancy,Pitcher,,4
Henderson St.,3,Tabitha Jackson,Pitcher,,4
Ill. Springfield,3,Madelyn Tompkins,Pitcher,,4
Lincoln Memorial,3,Elora Wilmot,Pitcher,,4
Millersville,3,Mia Barone,Pitcher,,4
UNC Pembroke,3,Trinity Whitfield,Pitcher,,4
North Greenville,3,Reagan Stewart,Pitcher,,4
North Greenville,3,Wynter Radcliffe,Pitcher,,4
Northwestern Okla.,3,Shakyrah Gladness,Pitcher,,4
Notre Dame (OH),3,Jillian Bammann,Pitcher,,4
Nova Southeastern,3,Alyssa Grimes,Pitcher,,4
Pace,3,Gia Miccio,Pitcher,,4
Rogers St.,3,Courtney Hill,Pitcher,,4
Rollins,3,Avery Garbarek,Pitcher,,4
Saginaw Valley,3,Margot Van Eijl,Pitcher,,4
Seton Hill,3,Harlowe Nigh,Pitcher,,4
Southern Nazarene,3,Jayleigh Totten,Pitcher,,4
"Saint Augustine's",3,Anjellet Corner,Pitcher,,4
Staten Island,3,Alyssa Zangrilli,Pitcher,,4
Tex. Permian Basin,3,Morgan Mcqueen,Pitcher,,4
"Texas Woman's",3,Julianne Malis,Pitcher,,4
UT Tyler,3,Caitlyn Wells,Pitcher,,4
UT Tyler,3,Kiana Pogroszewski,Pitcher,,4
Valdosta St.,3,Taylor Barrett,Pitcher,,4
Virginia St.,3,Kyla Graves,Pitcher,,4
West Chester,3,Anna Torrens,Pitcher,,4
Western N.M.,3,Jasmin Kirby,Pitcher,,4
Young Harris,3,Kaliyah Smith,Pitcher,,4