,School,Latest_Date,,
1,,9/8/2021 0:00,,
2,Abilene Christian,8/4/2021 0:00,,
3,Abilene Christian University,5/18/2022,,
4,Adams State University,5/20/2021 0:00,,
5,Adelphi University,6/8/2022,,
6,Alabama,6/9/2021 0:00,,
7,Alabama A&M University,6/27/2022,,
8,Alabama State,6/4/2021 0:00,,
9,Alabama State University,4/5/2022,,
10,Albany State University (Georgia),5/3/2021 0:00,,
11,Alcorn State University,9/1/2021 0:00,,
12,Allen University,4/27/2022,,
13,American International College,5/9/2022,,
14,Amherst College,7/14/2021 0:00,,
15,Anderson University (South Carolina),5/6/2021 0:00,,
16,Angelo State,5/21/2021 0:00,,
17,Appalachian State,6/8/2021 0:00,,
18,Appalachian State University,6/25/2022,,
19,Arizona,9/7/2021 0:00,,
20,Arizona State,6/3/2022,,
21,Arizona State University,6/9/2022,,
22,Arkansas,9/21/2021 0:00,,
23,Arkansas Tech,5/17/2021 0:00,,
24,Arkansas Tech University,6/28/2022,,
25,"Arkansas, Pine Bluff",7/8/2021 0:00,,
26,Ashland University,8/19/2021 0:00,,
27,Assumption,8/3/2021 0:00,,
28,Assumption University,8/4/2022,,
29,ASU,6/10/2021 0:00,,
30,Auburn,5/3/2021 0:00,,
31,Auburn University,8/20/2021 0:00,,
32,Auburn University at Montgomery,5/24/2021 0:00,,
33,Augusta,7/2/2021 0:00,,
34,Augusta University,3/23/2022,,
35,Austin Peay,6/9/2022,,
36,Austin Peay State University,5/17/2021 0:00,,
37,Azusa Pacific University,11/15/2021,,
38,Babson College,6/23/2021 0:00,,
39,Ball State,5/19/2021 0:00,,
40,Ball State University,5/31/2022,,
41,Barry University,9/14/2021 0:00,,
42,Baylor,6/8/2022,,
43,Baylor University,6/3/2022,,
44,Bellarmine University,1/14/2022,,
45,Belmont,5/25/2022,,
46,Belmont Abbey College,5/5/2022,,
47,Bemidji State University,5/25/2022,,
48,Benedict College,4/6/2022,,
49,Bentley University,9/24/2021 0:00,,
50,Binghamton,7/5/2021 0:00,,
51,Binghamton University,5/27/2021 0:00,,
52,Birmingham-Southern College,3/18/2022,,
53,Black Hills State University,5/3/2022,,
54,Bloomfield College,5/17/2022,,
55,Bluefield State College,5/9/2022,,
56,Boise State,7/1/2021 0:00,,
57,Boise State University,5/26/2022,,
58,Boston College,7/2/2021 0:00,,
59,Boston College (w/d),7/2/2021 0:00,,
60,Boston University,8/11/2021 0:00,,
61,Bowling Green,6/4/2021 0:00,,
62,Bowling Green State University,6/6/2022,,
63,Bradley,5/31/2022,,
64,Bradley University,5/18/2021 0:00,,
65,Bridgewater State University,11/1/2021,,
66,Brigham Young University,7/4/2022,,
67,Brown University,11/18/2021,,
68,Bryant University,5/16/2022,,
69,Buffalo,5/4/2021 0:00,,
70,Butler,5/17/2021 0:00,,
71,BYU,6/3/2021 0:00,,
72,Cal,5/3/2021 0:00,,
73,Cal Baptist,5/21/2021 0:00,,
74,Cal State - Monterey Bay,8/16/2021 0:00,,
75,Cal State - Northridge,5/17/2021 0:00,,
76,Cal State Dominguez Hills,5/20/2021 0:00,,
77,Cal State Fullerton,6/8/2021 0:00,,
78,Cal State Northridge,5/18/2022,,
79,Cal State San Bernadino,5/19/2021 0:00,,
80,California,5/18/2022,,
81,California Baptist,7/12/2021 0:00,,
82,California Baptist University,5/9/2022,,
83,California Polytechnic State University,5/18/2022,,
84,California State- Monterey Bay,7/24/2021 0:00,,
85,California State Fullerton,5/17/2021 0:00,,
86,"California State Polytechnic University, Humboldt",8/5/2022,,
87,"California State University, Bakersfield",5/25/2021 0:00,,
88,"California State University, Chico",5/18/2022,,
89,"California State University, Dominguez Hills",6/10/2022,,
90,"California State University, Fresno",9/16/2021 0:00,,
91,"California State University, Fullerton",5/26/2022,,
92,"California State University, Monterey Bay",6/7/2021 0:00,,
93,"California State University, Northridge",5/19/2021 0:00,,
94,"California State University, Sacramento",6/29/2021 0:00,,
95,"California State University, San Bernardino",6/15/2022,,
96,"California State University, San Marcos",5/24/2022,,
97,California University of Pennsylvania,4/4/2022,,
98,Cameron,6/21/2021 0:00,,
99,Cameron University,6/17/2021 0:00,,
100,Campbell University,5/24/2022,,
101,Canisius College,5/5/2022,,
102,Carson-Newman,11/30/2021,,
103,Carson-Newman University,5/16/2022,,
104,Carson Newman,6/26/2022,,
105,Catawba College,5/2/2022,,
106,Cedarville University,6/8/2021 0:00,,
107,Central Arkansas,5/28/2022,,
108,Central Connecticut State,6/15/2021 0:00,,
109,Central Connecticut State University,5/18/2021 0:00,,
110,Central Michigan,7/1/2021 0:00,,
111,Central Michigan University,5/18/2022,,
112,Centre College,11/16/2021,,
113,Chadron State College,6/21/2021 0:00,,
114,Charleston (West Virginia),6/8/2021 0:00,,
115,Charleston Southern,7/7/2021 0:00,,
116,Charlotte,6/2/2021 0:00,,
117,Chattanooga,5/19/2021 0:00,,
118,Chestnut Hill College,5/24/2021 0:00,,
119,Chowan University,5/24/2022,,
120,Claflin University,3/22/2022,,
121,Clemson,6/30/2021 0:00,,
122,Clemson University,7/1/2022,,
123,Cleveland State University,5/25/2022,,
124,Coaching @ West Alabama,6/14/2021 0:00,,
125,Coastal Carolina,6/12/2021 0:00,,
126,Coastal Carolina University,5/13/2021 0:00,,
127,Coker University,6/13/2022,,
128,Colgate,8/5/2021 0:00,,
129,Colgate University,9/8/2021 0:00,,
130,College of Charleston,6/30/2021 0:00,,
131,College of Saint Benedict,6/7/2022,,
132,College of the Holy Cross,9/23/2021 0:00,,
133,Colorado Christian University,5/20/2021 0:00,,
134,Colorado Mesa University,5/19/2022,,
135,Colorado State,5/17/2022,,
136,Colorado State University,4/6/2022,,
137,Colorado State University Pueblo,5/9/2022,,
138,"Colorado, Colorado Springs",6/9/2021 0:00,,
139,Columbus State University,6/15/2022,,
140,Concord University,10/19/2021,,
141,Concordia Irvine,6/21/2022,,
142,Concordia University Chicago,3/10/2022,,
143,Converse College,5/4/2021 0:00,,
144,Converse University,5/5/2022,,
145,Coppin State University,7/1/2022,,
146,Cornell University,4/4/2022,,
147,Creighton,7/1/2021 0:00,,
148,Creighton University,5/9/2022,,
149,CSUN,7/14/2021 0:00,,
150,Dartmouth College,5/18/2022,,
151,Davenport University,5/26/2021 0:00,,
152,Davis & Elkins College,6/22/2021 0:00,,
153,Dayton,6/3/2021 0:00,,
154,Defiance College,4/22/2022,,
155,Delaware,3/23/2022,,
156,Delaware State,6/26/2021 0:00,,
157,Delaware State University,5/3/2022,,
158,Delta State,5/4/2021 0:00,,
159,Delta State University,5/9/2022,,
160,DePaul,6/1/2021 0:00,,
161,DePaul University,6/8/2022,,
162,DePauw,8/5/2021 0:00,,
163,Dixie State,6/30/2021 0:00,,
164,Dixie State University,5/24/2021 0:00,,
165,Dominican College (New York),5/23/2022,,
166,Drexel,6/29/2021 0:00,,
167,Drexel University,5/28/2021 0:00,,
168,Drury,5/10/2021 0:00,,
169,Drury University,6/30/2022,,
170,Duke,8/14/2021 0:00,,
171,Duke University,9/21/2021 0:00,,
172,East Carolina,6/3/2021 0:00,,
173,East Carolina University,6/7/2021 0:00,,
174,East Central University,5/5/2021 0:00,,
175,East Stroudsburg,6/11/2021 0:00,,
176,East Stroudsburg University of Pennsylvania,6/16/2022,,
177,East Tennessee State,5/5/2021 0:00,,
178,East Tennessee State University,6/26/2022,,
179,Eastern Illinois,5/19/2021 0:00,,
180,Eastern Illinois University,5/16/2022,,
181,Eastern Kentucky,6/11/2021 0:00,,
182,Eastern Kentucky University,5/25/2021 0:00,,
183,Eastern New Mexico University,5/7/2022,,
184,Eckerd College,4/11/2022,,
185,Edinboro University of Pennsylvania,5/4/2021 0:00,,
186,Edward Waters University,5/4/2022,,
187,Elizabeth City State,7/12/2021 0:00,,
188,Elon,5/9/2022,,
189,Elon University,5/17/2022,,
190,Embry-Riddle Aeronautical University (Florida),5/7/2021 0:00,,
191,Emmanuel College (Georgia),6/3/2022,,
192,Emory & Henry College,4/27/2022,,
193,Emporia State University,5/12/2022,,
194,Erskine College,9/6/2021 0:00,,
195,Evansville,5/11/2021 0:00,,
196,Fairfield University,5/11/2022,,
197,Fairleigh Dickinson,5/19/2021 0:00,,
198,"Fairleigh Dickinson University, Metropolitan Campus",5/26/2022,,
199,Fairmont State University,5/18/2022,,
200,FAU,5/11/2021 0:00,,
201,Fayetteville State,5/4/2021 0:00,,
202,Fayetteville State University,3/30/2022,,
203,Felician University,10/27/2021,,
204,FGCU,6/2/2021 0:00,,
205,FIU,6/22/2021 0:00,,
206,Flagler College,5/9/2021 0:00,,
207,Florida,6/10/2021 0:00,,
208,Florida A&M,5/3/2021 0:00,,
209,Florida Atlantic,6/8/2022,,
210,Florida Atlantic University,5/20/2022,,
211,Florida Gulf Coast,6/2/2021 0:00,,
212,Florida Gulf Coast University,5/3/2022,,
213,Florida Institute of Technology,9/22/2021 0:00,,
214,Florida International,6/30/2022,,
215,Florida International University,5/23/2022,,
216,Florida Southern,5/18/2021 0:00,,
217,Florida Southern College,5/5/2022,,
218,Florida State,8/11/2021 0:00,,
219,Florida State (w/d),7/2/2021 0:00,,
220,Florida State University,7/1/2022,,
221,Fordham,6/30/2021 0:00,,
222,Fort Hays State University,5/5/2022,,
223,Fort Lewis College,9/15/2021 0:00,,
224,Fort Valley State University,5/18/2022,,
225,Francis Marion,9/24/2021 0:00,,
226,Francis Marion University,5/5/2022,,
227,Fresno State,8/26/2021 0:00,,
228,Furman,5/24/2022,,
229,Furman University,5/24/2022,,
230,Gannon University,6/1/2022,,
231,Gardner-Webb,6/24/2022,,
232,Gardner-Webb University,5/26/2021 0:00,,
233,GCU,6/18/2021 0:00,,
234,George Mason,7/6/2021 0:00,,
235,George Mason University,9/20/2021 0:00,,
236,George Washington,6/1/2021 0:00,,
237,George Washington University,5/31/2022,,
238,Georgetown University,6/1/2022,,
239,Georgia,8/14/2021 0:00,,
240,Georgia College,7/21/2021 0:00,,
241,Georgia Institute of Technology,7/1/2021 0:00,,
242,Georgia Southern,6/7/2022,,
243,Georgia Southern University,5/17/2021 0:00,,
244,Georgia Southwestern State,5/5/2021 0:00,,
245,Georgia Southwestern State University,5/26/2022,,
246,Georgia State,7/2/2021 0:00,,
247,Georgia State University,6/8/2022,,
248,Georgia Tech,6/22/2022,,
249,Georgian Court,6/1/2021 0:00,,
250,Georgian Court University,9/3/2021 0:00,,
251,Glenville State College,6/2/2021 0:00,,
252,Glenville State University,4/28/2022,,
253,Grambling State,7/22/2021 0:00,,
254,Grambling State University,8/23/2021 0:00,,
255,Grand Canyon,8/6/2021 0:00,,
256,Grand Canyon University,8/26/2021 0:00,,
257,Greenville,7/12/2021 0:00,,
258,Grinnell College,9/30/2021 0:00,,
259,Hampton,7/2/2021 0:00,,
260,Harding,5/31/2022,,
261,Harding University,5/17/2021 0:00,,
262,Hartford,6/2/2021 0:00,,
263,Hawaii,6/7/2022,,
264,Hawaii Pacific,6/3/2021 0:00,,
265,Hawaii Pacific University,9/27/2021 0:00,,
266,"Hawaii, Manoa",5/10/2021 0:00,,
267,Henderson State University,5/14/2021 0:00,,
268,High Point University,10/21/2021,,
269,Hillsdale College,5/16/2022,,
270,Hofstra,6/4/2021 0:00,,
271,Hofstra University,6/7/2021 0:00,,
272,Holy Cross,7/12/2021 0:00,,
273,Holy Names University,9/29/2021 0:00,,
274,Houston,7/1/2022,,
275,Houston Baptist University,5/17/2022,,
276,Howard University,6/5/2022,,
277,Humboldt State,7/6/2021 0:00,,
278,Idaho State,5/9/2021 0:00,,
279,Idaho State University,7/30/2021 0:00,,
280,Illinois,6/8/2021 0:00,,
281,Illinois-Chicago,5/25/2022,,
282,Illinois State,5/19/2021 0:00,,
283,Illinois State University,5/31/2022,,
284,Illinois Wesleyan University,4/24/2022,,
285,Immaculata University,3/25/2022,,
286,Incarnate Word,6/5/2021 0:00,,
287,Indiana,5/4/2021 0:00,,
288,Indiana University-Purdue University Indianapolis,5/9/2022,,
289,Indiana University of Pennsylvania,7/13/2021 0:00,,
290,"Indiana University, Bloomington",6/29/2022,,
291,Iona,5/23/2022,,
292,Iona College,6/2/2022,,
293,Iowa,5/31/2022,,
294,Iowa State,6/8/2021 0:00,,
295,Iowa State University,5/18/2022,,
296,Ithaca College,5/11/2022,,
297,IUPUI,6/29/2022,,
298,Jackson State,1/4/2022,,
299,Jackson State University,5/24/2021 0:00,,
300,Jacksonville,6/16/2022,,
301,Jacksonville State,6/30/2021 0:00,,
302,Jacksonville State University,5/17/2022,,
303,Jacksonville University,5/18/2021 0:00,,
304,James Madison,6/28/2022,,
305,James Madison University,6/3/2022,,
306,JMU,6/9/2021 0:00,,
307,John Carroll,6/4/2021 0:00,,
308,Johnson University,6/7/2022,,
309,Kansas,6/1/2022,,
310,Kansas City,8/16/2021 0:00,,
311,Keene State College,3/23/2022,,
312,Kennesaw State,6/7/2021 0:00,,
313,Kennesaw State University,6/30/2022,,
314,Kent State,6/16/2021 0:00,,
315,Kent State University,6/21/2022,,
316,Kentucky,6/3/2021 0:00,,
317,Kentucky State,5/3/2021 0:00,,
318,King University,5/16/2022,,
319,Kutztown University of Pennsylvania,8/16/2021 0:00,,
320,Lafayette College,9/29/2021 0:00,,
321,Lake Erie College,4/25/2022,,
322,Lamar,7/22/2021 0:00,,
323,Lamar University,6/2/2022,,
324,Lander University,5/18/2022,,
325,Lane College,6/1/2022,,
326,Le Moyne College,5/11/2021 0:00,,
327,Lee University,5/14/2021 0:00,,
328,Lee University (D2),5/19/2021 0:00,,
329,Lees-McRae College,5/23/2022,,
330,Lehigh,5/18/2022,,
331,Lehigh University,5/31/2022,,
332,Lewis & Clark College,12/28/2021,,
333,Lewis University,6/1/2021 0:00,,
334,Liberty,6/9/2021 0:00,,
335,Liberty University,5/7/2022,,
336,Limestone University,4/7/2022,,
337,Lincoln Memorial University,5/31/2022,,
338,Lincoln University (Missouri),4/25/2022,,
339,Lincoln University (Pennsylvania),5/5/2022,,
340,Lindenwood University,5/23/2022,,
341,Linfield University,6/17/2022,,
342,Lipscomb,7/1/2021 0:00,,
343,Lipscomb University,5/18/2022,,
344,Lock Haven University of Pennsylvania,5/6/2022,,
345,Long Beach State,6/8/2021 0:00,,
346,Long Beach State University,6/2/2022,,
347,Long Island University,6/21/2022,,
348,Longwood,5/25/2021 0:00,,
349,Longwood University,5/17/2022,,
350,Louisiana,6/28/2021 0:00,,
351,Louisiana-Lafayette,6/25/2021 0:00,,
352,Louisiana-Monroe,6/1/2021 0:00,,
353,Louisiana Monroe,5/17/2021 0:00,,
354,Louisiana State University,6/15/2022,,
355,Louisiana Tech,8/26/2021 0:00,,
356,Louisiana Tech University,5/14/2021 0:00,,
357,Louisville,6/28/2021 0:00,,
358,Loyola Chicago,5/21/2021 0:00,,
359,Loyola Marymount,6/23/2021 0:00,,
360,Loyola Marymount University,6/13/2022,,
361,LSU,6/10/2022,,
362,Lubbock Christian,5/5/2021 0:00,,
363,Lubbock Christian University,5/19/2022,,
364,Lynn University,5/6/2022,,
365,Malone University,6/2/2022,,
366,Manchester University,5/10/2022,,
367,Mansfield University of Pennsylvania,5/3/2022,,
368,Marist College,1/5/2022,,
369,Mars Hill,5/7/2021 0:00,,
370,Mars Hill University,5/2/2022,,
371,Marshall,6/1/2021 0:00,,
372,Marshall University,7/1/2022,,
373,Mary Baldwin University,4/29/2022,,
374,Mary Washington,5/10/2021 0:00,,
375,Maryland,6/6/2021 0:00,,
376,Maryville University of Saint Louis,6/22/2021 0:00,,
377,Massachusetts College of Liberal Arts,5/4/2021 0:00,,
378,McKendree University,6/1/2021 0:00,,
379,McLennan CC,5/24/2021 0:00,,
380,McNeese,7/26/2021 0:00,,
381,McNeese State,6/1/2021 0:00,,
382,McNeese State University,5/28/2022,,
383,Memphis,6/23/2021 0:00,,
384,Mercer University,5/26/2022,,
385,Mercy College,5/16/2021 0:00,,
386,Merrimack College,6/9/2021 0:00,,
387,Messiah University,5/24/2022,,
388,Metropolitan State University of Denver,5/10/2022,,
389,Miami Ohio,4/13/2022,,
390,Miami University (Ohio),5/24/2021 0:00,,
391,Michigan,6/8/2021 0:00,,
392,Michigan State,6/7/2021 0:00,,
393,Michigan State University,6/9/2022,,
394,Middle Tennessee,6/24/2022,,
395,Middle Tennessee State,5/24/2022,,
396,Middle Tennessee State University,6/15/2022,,
397,Miles College,6/14/2022,,
398,Millersville University of Pennsylvania,10/29/2021,,
399,Minnesota,6/23/2021 0:00,,
400,Minnesota State Moorhead,5/10/2021 0:00,,
401,"Minnesota, Crookston",5/5/2021 0:00,,
402,Minot State University,5/5/2022,,
403,Mississippi College,5/17/2021 0:00,,
404,Mississippi State,6/21/2021 0:00,,
405,Mississippi State University,6/9/2022,,
406,Mississippi University for Women,8/10/2021 0:00,,
407,Mississippi Valley State University,6/8/2022,,
408,Missouri,5/5/2021 0:00,,
409,Missouri-St. Louis,5/6/2021 0:00,,
410,Missouri Southern,5/29/2022,,
411,Missouri Southern State University,5/18/2021 0:00,,
412,Missouri State University,6/8/2022,,
413,Missouri Western State University,5/9/2022,,
414,Molloy College,4/12/2022,,
415,Monmouth,5/13/2021 0:00,,
416,Monmouth University,5/4/2022,,
417,Montana,6/1/2021 0:00,,
418,Montana State University Billings,7/1/2021 0:00,,
419,Montclair State University,5/17/2022,,
420,Morehead State University,4/13/2022,,
421,Morgan State,6/9/2021 0:00,,
422,Morgan State University,6/7/2021 0:00,,
423,Mount St. Mary's University,5/19/2022,,
424,Murray State,7/8/2021 0:00,,
425,Murray State University,5/24/2022,,
426,NC State,6/30/2022,,
427,NE Oklahoma,6/14/2021 0:00,,
428,Nebraska,6/1/2022,,
429,Nevada,5/27/2022,,
430,New England College,3/28/2022,,
431,New Haven,8/6/2021 0:00,,
432,New Mexico,7/4/2021 0:00,,
433,New Mexico Highlands University,5/26/2021 0:00,,
434,New Mexico State,6/3/2022,,
435,New Mexico State University,5/5/2022,,
436,New York University,12/10/2021,,
437,Newberry College,6/7/2022,,
438,Newman University,9/21/2021 0:00,,
439,Niagara University,6/15/2022,,
440,Nicholls,6/30/2022,,
441,Nicholls State,5/11/2021 0:00,,
442,Nicholls State University,5/20/2022,,
443,Nichols College,5/4/2022,,
444,No longer playing,5/31/2022,,irrelevant
445,North Alabama,5/3/2021 0:00,,
446,North Carolina,6/9/2021 0:00,,
447,North Carolina A&T,5/1/2021 0:00,,
448,North Carolina A&T State University,5/8/2022,,
449,North Carolina at Charlotte,6/30/2021 0:00,,
450,North Carolina at Pembroke,5/6/2021 0:00,,
451,North Carolina Central University,5/20/2022,,
452,North Carolina State,5/6/2021 0:00,,
453,North Carolina State University,5/25/2021 0:00,,
454,North Central University,6/21/2022,,
455,North Dakota,5/16/2022,,
456,North Dakota State,6/8/2021 0:00,,
457,North Dakota State University,6/27/2022,,
458,North Florida,6/2/2022,,
459,North Georgia,6/8/2022,,
460,North Greenville,5/4/2021 0:00,,
461,North Texas,6/2/2021 0:00,,
462,Northeastern State,5/5/2021 0:00,,
463,Northeastern State University,5/16/2022,,
464,Northern Colorado,7/19/2021 0:00,,
465,Northern Illinois,6/8/2021 0:00,,
466,Northern Illinois University,6/4/2021 0:00,,
467,Northern Kentucky,6/28/2021 0:00,,
468,Northern Kentucky University,6/29/2022,,
469,Northern State,6/17/2021 0:00,,
470,Northern State University,5/7/2022,,
471,Northwest Missouri State,5/10/2021 0:00,,
472,Northwest Missouri State University,4/28/2022,,
473,Northwest Nazarene,5/26/2022,,
474,Northwestern Oklahoma State,5/8/2021 0:00,,
475,Northwestern Oklahoma State University,6/1/2022,,
476,Northwestern State University,5/17/2021 0:00,,
477,Northwestern University,8/18/2021 0:00,,
478,Northwood University,4/25/2022,,
479,Notre Dame,3/29/2022,,
480,Notre Dame (after 2023 season),6/6/2022,,
481,Notre Dame College (Ohio),6/6/2022,,
482,Nova Southeastern,5/18/2021 0:00,,
483,Nova Southeastern University,5/26/2022,,
484,Nyack College,5/11/2021 0:00,,shuttered
485,Oakland,6/25/2021 0:00,,
486,Oakland University,5/6/2022,,
487,Occidental College,5/3/2022,,
488,Ohio,9/21/2021 0:00,,
489,Ohio Dominican University,5/3/2022,,
490,Ohio State,6/7/2021 0:00,,
491,Ohio University,7/5/2022,,
492,Ohio Wesleyan University,5/26/2022,,
493,Oklahoma,6/9/2022,,
494,Oklahoma Baptist University,5/26/2021 0:00,,
495,Oklahoma Christian,7/20/2021 0:00,,
496,Oklahoma Christian University,5/26/2021 0:00,,
497,Oklahoma State,8/26/2021 0:00,,
498,Oklahoma State University,7/11/2022,,
499,Ole Miss,9/7/2021 0:00,,
500,Omaha,5/21/2021 0:00,,
501,Oregon,6/7/2021 0:00,,
502,Oregon State,6/30/2021 0:00,,
503,Oregon State University,6/8/2022,,
504,Pace University,6/15/2022,,
505,Pacific,6/4/2021 0:00,,
506,Palm Beach Atlantic University,4/30/2022,,
507,Park,6/30/2022,,
508,Pearl River Community College,5/26/2021 0:00,,
509,Penn State,6/3/2021 0:00,,
510,"Penn State University, Altoona",12/6/2021,,
511,Pennsylvania State,6/28/2021 0:00,,
512,Pennsylvania State University,4/18/2022,,
513,Pitt,5/19/2021 0:00,,
514,Pittsburg State,6/22/2021 0:00,,
515,Pittsburg State University,6/17/2022,,
516,Pittsburgh,5/17/2021 0:00,,
517,Pomona-Pitzer Colleges,6/23/2021 0:00,,
518,Portland State University,5/26/2021 0:00,,
519,Post University,8/17/2021 0:00,,
520,Prairie View A&M,7/2/2021 0:00,,
521,Prairie View A&M University,7/1/2022,,
522,Presbyterian College,9/7/2021 0:00,,
523,Princeton (academic),5/26/2021 0:00,,
524,Princeton University,6/6/2022,,
525,Providence,5/3/2021 0:00,,
526,Providence College,6/21/2022,,
527,Purdue,6/9/2022,,
528,Purdue Fort Wayne,5/11/2021 0:00,,
529,Purdue University,5/17/2021 0:00,,
530,Purdue University Fort Wayne,6/24/2022,,
531,Purdue University Northwest,9/29/2021 0:00,,
532,Queens College (New York),5/4/2022,,
533,Queens University of Charlotte,5/25/2021 0:00,,
534,Quincy,5/4/2021 0:00,,
535,Quincy University,4/8/2022,,
536,Quinnipiac University,8/24/2021 0:00,,
537,Radford,5/24/2021 0:00,,
538,Radford University,5/16/2022,,
539,Regis University (Colorado),7/2/2021 0:00,,
540,Returning to Arizona State,6/10/2022,,
541,Rhode Island,6/16/2022,,
542,Rider University,6/6/2022,,
543,Roanoke College,5/16/2022,,
544,Robert Morris,6/9/2021 0:00,,
545,Robert Morris University,5/14/2021 0:00,,
546,Rogers State,5/31/2022,,
547,Rogers State University,6/9/2021 0:00,,
548,Rollins,6/7/2022,,
549,Rollins College,5/31/2022,,
550,Rose State College,5/17/2021 0:00,,
551,Rutgers,5/24/2021 0:00,,
552,Sacramento State,5/27/2021 0:00,,
553,Sacred Heart,5/17/2021 0:00,,
554,Sacred Heart University,5/12/2022,,
555,Saginaw Valley State University,12/13/2021,,
556,Saint Anselm College,7/6/2021 0:00,,
557,Saint Francis,6/4/2021 0:00,,
558,Saint Joseph's University,6/9/2022,,
559,Saint Leo,5/7/2021 0:00,,
560,Saint Leo University,5/20/2022,,
561,Saint Louis University,5/17/2022,,
562,Saint Martin's University,5/19/2022,,
563,Saint Mary's,5/25/2021 0:00,,
564,Saint Mary's College of California,7/27/2021 0:00,,
565,Saint Michael's College,7/8/2021 0:00,,
566,Saint Peter's University,5/17/2022,,
567,Salem University (West Virginia),5/12/2022,,
568,Salisbury University,6/2/2022,,
569,Sam Houston State,6/15/2021 0:00,,
570,Sam Houston State University,8/19/2021 0:00,,
571,Samford,6/2/2021 0:00,,
572,Samford University,6/14/2021 0:00,,
573,San Diego,6/13/2021 0:00,,
574,San Diego State,6/8/2022,,
575,San Diego State University,6/9/2022,,
576,San Francisco State,5/28/2021 0:00,,
577,San Francisco State University,5/20/2022,,
578,San Jose State University,5/27/2022,,
579,Santa Clara,8/10/2021 0:00,,
580,Santa Clara University,8/23/2021 0:00,,
581,Savannah State University,6/17/2022,,
582,Seattle,6/8/2021 0:00,,
583,Seattle University,6/7/2021 0:00,,
584,Seton Hall University,5/9/2022,,
585,Seton Hill University,9/29/2021 0:00,,
586,Shaw University,5/2/2022,,
587,Shenandoah University,4/12/2022,,
588,Shepherd,7/16/2021 0:00,,
589,Shippensburg University of Pennsylvania,9/20/2021 0:00,,
590,Shorter University,5/3/2021 0:00,,
591,Siena,9/24/2021 0:00,,
592,Siena College,6/9/2021 0:00,,
593,Simmons University,11/21/2021,,
594,Simon Fraser University,11/18/2021,,
595,SIUE,8/1/2021 0:00,,
596,South Alabam,5/26/2021 0:00,,
597,South Alabama,6/7/2021 0:00,,
598,South Carolina,8/3/2021 0:00,,
599,South Carolina State University,6/13/2022,,
600,South Dakota,5/7/2021 0:00,,
601,South Dakota State,6/28/2022,,
602,South Dakota State University,6/18/2022,,
603,South Florida,6/9/2021 0:00,,
604,Southeast Missouri,5/18/2021 0:00,,
605,Southeast Missouri State University,5/6/2022,,
606,Southeastern Louisiana,6/14/2022,,
607,Southeastern Louisiana University,6/2/2022,,
608,Southeastern Oklahoma State,6/8/2021 0:00,,
609,Southeastern Oklahoma State University,3/22/2022,,
610,Southern,8/26/2021 0:00,,
611,Southern Arkansas,7/13/2021 0:00,,
612,Southern Arkansas University,5/23/2022,,
613,Southern Connecticut State University,6/28/2022,,
614,Southern Illinois,6/23/2021 0:00,,
615,Southern Illinois University at Carbondale,6/1/2022,,
616,Southern Illinois University Edwardsville,6/14/2022,,
617,Southern Mississippi,5/11/2021 0:00,,
618,Southern Nazarene,5/10/2021 0:00,,
619,Southern Nazarene University,5/3/2022,,
620,Southern New Hampshire University,10/28/2021,,
621,"Southern University, Baton Rouge",6/10/2022,,
622,Southern Utah,7/22/2021 0:00,,
623,Southern Utah University,6/14/2022,,
624,Southern Virginia University,9/24/2021 0:00,,
625,Southwest Baptist University,5/10/2022,,
626,Southwest Minnesota State University,5/25/2022,,
627,Southwestern Oklahoma State University,5/3/2021 0:00,,
628,Southwestern University (Texas),8/8/2022,,
629,St. Bonaventure University,4/18/2022,,
630,St. Edward's,3/18/2022,,
631,St. John's University (New York),6/8/2022,,
632,St. John Fisher University,8/1/2022,,
633,St. Lawrence University,4/15/2022,,
634,St. Mary's,6/10/2022,,
635,St. Mary's University (Texas),3/29/2022,,
636,St. Thomas (Minnesota),7/15/2021 0:00,,
637,Stanford University,6/7/2022,,
638,Stephen F. Austin,5/20/2021 0:00,,
639,Stephen F. Austin State University,5/20/2021 0:00,,
640,Stetson,5/11/2021 0:00,,
641,Stetson University,6/14/2021 0:00,,
642,Stevenson University,3/23/2022,,
643,Stockton University,11/9/2021,,
644,Stony Brook,6/14/2022,,
645,Stony Brook University,5/20/2021 0:00,,
646,Suffolk,7/21/2021 0:00,,
647,Syracuse,6/3/2021 0:00,,
648,Syracuse University,6/1/2022,,
649,Tampa,5/17/2022,,
650,Tarleton,6/3/2021 0:00,,
651,Tarleton State,7/16/2021 0:00,,
652,Tarleton State University,6/7/2022,,
653,Tennessee,6/8/2022,,
654,Tennessee at Martin,5/10/2021 0:00,,
655,Tennessee State University,5/21/2022,,
656,Tennessee Tech,6/6/2021 0:00,,
657,Tennessee Technological University,6/27/2021 0:00,,
658,Texas,9/16/2021 0:00,,
659,Texas A&M,7/11/2022,,
660,Texas A&M-Corpus Christi,6/3/2021 0:00,,
661,Texas A&M-Kingsville,5/18/2021 0:00,,
662,Texas A&M -Corpus Christi,6/11/2021 0:00,,
663,Texas A&M University,5/28/2021 0:00,,
664,Texas A&M University-Commerce,8/30/2021 0:00,,
665,Texas A&M University-Corpus Christi,5/9/2022,,
666,Texas A&M University-Kingsville,9/21/2021 0:00,,
667,"Texas A&M University, College Station",9/6/2021 0:00,,
668,Texas at Tyler,5/9/2021 0:00,,
669,Texas Lutheran,6/29/2022,,
670,Texas Lutheran University,6/29/2022,,
671,Texas Southern,6/8/2021 0:00,,
672,Texas Southern University,5/18/2021 0:00,,
673,Texas State,6/17/2022,,
674,Texas State University,6/29/2022,,
675,Texas Tech,6/29/2022,,
676,Texas Tech University,5/17/2022,,
677,Texas Woman's,6/10/2022,,
678,The College of New Jersey,5/24/2021 0:00,,
679,The College of Saint Rose,5/4/2022,,
680,The College of Wooster,5/31/2022,,
681,The University of North Carolina at Charlotte,6/30/2022,,
682,The University of North Carolina at Greensboro,6/20/2022,,
683,The University of Southern Mississippi,5/9/2022,,
684,The University of Texas at Tyler,5/31/2022,,
685,The University of Tulsa,5/31/2022,,
686,The University of Virginia's College at Wise,4/28/2022,,
687,Thiel College,11/8/2021,,
688,Tiffin University,6/15/2022,,
689,Towson,5/9/2022,,
690,Towson University,5/17/2022,,
691,Trevecca Nazarene University,5/3/2022,,
692,Trinity College (Connecticut),5/17/2021 0:00,,
693,Troy,6/14/2022,,
694,Troy University,6/9/2022,,
695,Truman State University,4/29/2022,,
696,Tulsa,6/30/2021 0:00,,
697,Tusculum University,5/5/2022,,
698,Tuskegee University,7/14/2021 0:00,,
699,UAB,6/7/2021 0:00,,
700,UC- Riverside,5/24/2021 0:00,,
701,UC - Riverside,7/21/2021 0:00,,
702,UC San Diego,6/2/2021 0:00,,
703,UC Santa Barbara,5/10/2021 0:00,,
704,UCF,6/7/2021 0:00,,
705,UCLA,7/1/2022,,
706,UConn,6/3/2021 0:00,,
707,UHartford,5/10/2021 0:00,,
708,UIC,6/23/2021 0:00,,
709,UMass Lowell,6/28/2021 0:00,,
710,UMBC,8/5/2021 0:00,,
711,UNC Greensboro,6/24/2022,,
712,Union,5/7/2021 0:00,,
713,Union University,6/29/2021 0:00,,
714,University at Albany,6/2/2022,,
715,"University at Buffalo, the State University of New York",5/18/2021 0:00,,
716,University of Akron,6/21/2022,,
717,University of Alabama,5/24/2022,,
718,University of Alabama at Birmingham,9/24/2021 0:00,,
719,University of Alabama in Huntsville,5/14/2021 0:00,,
720,University of Arizona,7/1/2022,,
721,"University of Arkansas, Fayetteville",5/31/2022,,
722,"University of Arkansas, Monticello",9/27/2021 0:00,,
723,"University of Arkansas, Pine Bluff",7/1/2022,,
724,University of Bridgeport,12/8/2021,,
725,"University of California, Berkeley",5/17/2022,,
726,"University of California, Davis",6/30/2022,,
727,"University of California, Riverside",5/18/2022,,
728,"University of California, San Diego",12/15/2021,,
729,"University of California, Santa Barbara",6/9/2022,,
730,University of Central Arkansas,6/24/2022,,
731,University of Central Florida,6/2/2022,,
732,University of Central Missouri,10/18/2021,,
733,University of Central Oklahoma,5/27/2022,,
734,"University of Colorado, Colorado Springs",5/14/2021 0:00,,
735,University of Connecticut,6/2/2022,,
736,University of Dayton,5/25/2022,,
737,University of Delaware,6/28/2022,,
738,University of Detroit Mercy,5/10/2022,,
739,University of Dubuque,6/23/2022,,
740,University of Evansville,5/20/2022,,
741,University of Findlay,4/29/2022,,
742,University of Florida,6/8/2022,,
743,University of Georgia,6/7/2022,,
744,University of Hartford,5/8/2022,,
745,University of Hawaii at Hilo,6/14/2022,,
746,"University of Hawaii, Manoa",8/17/2021 0:00,,
747,University of Houston,5/23/2022,,
748,University of Illinois at Springfield,5/20/2021 0:00,,
749,University of Illinois Chicago,5/23/2022,,
750,University of Illinois Urbana-Champaign,5/21/2021 0:00,,
751,University of Iowa,5/20/2022,,
752,University of Kansas,5/26/2022,,
753,University of Kentucky,9/22/2021 0:00,,
754,University of Louisiana at Lafayette,8/26/2021 0:00,,
755,University of Louisiana Monroe,5/18/2021 0:00,,
756,University of Louisville,5/2/2022,,
757,University of Mary,7/1/2021 0:00,,
758,University of Mary Hardin-Baylor,5/24/2021 0:00,,
759,University of Maryland Eastern Shore,6/10/2022,,
760,"University of Maryland, Baltimore County",5/25/2022,,
761,"University of Maryland, College Park",5/27/2022,,
762,University of Massachusetts Lowell,6/1/2022,,
763,"University of Massachusetts, Amherst",5/31/2022,,
764,University of Memphis,5/19/2022,,
765,University of Michigan,6/13/2022,,
766,University of Minnesota Duluth,5/17/2022,,
767,"University of Minnesota, Crookston",8/25/2021 0:00,,
768,"University of Minnesota, Twin Cities",6/16/2022,,
769,University of Mississippi,5/26/2022,,
770,University of Missouri-Kansas City,7/1/2022,,not in db
771,University of Missouri-St. Louis,3/16/2022,,
772,"University of Missouri, Columbia",5/27/2022,,
773,University of Montevallo,6/10/2022,,
774,University of Nebraska Omaha,8/25/2021 0:00,,
775,"University of Nevada, Las Vegas",7/5/2022,,
776,"University of Nevada, Reno",5/18/2022,,
777,University of New Haven,9/27/2021 0:00,,
778,University of New Mexico,5/4/2022,,
779,University of North Alabama,5/26/2022,,
780,University of North Carolina Wilmington,10/14/2021,,
781,"University of North Carolina, Chapel Hill",5/10/2022,,
782,University of North Dakota,6/17/2022,,
783,University of North Florida,6/3/2022,,
784,University of North Texas,5/25/2022,,
785,University of Northern Colorado,5/20/2022,,
786,University of Notre Dame,3/12/2022,,
787,University of Oklahoma,7/1/2022,,
788,University of Oregon,6/14/2022,,
789,University of Pennsylvania,8/1/2022,,
790,University of Pittsburgh,6/30/2022,,
791,"University of Pittsburgh, Johnstown",1/3/2022,,
792,University of Puget Sound,5/24/2022,,
793,University of Rhode Island,5/24/2022,,
794,University of Rochester,8/2/2022,,
795,University of San Diego,9/14/2021 0:00,,
796,University of Sioux Falls,11/9/2021,,
797,University of South Alabama,5/26/2021 0:00,,
798,University of South Carolina Aiken,10/13/2021,,
799,University of South Carolina Upstate,6/25/2021 0:00,,
800,"University of South Carolina, Columbia",5/16/2022,,
801,University of South Dakota,5/23/2022,,
802,University of South Florida,6/24/2022,,
803,University of Southern California,11/1/2021,,"no program, transferred from volleyball"
804,University of St. Thomas (Minnesota),5/20/2022,,
805,University of Tampa,3/17/2022,,
806,University of Tennessee at Chattanooga,6/24/2022,,
807,University of Tennessee at Martin,9/27/2021 0:00,,
808,"University of Tennessee, Knoxville",6/7/2022,,
809,University of Texas at Arlington,6/3/2022,,
810,University of Texas at Austin,6/20/2022,,
811,University of Texas at El Paso,5/18/2022,,
812,University of Texas at San Antonio,6/13/2022,,
813,University of Texas Permian Basin,5/10/2022,,
814,University of the Incarnate Word,6/24/2022,,
815,University of the Sciences,4/9/2022,,
816,University of Toledo,5/26/2022,,
817,University of Utah,5/23/2022,,
818,University of Virginia,5/6/2022,,
819,University of Washington,6/13/2022,,
820,University of West Alabama,5/24/2022,,
821,University of West Florida,5/27/2021 0:00,,
822,University of West Georgia,10/29/2021,,
823,University of Wisconsin-Green Bay,5/16/2022,,
824,University of Wisconsin-Madison,5/25/2022,,
825,University of Wisconsin-Parkside,6/30/2021 0:00,,
826,UNLV,6/8/2022,,
827,Upper Iowa University,5/11/2022,,
828,Ursuline College,5/3/2022,,
829,USC Upstate,6/4/2021 0:00,,
830,USF,6/29/2021 0:00,,
831,UT-Arlington,9/23/2021 0:00,,
832,UT-Martin,5/27/2021 0:00,,
833,UT-Tyler,5/13/2022,,
834,UT Arlington,5/28/2021 0:00,,
835,UT Martin,5/12/2021 0:00,,
836,UT Tyler,6/28/2022,,
837,UTA,6/10/2021 0:00,,
838,Utah,6/7/2022,,
839,Utah State,5/27/2022,,
840,Utah State University,5/31/2022,,
841,Utah Valley,7/8/2021 0:00,,
842,Utah Valley University,6/14/2021 0:00,,
843,UTEP,7/1/2022,,
844,UTSA,7/28/2021 0:00,,
845,Valdosta State,6/1/2021 0:00,,
846,Valdosta State University,6/6/2022,,
847,Valparaiso,6/8/2022,,
848,Valparaiso University,5/31/2022,,
849,Villanova University,5/24/2022,,
850,Virginia,5/31/2022,,
851,Virginia Polytechnic Institute and State University,6/9/2022,,
852,Virginia Tech,6/8/2021 0:00,,
853,Virginia Union University,3/24/2022,,
854,Virginia Wesleyan University,5/27/2022,,
855,Wagner College,6/9/2022,,
856,Walsh University,6/9/2021 0:00,,
857,Washburn University,5/14/2021 0:00,,
858,Washington,6/9/2022,,
859,Washington and Jefferson College,5/4/2022,,
860,Wayne State University (Michigan),9/17/2021 0:00,,
861,Weber State,6/28/2021 0:00,,
862,Weber State University,5/23/2022,,
863,West Alabama,5/4/2021 0:00,,
864,West Georgia,8/5/2021 0:00,,
865,West Liberty University,10/25/2021,,
866,West Texas A&M,5/21/2021 0:00,,
867,West Texas A&M University,9/24/2021 0:00,,
868,West Virginia State University,5/9/2022,,
869,West Virginia University,4/26/2022,,Sport not sponsored
870,West Virginia Wesleyan College,5/24/2021 0:00,,
871,Western Carolina,4/5/2022,,
872,Western Carolina University,5/17/2021 0:00,,
873,Western Illinois,6/18/2021 0:00,,
874,Western Illinois University,5/3/2022,,
875,Western Kentucky,6/3/2021 0:00,,
876,Western Kentucky University,6/2/2022,,
877,Western Michigan,5/17/2022,,
878,Western Michigan University,10/25/2021,,
879,Western New Mexico University,6/6/2022,,
880,Western Oregon University,5/26/2022,,
881,Western Washington University,5/3/2022,,
882,Wheeling University,5/5/2022,,
883,Wichita State,6/29/2021 0:00,,
884,Wichita State University,5/24/2022,,
885,Wilmington (Delaware),7/30/2021 0:00,,
886,Wilmington University (Delaware),6/1/2022,,
887,Wilson College,5/31/2022,,
888,Wingate University,5/14/2021 0:00,,
889,Winona State University,5/26/2022,,
890,Winston-Salem State University,8/8/2022,,
891,Winthrop,6/12/2021 0:00,,
892,Winthrop University,5/31/2022,,
893,Wisconsin,5/11/2022,,
894,Wisconsin-Green Bay,5/11/2021 0:00,,
895,Withdrawn,7/5/2022,,
896,Wofford,6/1/2022,,not in db
897,Yale University,1/21/2022,,
898,Young Harris,5/10/2022,,
899,Young Harris College,5/10/2022,,
900,Youngstown State,6/16/2021 0:00,,
901,Youngstown State University,5/13/2022,,
